column_1,column_2,column_3,column_4,column_5,column_6,column_7,column_8,column_9,column_10
64.293120816076,56.66674537501646,49.10448217723773,85.54675291161054,90.64151326404392,65.63638108010069,93.43052686364734,83.14417798338482,77.87805493770657,9.221847567885455
86.11302430447813,65.41683119919323,9.141654911451768,5.016884349868866,91.84516719271222,39.04784405261067,2.0626632013764357,13.309826882941088,80.87815461396943,94.28887960564042
48.642583502607174,30.774951660782023,15.978556211357041,88.19624278318685,56.13903731543727,35.071671749216584,1.1116782334373632,79.18466928681599,82.32364392110732,45.85152058676055
13.445704076706445,12.642622715502805,38.30383504182618,85.2069837828557,48.20831988871461,43.15954105976695,77.02792521767134,43.2978766057497,55.06137077446087,99.26254734858617
28.940513070441266,76.08075414310771,15.554009150048731,50.63662535617891,4.486746306259981,74.3076134782676,64.63930515080781,2.3338682830647106,17.712059569910487,53.95946537350288
66.24299734213518,85.0780382630682,96.3687165956651,49.02028542056283,56.195414250986865,50.14407471415529,29.297972050443267,6.008835274328462,14.823275223614175,75.7488172082303
61.312197374155986,25.700623222243223,94.67897767251591,36.18073680354902,40.937908177023075,81.4059674448342,49.43967027742624,67.79079397348445,57.398442037511245,0.7071016338003999
53.10031297429625,40.709195615801974,33.61096462206038,99.41737916817344,77.2806407408656,74.52184771961558,4.193566559886874,37.20124411459699,36.65143536856764,49.666681996016514
68.29644186886871,49.85692169635553,63.97477120376796,11.116933275384122,40.38835668860878,2.0478461124399328,19.244560536124077,86.81155732234804,55.80482412457673,73.74534716181152
63.739085037329936,53.33268427529364,53.37533205937861,59.0215235628607,68.35808333247098,63.02381571061616,42.44963745271675,73.42731338758665,49.84778442378648,78.2827019958449
88.13248894649517,65.94901710876519,81.55869805157685,68.1681590112417,10.14081462375308,43.65711233085911,83.40444162214823,2.1680011666961763,60.21980796975485,15.804858260159804
58.60163774782966,4.1603233355321345,62.74456098169422,93.43300082169445,13.295227076596694,45.662898915114155,47.96671828600848,68.6888311836002,3.2111790736565338,41.89709503827787
77.86013587005564,72.1477082734017,0.0252454490562104,78.02034968567615,13.971019064915835,81.83730538698947,58.63625045259787,19.235247273235622,3.283668063012335,41.907195811933875
24.870715596646786,6.197100697941027,76.31743856097388,64.38472028115469,4.552549979974351,54.760798608467674,87.37537919937805,42.25825687039121,72.15951708485088,10.364080849905587
67.8182584589068,46.82885676728679,74.68481212961181,11.681231681212267,54.13288592698038,88.56218234589471,30.881891358884527,62.47352021229627,19.312724382271984,44.304550769146665
90.21941183826758,82.76711355691941,50.972270556648105,37.37335168314674,79.39677260436359,71.28055923916904,70.06993211020558,87.27178412956928,65.21984621920564,80.70929586960054
38.57323278998332,45.12153132783963,90.29189732330538,13.884164254798526,61.04112036936661,55.28400087640528,86.16672586782533,45.60978883919392,54.65759107914545,30.0180737618987
77.91041873386466,14.908974876824777,90.84462056904016,88.12127324655137,57.495488555285625,75.45379761511037,20.261570069617672,80.84904541911344,98.17944714046234,43.25745218938831
72.47893011954353,98.50338450059597,52.39116767043972,74.9621155563643,68.06239284027365,3.83490509254073,35.64781651478325,78.29656628006329,83.54058788830623,96.09586850621426
5.952619687182247,88.92854620742632,60.79882311965377,75.75367867972292,33.96453230720148,2.7083654828207737,97.98101738893551,41.45385128512583,41.313452133134945,3.1708075891562215
58.15083096240723,77.1313633225014,99.65220719246723,65.22565177735441,36.19540716482289,8.334932692085207,98.3218564796211,50.09801634329028,61.6412820093165,59.152176789535574
13.018934920080238,41.15116028992104,29.88202348114175,50.70435369367097,31.427009822092256,43.756532514714266,22.32299302939379,70.04850100498132,11.728945722547202,74.34360917776291
96.73191722305911,18.38457268892978,32.461724231147734,14.99710594634972,71.21089328535756,23.545014562694313,6.644583889262812,3.1148434646939727,38.6386042962381,76.08824340311784
81.14075027006562,94.14111814185013,18.277390266349634,32.96948867050518,16.16403356707743,98.42612944157845,27.092161131005287,89.0811413799246,73.38877410898743,71.59380248840444
10.97238012471201,53.2351126517139,89.5866939157868,13.691579247689056,1.302528031292438,54.22901390113669,39.77319573036873,76.98161594376934,62.26715841286536,72.64514434684364
12.175199764767841,85.23554603874851,74.44883899492663,72.49131428523432,59.61964467224924,66.24157460811585,44.10056009311637,24.94158814023304,48.44713243773578,5.901266567304986
59.4473854912619,34.20950057594258,10.56428488702419,16.022877602200502,94.23813647342054,27.882013624669668,61.880630733042366,98.11799531889756,17.65291040526691,53.413661913633284
34.48891741731833,33.52883170794706,98.17673511979656,70.21135501716856,60.940791699630466,32.17969085876088,89.95027601315464,17.939035258961876,80.31459261575446,78.2969071657256
3.490585907310928,98.55404806740391,73.09617081611161,69.22553895959047,78.29216529408951,33.54619141411559,33.034801190716244,91.40866737044018,27.31666044115769,9.406504903732959
54.16415078330531,52.183304849484976,85.05221096049745,45.93044789912889,67.27907094660301,69.87357051503005,84.99845354992085,32.447345832311115,82.04790816619095,1.2049922386867862
38.78450996858469,14.06954238607463,4.8150789173200925,13.52286541180523,49.743665352301626,47.37062076893085,9.34789209266269,76.31467101641358,61.16090627949935,81.45618315996582
10.107649237174265,21.96746779947074,50.49609189421677,31.48008261340367,71.8392401783846,51.768365253007445,4.187469897321472,45.63765932479451,37.273142794878744,71.22943875664892
80.19203922559826,48.194427939272074,69.85982867270393,32.00931090755515,82.41041238552218,59.20029821593453,50.40451831234613,73.64673874500022,4.06052219599915,41.22064169144426
91.5076765278806,4.247091048841134,54.29465845718413,70.03851331432934,22.473164417169798,76.8811656238217,5.9662223330604895,15.578304793936626,23.241884434437686,94.0396432574172
75.659393401413,46.25339853783005,66.66474656992774,11.374301941372433,33.61304804831455,9.036974851247814,39.24898012342302,26.950645838648278,88.9070925488164,76.65980946514712
82.24223100162773,41.894084208012764,81.78740635904725,82.90686462160907,22.372573250328387,77.68739122188217,89.67781168692343,9.985782447202563,81.79743438957175,96.78609416065774
21.649056726611736,77.93362653194869,37.43370629601962,76.1007290185914,45.2172955590441,56.32350688751798,24.148303620747335,86.51439814378031,57.48533129340979,92.93152595474673
26.3572950918601,35.49419644892418,84.86686756187098,18.63069181742739,88.50645509166675,66.90954448552571,70.59757751249032,29.62929877694993,46.63224639621269,48.12936029793071
20.852754029918774,98.25487615395994,16.291610476529073,71.91643817788894,34.52071008353323,32.7551764840762,30.23653923900669,69.44762294166634,64.71426793301092,75.4708978643566
76.5063431365564,18.076991930090315,27.088605502637474,66.85131814678218,37.44668891305534,40.93868368164492,4.49200552421356,82.02211977415281,46.624812784330146,66.9191388807639
94.79170789344971,59.09866849681349,4.334561992732578,74.81208001109263,86.03672346719318,23.116581965392026,55.66905814103094,90.14182363793459,64.43048407191402,81.14452100924915
71.68372067339025,8.969929700825464,36.44268113352511,18.892855544869448,51.53743307446752,97.92999974174053,83.48534905367518,10.629711531171782,30.74040996601579,78.7688402250992
88.1466764879556,73.3863983993982,37.99095448241203,15.759032215646862,53.54489996474344,49.700297251031664,40.94684483426194,89.30149335126126,83.84972179114752,15.323197003322676
63.869909488317255,99.47536880619715,80.52705972072509,23.64839859227542,86.08012033322129,99.60769157965979,61.729382645808705,19.725277773071948,70.19178934652666,23.373553180854636
38.765990055879904,81.91386377516322,65.3130670289656,36.58717031489756,49.052673702547324,48.978597806126636,90.00235976577258,73.69020115909616,32.99756284276918,26.573157717756736
42.57616149303052,55.57035407203013,43.672255815566665,79.36649810358011,68.15575346293953,21.975126438406733,78.96945127369878,72.88490193646112,83.06661148234411,81.84985592170105
7.532143216740483,48.474135739969206,65.21139786237482,73.792393747885,8.564466587406072,50.745239673685674,19.387639939281932,0.8503141740954234,48.73425308531789,81.07417039291889
3.145719524602608,83.50299612668469,5.278335051569116,92.54515922785332,17.86317131268853,3.95955717990778,73.33839593650058,22.062390831025425,17.46388647374615,49.53353469394421
69.54756041890774,93.59740847107243,18.027153601837608,5.862955909861545,40.43762007162456,90.47698014219513,50.189302516015196,49.19085146648673,7.771246200352666,58.08322592519212
43.84288920111806,98.9206525798093,62.6947855241755,1.1556281014185599,49.483906781987486,81.85502511944411,74.59668078860847,42.00347066632821,69.96057476372204,82.69221529683999
55.22150680546295,39.65392275644841,64.13668192253023,69.91388297007991,96.57337012362295,72.58205206942847,49.45155505222182,91.85734798846096,86.51208042080107,31.259360067774324
55.76612476224163,99.09174747945123,77.41346587074271,27.928749579416568,97.065163304779,60.982671544246,12.795816410830286,35.974086950252314,80.74419885945436,5.01787769163633
27.73758133333014,15.59262521738315,40.29997590536022,33.40788955338175,85.11970874787616,57.983423367036316,56.990944668923916,93.69837148359623,65.56510302221518,48.25964382791672
47.58925108294907,25.35497759319092,72.25540966161562,54.68020259145122,31.559883528557453,99.67282140794629,49.21339923973399,45.942931839253106,14.137505560476804,91.37171438486718
47.07602216677023,8.90161247338962,68.39803325601895,10.24131231267985,96.40282908324397,27.799743401993794,51.792173364144176,96.43528966401658,9.404407597665355,79.0468260960073
38.8427221227857,27.173851648448167,96.33933783698491,64.26944165480496,68.93408646762126,77.96843653655779,87.89024536458703,73.73548100248611,34.50296230117254,36.661730310848576
82.06753834010705,76.79375516180112,21.513022642467917,32.51474462311502,39.29401278174004,58.14047702136575,89.48370467062514,82.93345916321559,85.49108903987688,6.477136048283672
45.11640036875959,85.29243581784498,55.16795637526395,63.271512430099165,70.16749169847664,97.58805437588852,45.353710676571836,10.4876888349001,96.17362703066642,63.691950538251
60.36445245059878,77.88926451025718,60.17644421104693,83.40069130733858,1.652272978652658,82.78031832982523,45.57320412800884,58.61414332423678,24.136085484707127,83.44907958705201
89.55201203808261,63.10657781676963,99.86478849342207,17.111133333742966,14.615468227421358,99.85251129895927,51.5186958872616,14.270035982935081,76.209567058172,66.49485664546386
86.62336228589224,51.39665125226456,20.11841421666517,93.08730929145203,82.96857115563677,58.83249944624463,51.9589278334257,29.762100205097408,57.38692169072057,42.50746647630197
89.04222037791652,70.87042892136465,52.32180199672922,53.068814106244375,64.55736368731712,20.454395754493504,95.03871441791127,62.35654061672681,3.180736707794274,12.335361317907134
27.000499646501396,39.08335492672218,34.618530771363886,92.29277651739683,36.419470129188404,50.36870356947338,64.94004673774934,72.62257046938907,54.29163499329398,91.07742441373549
3.498248830806283,84.13083514997018,52.58929685789998,20.773008220177815,50.06666402227188,71.11111340505745,27.745699488794394,3.9183782011250834,80.59404029893552,27.595832575338296
26.10667998953292,67.71900939767855,23.212860210310595,60.456266460423755,90.5142149645767,77.4360386181588,53.15367969539899,53.09437310723647,27.612278334402653,22.428703649295933
27.870734562070865,69.78046984944085,4.761237842748811,40.38871173236047,63.15781094790866,0.05099890159435683,62.72235829079828,56.53139862898864,89.73616239704609,81.59766656096541
90.93603267249681,53.59359931290712,57.25654538976889,77.42221911560132,39.81492839343302,50.5027088502294,63.97717210139645,7.882799711020116,23.62604068746369,98.1219938723857
64.92427328379706,88.52289842111726,33.58543158608322,60.590894321329635,12.0326657397535,23.523457997064657,58.525422623818265,50.06880342007636,7.647313264405431,66.01602587447604
8.170395960222876,25.201473367905248,18.194140174843366,49.45154569583185,29.3746801625561,87.49118332547884,17.773615462153735,71.38422800498265,15.993930943956403,62.48104890245506
13.537859601110114,38.11476533610507,32.393556607803376,91.29854064310086,97.83402327965834,15.290544405022855,3.359318907950748,5.322728487553096,83.70028687209184,31.943086922106257
15.567612554197542,77.7642569677689,4.928020144774492,37.711706417168024,43.73630628517775,66.64562495748334,33.78430523668544,76.0267776323962,41.73059190395283,2.041345068512934
63.04217481689231,49.27488961293377,95.04422340901033,21.99802048981815,47.183946384486084,26.606219032492483,42.752215456025354,57.642650490413686,79.69455636216577,19.179786582270964
73.54140255070031,88.92140134241909,58.114791497326046,60.81011868520917,49.85980323970154,35.654214321427226,6.18042395760866,83.32272082717908,53.12330609895951,58.44304365565719
85.96439105653961,34.63993197628523,81.47686813470249,62.40284371728138,88.41040229482111,94.05592607568448,81.49673380198462,21.806257285406993,48.055912479443144,15.131646181604552
94.06365508062432,36.93301688196448,42.31181975477304,43.90946215718754,60.39282843853099,24.044812540807946,34.407743751027375,83.32736842131185,80.69131514924653,88.38358069313271
20.17045573864418,88.87357893866253,90.33146675661857,48.66100436893823,69.36770364519221,9.500276182293065,91.36327461785046,9.456097526746799,42.34876117123759,18.81446878528852
30.977248472404906,46.43703201820411,48.33182215522533,95.95534142999,38.9413542549104,6.928490144422583,15.441010784226517,40.38296964446714,80.20327310663683,52.210445301190155
24.032288074483066,51.61245842024867,57.39453222006694,73.26856913968012,2.908761858897435,50.461511009946214,5.693495693731343,19.94847915246485,10.066216496344559,51.20132457687949
35.87615674661377,33.27637153356794,49.179398006265686,11.0601751482577,93.09729142428444,64.17114822842879,48.231610438632174,87.60208322908741,63.631081553925654,60.39456301296505
91.46651074237494,27.66699421790819,73.32782958676516,21.213007087061097,94.91276809164064,32.72936435708872,18.912933682570664,70.49198163017738,70.25870565519847,32.7434069718039
57.511256693936154,65.5948710838392,56.665607760206235,97.5576634435559,94.91530533480511,69.02597417930808,93.73992755778612,2.5361777160728183,89.90973961417427,87.35342010653153
73.81918973244991,11.984066154120388,27.159892358039773,72.64655537935313,94.36870866467166,6.103371857323781,1.0303398453738954,0.9523355613956119,22.432391871619494,44.43015359750696
49.011923612678196,87.92726411829092,14.55395313226463,91.50451261446531,81.5241941069561,85.73346449228768,41.2619675059035,29.124925448166973,60.42198800928516,70.01535787365741
2.885791333612453,77.92031367651079,60.612438888297774,30.386146398872206,68.45960501163269,81.65672097392378,92.67477713451683,14.328311428056539,43.3256563689223,63.59108609667031
6.419548599781432,19.07482637058028,48.91799615470362,74.18668600865924,84.45099182672855,98.54962713920857,38.44182067297683,63.03044775601958,38.277165554402906,11.715608311970326
53.792303126788575,69.40199458245654,9.597569669611294,71.40027085235114,60.05462390010362,93.65049809018454,9.310928060046075,66.37969338825597,10.671355521195746,62.263935270261136
71.87890348200257,60.263292128563485,39.56174657932684,29.46899854393751,13.436961389202363,35.61971639189281,30.28949428617871,94.19509036613675,13.423333059494224,55.0702677981096
21.53305275287315,18.45350507366441,51.47764220004536,55.08163254507053,39.1218165041421,39.92753840155772,49.801039383443346,95.20399245458408,83.69884614476463,89.86040632559059
72.1909573992304,27.320350605023247,82.689323382559,62.741511127029526,97.12949119729375,74.59648474782595,18.515168734333308,65.88967054113456,74.9753432325562,88.08766364849033
81.06657734835125,40.89865037338344,7.610105583336235,48.1131810827465,35.113781359565635,13.40827719549832,46.65617051432619,0.5675112852708719,38.23411302911005,15.095478741164637
41.18974783621112,69.92427352454739,34.84953482460029,82.71787066580127,86.78279137313694,31.401471024483484,83.63431957858374,35.89979165696143,82.84865813896309,8.168514558660767
74.6419232844105,63.872340881700595,82.26561227103853,83.28690417979895,9.321147077486957,11.854093697564828,87.2617970196613,51.31415132472662,8.076618482357844,29.459221921086876
40.40299503284599,53.223484767669795,64.84239317715787,85.06005483015568,33.41838423754696,45.48864490728314,4.926073471073211,49.91797565084659,62.47739170331686,98.66128566843088
67.835062945502,76.84105431140343,28.995832180378677,80.34235690981629,35.09533247273796,55.200427988531764,16.09033580525735,60.334062950222666,86.81760527142883,2.1573776406316747
76.3997049319543,75.79377396061659,84.53351220226423,48.80834771971446,5.160254310898016,21.11604699627524,27.529013576680416,96.05514828047605,83.88642310312494,67.28922395728767
99.19266183081108,61.78591540622559,49.329358056269236,38.14382981490072,11.909433018675497,2.6631686914105,59.48658508876018,88.51926919551538,37.27827599418598,60.85137338409772
34.53966620635961,78.69900833848253,49.83518913104605,83.13762837143706,19.3165211121771,71.93558317505232,36.09947587924671,10.890803345048827,74.52338530569891,64.65782804578168
41.104078057461145,33.42633747792092,97.65873392003843,49.02014585562669,83.7815590810113,2.000516442616851,84.40409134460755,26.598039139339324,42.746814551987754,21.828588977074148
16.562005941017134,88.12495283226056,94.71165032363784,24.637139862798186,6.340198993980639,97.34026089283562,71.66718682829377,83.31094174196363,84.01381643899494,22.671734579984992
20.40730584018069,61.49100858019408,35.85326833698439,50.73435323222163,29.87009013443872,22.160725674239544,10.045602311350821,82.4306908819207,53.0761950155023,43.06420821738246
69.33950025983778,82.23635138124305,14.05791286630823,14.184982191924211,1.0175002589267512,66.3900092116291,62.45575025120912,27.537072412167095,76.48570491050411,9.585780706695635
91.7045590154476,54.627910479028394,32.5666732278094,69.16294905987989,69.56277454030247,43.475172623998915,11.301262534697843,73.05880306861195,7.8571582291671715,7.46132090189402
39.460495166124055,21.843824498868038,3.048326031138804,33.59212816239064,62.03030900433798,5.96738603371072,25.50356696364601,67.20373787178573,59.00259716088628,8.83594534860972
17.984444683554123,54.24101286783086,2.0767886710391203,26.06587984474543,64.49822620531418,47.218360663446745,17.787063353422806,47.35239649699615,55.02841774693387,57.29791713062578
28.509949938299407,37.11116637765881,39.55221362514192,95.65087462347451,37.43827847146187,51.676063429679964,17.306194920070496,20.145495267902934,60.997672173516015,39.77418568978938
45.50517048081386,69.74990360370946,94.10198226972342,77.68809957583076,20.826782126756903,85.46832080928685,61.639552477685925,88.86431808940863,69.56416079155902,29.36167806572736
29.065032936536838,47.579379173473576,87.13573412322077,78.70695027239316,72.03202132860334,73.23490696478979,56.36049225541615,67.78511843068348,91.8108970034142,31.581937965130557
23.357908312186627,83.61128049276877,51.1442833917623,62.372196927918345,81.11178727406951,7.9302474753386365,17.602815278772688,16.89929248783747,78.56820817760311,20.728330584907372
73.59844887570796,67.80725123219167,56.52263811708307,83.91728105102972,13.860149809820177,20.916268343226506,99.01728054184318,70.48023448408608,21.96379914349047,41.15053353219349
0.7844921240623193,68.4544433031324,0.5933496746056477,75.91624811633812,48.682942793742136,31.18876842149477,42.18367323682938,74.143371957698,82.5896269292096,20.305806919996737
53.92305273364831,21.715533349106497,21.55011558337655,59.87737041336165,24.87156819788625,11.640768646481947,9.706932815493662,88.68802851210407,12.207967761509565,69.80460422993325
79.37668070297539,98.42497664912904,2.4774126934383744,96.11244018517174,16.810686120613372,45.68990709144906,12.056901695511513,22.283925524193492,62.21985856750696,12.393251265393612
26.62282863174682,84.16752092714887,75.45395326953876,19.159494968442303,73.43253134949991,98.43091908625355,58.38937137265947,98.87541054134066,88.27538082459432,94.82420845808464
60.329151061201735,78.90048845606947,14.564579602649774,94.33797189947511,53.8096935472837,51.46127912377616,97.90694033834728,15.339342252692123,10.112205421490394,8.981894012728219
66.89001056186179,33.02152251600275,86.90471024768169,40.143816199886494,21.618533237866778,74.18821683231694,57.195110161919786,60.068889185958305,84.96926533102605,94.3460714279876
65.50246964050899,53.56316528472319,64.33243136757882,52.839898340148665,31.000001121154508,68.29377976993462,94.90414766166371,65.71765052734784,79.86207342302455,83.32949715204066
44.58496341987177,13.710318807432865,22.941867651571336,12.273931954430894,96.66536713277424,84.9911435092138,44.413285075802676,41.895289526586055,50.377543383907074,68.07121206133803
34.65779878757792,53.847597666270595,15.772031708324974,54.01074389217909,84.86795647085566,21.572349046560944,43.5841103652012,47.503770877038654,30.889760229540407,91.23016555654836
83.59240730278134,14.588924648328728,62.762470092305314,61.12067518581934,87.99467428731283,75.38262616930282,50.000735931588224,89.09100967221374,40.543822807154385,13.921879351737687
75.84459569998643,55.30378439896012,90.08369802823235,99.7701541808524,46.0012097080708,88.13552403057496,69.74254581555553,64.52742296654618,96.86581357002117,17.63147741869153
32.12551734139125,64.87218801549056,71.83602189143816,97.51924110715265,62.3807263920875,17.150982298024275,36.76159664513327,49.70009582346863,20.169755615184638,25.21525920588158
10.301919444220609,39.01959672499024,34.85466516033776,96.63972918742873,37.67677402044116,34.680221978800375,86.3886032678957,12.834956243352469,57.960428782989524,24.48115267658909
7.180754544546919,49.854487833129326,58.73835952686471,34.83880601020574,7.771197568889054,97.01017643315615,2.9281384768146235,0.7337625223134636,8.324074787868385,31.084827092716015
9.427597789893605,87.56533876745858,31.076169537242137,99.12664987450435,40.10693106567825,78.07878459797925,43.97641950284423,12.496861815183347,21.78930641891722,57.563089827309334
58.28693611920428,10.856314470280937,99.91495667786589,45.54781515951108,59.39807532071447,28.259083253753236,51.099184997991784,95.61845674765054,76.33163880745207,2.8172611305104622
5.166217582898969,79.17328929996529,74.88391884618511,85.18362587619005,28.71442707681314,56.3941769644487,60.70322382630962,76.40867829913307,30.25990403605272,38.22725950399758
33.69268749640384,17.075455099619642,61.438163975675366,21.6319969018972,84.79505747274158,40.43261228494788,27.607191236586324,96.71163275102478,98.57660705627346,24.638512789259646
75.31997019142294,3.670798280462839,42.32591427658292,50.583317965660235,15.110015917459862,48.99651763271299,42.74799709858353,3.570870970817186,50.081704309384,60.6629848052722
29.43481665153781,18.557460274504777,61.81522902595573,96.60120961276054,36.71290894369199,35.51661913907085,48.45377502140566,68.02204038586393,51.653932530774284,98.51693310515356
76.33080771801298,76.50431899704897,34.16160624673348,94.70313969234276,12.490390532420292,27.93310185303406,68.69099786832132,4.429352640341799,3.6314739335735258,51.76546121833726
74.54670382070553,40.512607333686,2.8864839458030755,68.37348778214267,40.48321339852253,67.47630413914187,77.3544184735814,78.20564688688232,95.6526749577266,42.56852391184338
24.582713263321633,87.2520516846182,39.508852235663284,79.78143225530599,3.966130497427045,77.85418150861176,73.78273273437873,38.095017273519424,17.423344088441794,36.82435451451161
72.88221800927455,52.47075411822658,93.0480819579867,17.64266966024014,27.254939506164543,87.39571227473448,34.15830522895853,9.576536010649484,53.83405988104426,78.49492188798577
74.77766382721008,2.225035192633096,62.63010947738658,72.16585494841574,40.073525511368366,15.532996731818805,99.94505229919636,56.80466417875153,39.56746099587316,7.198093165072694
39.745392566702684,71.67136096019267,8.39557030709016,61.80508083353723,47.816536327669155,82.28555236452407,84.86653117871793,28.012019660138808,41.55847007446057,95.97705144601215
21.042048374151822,11.02329087212327,88.49936133950258,9.155173575124609,54.36963584751419,25.480082447706355,26.00233731449689,65.95739418718185,64.33001660361084,41.79178859880456
52.12708068918691,78.93796334619245,26.887484934151484,11.315900658967626,27.499112978991892,42.733638991005066,19.510580567282755,65.81747595137904,66.20886770924774,31.3700725825113
92.13975880001964,16.810254980518003,24.376949308272742,10.844361775126188,52.30413346148723,90.14436858492466,31.40212505833905,70.50074741207528,15.428861485809687,97.40681163997013
63.9616732432062,34.54463858055134,29.70909687803208,72.43569348298357,50.90046215620598,45.4503600982602,45.23448529996449,99.2465078777759,49.95866531218922,93.58788632432
17.29224976272612,76.12714296253603,57.720223612595746,14.171520824757245,31.617805087620845,19.70635340443162,85.07993783196139,38.66977099474054,79.04774491418569,64.1934139765721
68.275692473352,95.42313574764216,54.46880934339766,46.77322711144705,83.02003306564782,15.98686552371178,77.83622637945345,46.53154744851009,44.32864835522295,1.8507374850401326
42.720302728183455,37.143395064673236,49.141375462288174,35.698180587775774,54.56411265935651,47.29837666521338,85.1246123505876,80.46117010253408,16.58044708265801,74.85349762065718
59.1528797355373,82.94002201989358,71.7536863512627,55.050414077021784,33.226971874654495,76.26724239765541,27.19571149103285,57.83700230218854,31.32169431566907,33.55574000420013
73.4064035023108,19.079226547583872,31.6537731334959,70.64764872194029,94.73385120807765,99.72051439743012,59.34612224518362,3.7257210687799636,21.23795641050702,38.82802308542611
51.49473515144448,80.71797702024911,78.2064521572431,68.4722537221332,84.51124130711611,78.74086284309018,28.324906227737443,84.30785202598565,12.581746791483706,15.87421289773886
81.39839745733086,65.7494059256251,17.532167837859912,51.55199159143766,98.25878115518009,87.70119589428535,10.902316071949315,5.149868193804097,37.75811274353538,52.345808386489935
72.21555793166277,19.274350721236843,78.26207890770092,46.43348736103855,69.22338746454207,74.7832360934888,68.41977434746806,17.08201364917843,54.09362431980751,74.45525962037662
61.50733400185106,30.250396035141158,66.38101052502829,39.781559512225876,37.822290550604684,89.5435100756106,14.299755119543878,10.20799669741872,7.275152527663176,27.301111809306843
15.079281583235149,13.1770888597036,68.32083095475865,86.19099483043794,28.086066667901232,7.629354331391324,66.76977617064715,7.792713288112019,60.382337222818336,93.87329080433751
83.59491109115683,38.29670110643133,48.155339712726,33.085180487264495,66.3317843674481,92.99315989816455,64.79643049054091,2.5684875304710197,99.30244401696075,19.473685600295433
93.5905585319816,20.36486411232774,66.70015326808647,25.936582116749484,98.08165824953036,39.64061537256561,81.0248444424017,5.502771397236739,96.41249320200836,6.626234059443337
13.696512380929482,64.39979536304735,7.97970465594574,74.33154936552712,62.67150801038488,92.16142232804447,13.95546045635644,44.243918917881,82.91734819991589,64.4363873349901
48.82411294334305,99.45051042205587,85.15511170493673,35.976346169672645,88.16149409898382,7.573283745947556,78.34801485088109,25.28522699826139,26.6341112802403,84.93187318800469
25.88887419705045,1.200916308426414,5.5547233487646,84.69985997572684,32.910343104776864,71.52429571211358,99.92765259462371,12.653688341881875,2.2407596479367298,95.31328593075122
75.45233074255646,54.091981328729865,14.874150987149747,32.788871863714476,40.69537824742556,73.56887486702045,85.10424485859022,65.8705542726526,83.3541702882851,76.71710105165188
72.16296360047,57.36665975490097,57.67897084972363,70.19448245745882,90.62752395893533,99.69108892977727,75.18120763276663,22.61119106342585,5.572023197871323,19.965001150607232
14.088512057039871,91.42087896808118,73.94114554566914,4.5109006285336095,75.68667019578189,76.88552706898138,66.21653546947076,1.8949155344809454,20.56280814707704,97.76611848037304
87.70272712616372,50.600533476693755,7.625156434625346,38.556288011032,98.14103203679058,38.257370581560664,42.17814846854294,41.84197837673277,54.445321544678436,91.94358760288426
18.097306397800228,54.37014196449175,92.07648141223198,34.32301749675515,77.4764209732242,55.724855161854535,73.05001678916022,31.04329919783051,17.837803914364358,16.316742276244746
79.72590256481075,47.16528013283886,97.36076488006987,81.66787392759234,44.85157072182317,36.655093816659026,72.41780351404532,31.860443134649273,83.37883312986419,55.87858269153244
45.69803596280049,26.890430456148138,60.595017300771104,96.70554032283101,53.106801982236306,19.601864530485813,63.149828268728825,44.52700281815615,77.71596962598291,55.551742593097885
32.82722935581512,5.602913324891368,48.12434553768365,46.08812766929614,90.05154924631367,24.850232750227352,79.62783782978285,66.89139272342777,75.57695057372497,44.25347781294708
15.823926267421351,40.86576822098361,74.13949722797497,82.4836277153758,55.164673609804794,22.201053427432093,44.87638884268347,61.6479120037994,81.61276158975765,98.42813302596888
16.76142561466294,5.259147124067853,32.835735232720545,69.96947009573651,25.53973741644452,54.88153301632129,12.125271213239063,93.72616097888755,21.970178026461205,5.96222371802212
66.18905547009003,55.04924694659178,49.32644341051065,96.73859876636932,43.56198127699494,90.61606345318933,55.90677276092374,51.77166663025214,72.88923761497493,62.720890844358465
55.043038794712054,30.729364324229312,91.61510268144013,81.11085143428247,51.63159888491179,91.27266260883977,26.504352871134262,47.25699097250722,35.52815025917647,20.53036226788101
12.208542165123271,53.36024015254278,95.56554252415336,7.747806596373053,9.671983355112957,5.47637775258255,38.44330974291502,21.341443521689698,66.68447595683995,52.733120473095966
11.26978604383252,13.429696439518668,92.7069116051185,71.32817223822362,74.37626742528903,7.989940095189352,1.7414903941226023,75.53812888481568,12.202172863117477,77.97407717875188
7.231057477279146,93.26299657393596,26.244806696384014,53.549971542237365,10.9353933354973,24.51190571723435,38.27905879178834,14.077577621428471,70.5586580064515,24.672680316854635
74.37673473735441,89.45212435499349,23.24690402167634,1.6436057932327164,40.49177133688057,25.50594524694749,80.88011061354547,49.11328898204841,97.21077279007795,39.33595464831485
71.18820852292892,18.99965092022845,29.766450592931427,25.131295872544367,80.46224415404045,9.48891752392511,54.272236693825484,42.13221983874445,4.360036531871625,95.07680742803991
5.843099085457515,34.34442832940099,44.131111238846024,92.1755245026893,46.757036161329694,38.84633411734405,0.9800526933971043,65.83008784044033,9.382890116708476,76.14807377203095
56.027007559697296,61.34927718519796,31.41674127919636,92.60613727867529,84.20155197185079,58.77253926912872,46.98438202398473,91.76214699566589,12.363676733801388,57.27231845118356
8.46761552426899,9.568620730590627,37.4212795739058,79.88504602006344,34.188132205611495,57.81622005994637,29.145164764540745,94.65955914982224,43.05639049413013,22.199738780671673
90.37457706089417,35.456782111615084,62.063695212075956,98.17796032779894,95.76362939984354,54.34296812585927,47.75506553971711,16.779926716315842,29.07801849330537,42.53054374775831
90.71174191801325,25.11122868190061,76.2525677093976,80.65452246242049,20.946843180523555,33.86719248874972,40.4692721447877,26.18172182671782,80.69201535406937,77.40613190499226
69.823298981313,91.55167287166967,73.5558198267917,1.0204187285245192,3.8264144989301307,70.64556853165807,93.19792195573815,81.16353199647067,47.37872392009616,82.05430781099761
92.618892143945,85.25106362892052,81.4423567079152,28.783434030151177,87.24265429904186,82.64839409810713,4.117729896301581,51.827976244919284,48.45373426885524,24.46061981423989
81.14530304136906,57.98327412668638,3.218440321540217,3.0624182237762865,75.22027159504083,34.62742664774085,68.35880112819322,45.303456835573186,71.70381013253537,66.20602104170192
82.85385759270494,52.03463368715742,4.773378967875608,9.410796873755945,23.198383706737282,8.553535929946198,85.10265963017414,71.06254523807058,36.196898253574574,9.500299212339991
56.97078505699332,93.07257945453972,78.93829606886294,21.884081695077604,98.47416071366739,29.633025109185652,95.92385846504754,60.19249526069718,35.32072474204635,2.321230745046443
30.60591982161759,93.24277829788153,53.307882232463186,50.355854632552244,50.228012926852784,13.736865457490277,17.76362265442959,97.07140544213347,75.69263876274805,54.86739234330212
21.779911511642158,96.93301253516604,57.81406737621203,84.75320034620178,95.10654401441634,46.735872722718085,53.13048019661939,58.3974652288267,78.00417458367647,22.43798542804287
32.72000220389292,12.537888410818764,5.2586860214377085,86.1966756157108,50.50287713869993,15.593515131607827,4.358957731721191,46.59738263472533,1.4398772532819515,7.891203124213286
62.8495430089062,16.05578107631702,25.53138011712709,61.620185855729645,47.1874586771291,46.28447576579773,49.91835244550885,54.281736207817566,14.379047584073302,72.98283128952299
17.265653583239892,67.67366986798866,63.83543048854777,92.8175939066235,44.9138537144465,22.100289232464775,12.545808954098192,80.85398166969733,21.309818114847978,49.7974588364645
25.864023663732162,54.14344766098449,85.91818901106761,50.00623265902081,33.48752761329502,73.8731105462403,83.78966746987135,61.267505678522085,35.16004687578763,79.62770109584505
46.80608627954644,1.8465904893235963,91.69833971814026,88.90360441332015,53.37014971765517,2.7568240835845637,11.387000260536484,64.70480913867178,29.144808343195304,66.39442396805569
23.305009852461556,6.197503598951936,50.04194958350817,45.40652563320121,45.25546619485679,55.47463038319256,51.32883603864953,97.1438880036592,66.85200483882765,72.980493991549
58.86436697160617,88.80803822588051,54.54742327381976,27.722500742188227,3.6746876623554137,16.94882749200567,52.10960689927538,61.839548442545734,82.81352338029582,30.73605812958998
92.31760284563299,86.88707955393863,83.3049631068991,91.64129181004277,26.043523342350248,0.09918644696270684,97.16504979316053,38.02852483345398,19.208698235602416,26.32758256832364
74.80893657031264,35.72709219960451,53.762460074735465,38.793507567886934,21.31228001055584,86.92000880648071,65.49806940388882,69.13260270127965,56.29800606019484,60.087489209526126
66.64266141489131,89.10506169305347,51.685852553731735,50.340410884446165,86.74356023210666,67.15277878140677,28.784029307680193,65.94593969773113,36.7816251081036,20.008214039808436
58.27214759837788,59.36750743979018,90.50840377609536,32.88606325306772,59.88699772268414,9.89428220505234,24.079930993813846,1.3847635506381906,50.577787504606185,81.54121156320211
48.79479092570649,80.59056470189019,78.993272105588,66.28376002907298,76.36831004497274,66.40723676838556,12.824820564506489,46.73292967858331,62.07578417833939,52.292016897423856
18.656385963465972,42.74310711602143,90.90725263612946,99.50312250060355,95.68260377492805,61.16473327375985,75.65147240490595,74.29036028823994,89.35998186820112,22.6989932347761
89.47104554268655,11.339832734490873,21.82470547811538,2.551354886476964,64.403927252641,47.335668704320334,69.07566561823386,49.9041457721129,19.22926678272807,62.516823232990845
24.853600201283633,43.372706264601625,52.43754866553567,89.98480060071014,98.26099914047444,41.9258098425614,60.98771273081059,77.96211359353894,8.700658705606035,94.50357350836177
9.130887757816076,45.729979799689794,84.24721285933579,0.3926056989265403,31.176405165212962,88.7069762915735,4.084044294998835,45.088369642761435,62.721191904535246,8.20947265907741
75.00151792286952,55.0944193840603,11.114782746710894,36.422788114621106,18.626718231289384,24.514801989745127,76.28288663942945,98.33215976372357,39.41308487726265,10.934520731350295
17.56155343311664,10.5582712904428,79.46621542939619,16.860680628951428,40.33098879929115,39.83100570133833,64.18875771484792,29.289158920388868,16.290269329298855,84.383914686334
37.189599954117604,99.14018630496115,18.297338341486945,75.73417806725513,47.079941493580804,32.91154128948273,96.38888681104883,9.212260814607355,11.70871673548447,10.959377456687358
2.8284928290979727,24.413682080690634,80.81187549853212,5.061084075717348,89.5361542852585,77.12010290366335,58.72021298768121,43.00118011540973,55.89097868740298,3.93753693529878
13.706794254044807,19.85524035370929,61.200093755686815,55.34849535843279,55.99404390366763,91.64653062325394,30.395190666170812,54.170902487391906,30.047059452819557,34.79305810464729
17.320363075991207,52.680291885593654,19.323599148486714,29.492613384531264,29.2180999418017,84.97816987402305,38.15205521893203,34.90937316824615,99.7426379585978,46.67058849215976
5.441012775017795,53.72081793948886,47.33541793328011,13.367024886470213,74.26342828675209,79.77039302997684,17.584070537823248,24.228116011795898,40.590081933071396,56.94444366906898
65.66569566228452,43.982073783324424,68.19051664607716,77.18182121026408,50.58319371390709,98.6789945570083,72.29141822013851,67.2058691385489,21.22866087651827,50.730023256424985
83.70077958031172,77.18921463252545,63.38529008835424,21.74168342552567,16.213194527517018,69.71445504103852,70.77216600217253,37.71250998562521,62.88490451172778,91.31845626581135
37.3315406365941,51.66544007286027,42.72471962317044,22.36752120549389,57.681978759125215,75.10537912135338,20.065001547767626,63.13685291006369,24.42548896905069,76.86681003916374
87.45764767182007,60.969545514498414,89.9366528920927,27.5076785137923,91.1394536807284,98.2802539705019,15.84893231822786,77.90714485987759,49.40860432311611,98.38102558617108
21.33465745601265,72.37463854077856,51.92634144878443,58.67667638280274,84.26226174758202,0.6990785399174082,7.70049332021946,76.10026277600237,48.257618372100744,47.64554232253223
32.53904235612395,2.5025101563866614,50.58672985286884,65.96659316907483,58.68099726353311,63.404837643636505,91.19757436817586,37.53093106356913,45.35576297157372,8.432960983917893
15.07369930311684,57.06441825450448,6.225058994145427,1.7602523701344963,37.70831738849881,73.89715319532895,23.306983369485113,56.78982289501747,79.60856962695749,95.55306429428747
62.05591954189986,88.41944712283693,92.2120389797637,24.18696361137903,8.697875106421115,91.7827053757195,34.41635267518039,44.96582244427424,21.66130014661839,0.41131615890973583
41.986959087030684,1.7388742925433909,17.7116568678373,43.09708425052828,46.964892333162375,88.38443041843428,28.050450837749064,87.08052527096602,90.430730507047,77.60960138390483
61.32833468418987,40.51821038009611,52.83446934365542,33.197695216123314,75.20794375295792,84.19606812337943,41.36246026107911,87.87584797999992,79.13405032135343,3.128203077167946
76.16749053941835,92.622745020583,80.35676014003101,88.41706585108861,36.02737197330106,94.57912719417038,71.40487993824833,34.37415828880368,33.312236424332376,76.12141906516385
54.570301603294844,35.31544022825378,21.545327695564332,78.77087308864188,23.54468255516644,53.73791879137075,87.05956337262845,9.173744787873073,18.06025062801385,93.79389398480542
62.76303549017879,45.872882420024084,52.73732899708411,62.58902155388275,93.13797192709534,0.6920095584826758,18.259874952854016,16.758248332401948,27.95350245067413,38.926029733104684
93.52503143943329,98.15413930443128,24.068490922334085,33.80424159970398,82.15557004579924,1.1054398697009526,68.64123437411651,36.700174213088374,33.26362469090783,24.096485121971767
29.90643096088431,19.93238589505738,75.96949977999118,70.06723448461598,63.82756194201447,54.46390556178581,35.25621422424852,56.42499547629907,55.69331688070467,22.627915251183083
35.916393863395314,6.525518912500594,56.43411678731507,84.36380128457944,13.678334392051939,43.527223886394125,98.05271682972928,65.67870109644292,4.6368168813650135,49.171764415020334
71.77033617093369,85.94225908613043,85.59758603951435,59.48303773589867,14.490884040617303,45.12450533654485,29.891915928407688,33.13710462860002,91.43591298520532,17.088703575679155
61.13055170553867,86.84653412123686,89.45580028773828,78.44614668933791,10.321959145577896,40.0404737210037,0.7192956007859963,66.74991196239858,9.867485666111097,67.2923630659712
17.853290453971482,47.20778346800132,64.87334824453981,74.91049613997478,61.62966668927432,91.77258090912358,51.563997401984516,93.7739983673756,27.927339410003484,36.83523574883749
37.614731001049016,51.42071744772863,72.53912461589445,57.17373111603222,11.5562796473336,35.917035116978994,15.073108427593773,65.20141271689505,10.928743795296658,32.310949240325904
46.783801312471496,83.58063696178361,54.92200998868637,31.218321682151096,84.2627198862633,85.62269417630833,4.44944268183991,15.856522944435126,25.667282652566016,46.128557625645705
41.93898379683893,73.8559498115795,38.44287330673829,74.57821580012718,99.29650018193222,90.28647937916409,69.82692319477086,57.96689129776276,83.76738186088085,54.258750243975186
17.827480832204078,26.514900221701065,64.81179230208346,20.679636635760644,36.63481847086653,49.950176999895476,73.22592825084566,54.18955167669828,61.51758113832423,14.19302622587958
92.44300917842622,1.6893355071518457,90.82886234873288,77.94883464715338,45.36698469670974,44.69380373650883,46.069901311650256,87.07001108984207,22.732322508948066,70.77633637968434
76.23187616939758,47.97001625335457,41.668038043143795,80.4546692142533,71.16671769856787,76.10206042154468,67.68855167565772,35.030305521297436,87.17585297993377,88.29470999053261
48.13558321078523,85.89123260956414,31.441002637379533,82.2144879570373,93.71530063257659,70.79715076398824,53.82394482471339,42.294561005667994,80.07120592184847,27.798691620118177
68.00610283068366,89.58346766901622,38.84369385525741,47.29159709784576,89.40937735563851,32.853511659620594,62.980110772193164,59.865905548649366,75.36492823215806,18.03909018294848
89.72826721355219,95.62261970761539,43.53976302115996,19.248076777042165,5.759182874984859,10.254812592464656,59.67039731879612,52.44253117420254,84.76326983857129,76.05054237190636
13.61741423615712,87.95632376127813,7.356102897771621,9.972360006606873,16.9071802556765,26.485240018248035,66.58227640555924,71.90165924051742,61.96496815183151,18.354172376564946
25.03730507069777,58.004355529809835,49.84418404349944,74.33612504879243,75.45971985577923,13.102850581229896,19.963064867317126,4.038899091249581,50.14373602112323,4.125516036295663
54.2701247256645,44.46055992361009,49.43142480500596,88.62613845298132,68.88931080324473,29.473227577669135,26.87066200367002,56.351601920695984,37.39350261713894,61.92432203827789
79.90103713523587,77.48498465340991,58.84438276405232,65.08383588369067,13.321859404012326,26.182156558079907,43.9963149507692,12.167189300387527,22.37640204076984,23.975141630535024
3.625489544152738,73.98216343655965,36.28200304713315,14.41600603883696,50.20645820015677,63.77114238867135,44.61280094191864,31.520899251972136,55.741165764689484,17.181040892855968
98.40181501963605,53.814343008145435,61.31075959555897,93.4896448517574,78.08146310852956,95.44960284547797,77.44117115869042,66.16268615323904,88.94923457140884,98.16027417145062
45.49066028823972,8.732737255846912,87.8216310274203,98.91020145393196,21.878068226269363,68.57437323304836,36.739365922953205,15.74142005921777,59.3981788992325,29.186498339972765
35.9231140621723,92.60813467869188,95.54709904951643,43.33786099349219,87.12876357346663,92.66494080645697,16.25051560591824,30.884183550462886,91.96068617206367,90.34432902155358
29.272443783977188,45.56025375016621,58.36122161410496,59.48252892737712,5.297177482036797,78.41322586084434,25.146597049107587,70.3006482835312,35.69173695931636,17.82187658886043
17.435670765087163,36.33337819162643,4.2590953970313095,77.72285200016577,78.21950850680739,72.78776220711732,21.47335023842284,65.08052425268339,69.51379725274977,81.89771320624352
79.15739089300278,62.95673951687717,96.92359972671089,73.63897900500447,61.58188997898703,41.406194021334144,73.1660019256022,9.103966920973805,64.86654724626412,50.2018873048482
95.54141647460965,67.3837961166977,70.58620608962562,96.77871919334493,31.519934665434914,32.47945028633686,47.03396146259821,57.72684934923239,67.04338440627419,7.859476911599527
41.36447548453982,21.068791703030143,33.59636485536521,11.48830910787889,72.09325483419113,84.62773724729192,70.86306979709835,14.725446191863945,64.50420122407927,73.36052936435723
95.24206947534563,83.69388448099562,14.715770096372339,58.07248661428057,78.23657951511596,90.53932329290053,41.621968075762695,25.22713787144927,22.165467493711677,89.207337173478
82.37976154350342,28.993709366237784,14.341861223627495,69.19314196730922,93.38989713039693,45.1882493650932,88.97356025039052,45.92112786357787,14.359089828314897,16.301699033552154
48.10511274763183,18.66839259143167,16.774440613960273,89.00984241876701,36.77746721542636,0.9063098186644414,98.35203077227345,10.934682329818912,97.86282562320586,72.55902423361754
67.40261791261327,40.63998528544974,4.5572521613820305,87.41096277181506,68.6016735979955,79.25310589064705,66.98425087026116,99.36469679185667,4.52951288425012,44.505251907312385
43.4984179170463,73.05600808974653,90.21541886529116,97.799979356129,60.26162769346909,28.506884047229164,86.38125572362189,16.536956105400115,46.77364870282703,75.38704532567183
55.87234082125524,96.54581784398034,54.076823282733635,51.207845393767904,52.52060694570885,0.9887865016920738,50.79332671720627,78.13126284286044,42.50803171418619,71.39279481853058
5.804633701850381,80.92812643714332,69.99594127138373,83.07608668132266,89.04164741550379,80.4988558976122,93.46208403539079,82.9838845023225,36.001895821507624,2.6600230463005414
69.62634753005331,94.03483776701917,82.81085092683075,42.72817081273277,0.31673141384003234,51.74141888168982,83.1586485672828,99.44639698960015,78.19838535767096,17.872103596715515
5.282464448413671,14.06058040765268,79.15410063332003,42.231387785603225,28.211160610359766,68.52107463384691,99.17785717660391,42.86532178522684,74.5350288312516,47.10272429322744
81.70849469196494,7.117679886367679,88.26056237288415,25.334836447285902,53.827723954483005,91.46898211444775,62.309373532778054,87.40945201393401,90.52249235299404,93.35941719120802
82.49469294605575,55.77047619066712,96.72546225249519,81.82372870192299,17.829326163655235,54.11738301381054,77.92067402682285,95.7539439016851,39.54875261869222,34.20734567548015
23.70772875562146,29.029748304403434,43.90706147419395,98.58151058135157,90.78665337327583,50.31940725789658,54.28681399782135,17.289414489466715,56.41795279294597,62.88734702801819
32.36627810358003,82.80549729692729,95.03354666683906,25.63417283472579,64.75951176130154,29.06621213482635,25.912010427142285,47.94360890595326,89.23070473421207,1.2083745514428812
48.13103785582933,67.19878714023261,72.32899483428163,5.6131588021072325,47.78829946319899,30.519383443995263,35.47551711297577,6.001081885608772,99.38480628553845,71.11269215469441
59.66629069324815,97.07281639857945,7.066819030807848,81.55424374190073,81.47017590666546,79.65420660296458,89.40054147313161,62.07240120242016,96.9294362365355,60.30682627528046
28.735366174199672,25.47923557313042,68.17831212123454,62.02300525347562,45.088619146510375,44.9029245585937,5.594794659862057,58.14061568565664,71.78438712687341,71.53947466157659
59.2486404631925,48.578411435523236,68.67166596048486,95.96988005510045,55.865301193000946,16.35262086081204,59.147988607440816,20.412628466319717,14.32275578101796,90.4660613024945
29.778707322929886,50.124047742535325,90.58605637925271,25.223921907695225,0.27509955539209985,9.45287640004956,37.24840325041087,79.79027588941261,2.3186011793026595,14.649893311781003
5.549072107106068,23.91767948573762,37.293213247009206,7.1027658001281075,36.570053019507355,47.292011686177936,38.669253800555566,3.7268722763539874,82.52183564029419,26.158959600806707
0.25275498319089484,59.00933994880078,58.49115002718178,49.24422608665016,13.879047235096975,46.49550236177304,88.45712064137673,80.62273241275571,84.09420244918255,99.5780892168142
10.11510579184286,44.32859860792395,1.2187551011742515,8.546602296514749,68.9688680662291,65.3458278205396,85.38223745462265,2.664529116386738,74.63609082634696,15.628395850962695
79.22507001640182,44.67215559898736,33.2075242181336,26.179000110270746,47.90269589757338,47.10674777451407,59.88423755724687,65.68288121363503,27.99234859992201,72.06270065260263
96.14313123833371,36.27366479724836,6.224372615878093,12.597786081916828,30.17575572502308,14.347570413421472,27.291884740433392,7.8769513914901275,63.981785959852665,72.50759105109019
42.696619928121926,1.692935242553506,52.187297276489694,22.41321796600787,46.78323393717424,50.78028847985136,47.545634616202406,25.122551931232294,31.624844181527422,68.29937462355694
51.268395344994275,52.2095236914789,81.74476505069532,10.614465282139186,20.962988795134617,90.67894038860251,40.8293393789216,72.19133493118358,45.06482461009247,22.744058931457765
14.684816907342613,33.524783570033115,20.644269212906895,95.39059994272854,92.50866324861406,15.944141162021241,35.36180292024953,28.04047996253868,38.24350849805105,21.513406321387073
55.1031352680157,0.13198689843296751,52.74410455577785,27.85627134497355,5.3972632550913,68.9754640977749,10.278557855729641,51.117384871773474,91.36400867900556,66.6341068034788
14.465490200697683,30.794370766193204,20.400863651076705,44.389758599256545,86.54170352961204,59.385926496552656,54.311388671532036,91.52482695201144,23.415733074387557,18.625018445921604
61.12143311988301,27.8628333089757,12.068846784624043,89.86118076342223,51.135878873335095,74.85857267118027,30.183129787448358,4.963435403657835,57.76109045737502,66.15633317405374
93.32586675808538,39.34481532236358,51.09967919343424,67.73215879614743,61.894649613881725,15.060027342759275,66.08079429275284,81.10797937356735,36.098152903385916,49.25282820253181
19.56985393030396,13.185198964339694,7.914862094972763,61.80374805617743,30.26056209087038,94.16053369059945,31.920393582553075,6.527199856848953,66.30711119142258,38.662886764938406
76.4563718057102,50.768382463508445,58.735463113798936,70.55631903608372,96.66976167943213,62.09664277671586,43.11634931348017,12.679484433667664,56.456314117747496,30.023234937794573
2.3502422818324042,69.244035251813,3.133746067672627,82.88222571053818,28.185095851948983,84.70711376911369,5.236037419440754,11.931910388921086,92.39776813659405,94.75769333231166
37.5497241321621,63.018556905457245,10.671497186837552,87.7669267851761,58.88779971403043,24.66067636802356,99.25380699054777,99.41022832107261,10.161215170121318,50.80936577427876
11.074850783050906,80.37549475691907,54.99974854873578,64.26396706650264,99.34167051071289,73.94128893979615,50.76103832751758,18.01863193315334,22.06408397567634,56.1251962510962
35.24754415956994,45.200828798708116,59.14074128989139,89.00072746940577,88.10943963834458,78.10307043339189,2.4237594164172815,89.67618462562682,76.63479638310558,94.92560846867855
17.353691963888352,51.90917303397282,2.898693009375808,53.539752742547684,53.632982528610604,39.743527238707564,54.12306587611441,99.09321629465542,36.87868398948434,65.38773180971337
37.33049901228874,81.04019408589834,57.33767880015584,27.72908562684234,99.03745229672121,38.395345288342206,87.03539993056498,38.3784770412298,16.578378622872393,95.78529277568275
41.75228061075303,42.77011708192385,83.8502525323637,88.00767088838444,70.13698617326146,65.77962650257493,77.25521342662026,63.10485435286854,50.33212592453877,10.636674052269846
30.05911227809184,70.1599349899597,72.2316177293954,54.147282741308715,20.870041614180934,9.340768176021596,70.0906684129454,77.90912537636126,65.21420616113862,84.66396317724039
65.66219494731291,43.46023687179918,13.118510392079862,90.61375875672343,40.55962104358064,73.5624150217509,13.94646545990349,39.264508183620826,4.482671415349859,33.541462802309084
91.88520512589096,41.773619451156264,59.24746475636149,4.016781395058122,33.4493334011551,4.288675983941093,65.77370789874723,16.181414049780727,29.16218893674447,81.04875250703412
40.059537410527234,76.02056245291602,67.22525000742135,39.75157515412355,34.40137082711892,19.0590301120826,76.62983780122603,43.37627437925612,80.94225376960429,85.56366241949786
19.234315647502143,17.483691546621117,3.7231201752291776,94.78050183624683,76.04564393598663,66.41437572413672,57.24190639654966,77.18876450029445,52.02445666101943,27.14878861425558
27.072275819598335,33.858597194157355,85.53476686836227,24.965009275830276,58.42629272727936,9.832366709196382,89.27490045203515,78.07627627484031,3.537921517331999,40.88306165154789
85.4000823496369,22.417227674690178,90.62673972898303,94.15362460384927,3.809271158952854,97.184209147679,27.69897817848854,23.053879217091332,28.195100527470085,72.6014354314904
57.16397232701479,35.91099429675971,85.04522733622586,95.390246112925,87.74484836509761,86.83962094619007,24.214469973925056,17.496563989074655,63.91406559794214,9.905563089697067
45.501103230695726,23.0374822366024,82.46314679891132,88.2142314225861,29.679614048016457,62.63023324067365,86.9569744942646,92.05607021003497,19.935946957802475,75.553353433934
14.96367215089267,57.940563108665465,74.49651984608933,56.36680450932987,99.70748769131437,81.90574556693498,62.53982429914524,4.3999030558310555,82.73914062194143,11.047292605474402
44.9727308323782,79.81708026178453,63.34320312819601,64.69394490806386,95.41907303347857,88.75800485895678,0.1447220520999326,73.47384757650869,67.65759070836643,91.4455732268058
27.849200335738665,78.66130612179019,67.86270049882519,86.96169984498692,94.05307166819652,25.947564957181847,35.31314085110525,4.642138544675401,47.13790609477931,27.633929329635343
94.31631278533492,36.450096454879244,80.6395293334983,77.58970823891845,81.11276040639737,84.94115879493195,85.78559858146745,83.79000508609879,91.5623781066785,57.55993468673558
88.40701094157313,98.87604058942617,66.24984583613046,63.00938494554116,22.06133316835426,19.47937836376018,2.731951164174329,90.5414813336102,39.18007709246617,11.71535000762728
8.3902541828198,59.385436470580075,32.7726956682071,98.22594078707027,53.2632744028782,41.334226414881535,0.3247928261508881,29.7419124229099,23.507341056408528,26.94931546624787
51.66534892612429,39.94003017782948,37.59611021613539,68.56766363336942,22.43026268249746,55.82596312485993,28.125929052512976,7.393564351669757,66.14029925267009,40.395504348710546
22.505834551467206,83.55392792414254,89.70574683722921,97.54819924477611,25.967545558894923,71.38909630740325,91.40000370092778,48.06845363474286,57.32951874701485,48.70488766830143
41.07770895242906,72.98740126426408,1.7122085797161901,5.738847460709073,61.095176943627735,3.014131772252804,90.14775814700164,29.84630367454768,33.52479009312251,0.006749764657443258
87.68479982514565,74.92753368241044,69.8820581244282,13.896037074221246,4.083354535306338,29.050941277818897,51.876194580150795,41.713614281037906,34.366456132397715,88.86557623804684
52.751451988854484,19.61393497338716,95.47775524252154,45.14588460004906,96.94585668207077,60.85190982103903,55.32368711396226,66.49854534886802,39.82103086341018,0.7674809558877116
33.42152933707598,46.832430736855514,70.62281699579736,38.487946088431514,91.86731725779644,35.736867914911876,33.20080113171888,20.982603594871698,29.11385674793693,77.3684562994425
20.788835410499708,86.18281308246027,99.3911988231782,78.27348413570277,38.076757215771984,77.50250556294934,24.373666202780985,35.695156951408634,71.02414063609224,47.05789123563709
80.03248594064893,50.403800762875726,68.75449055283308,16.061402646920374,51.54224480069131,65.16521611507162,81.52218542121183,78.25624902926737,65.13584050512054,52.388002490137644
62.451801536434715,68.34527434210503,3.4363029216861074,97.60951791114886,46.6119419267759,23.44014537237358,10.629486049964143,64.37619499528216,44.07776525463927,20.826547933454087
46.80654604262312,58.793373303426456,82.70098816469236,31.5065875260914,88.21997786174698,14.592897959233309,48.73543708786357,32.62754911512387,39.78546757792372,60.73683503457041
21.748435386297803,84.23567877183821,28.46299119393191,42.892370774015944,68.8601876316111,62.90469935870504,63.439725949708446,66.43016002599286,36.50512693597051,53.72319091694522
33.424637415713136,28.45608397616026,44.60572256644409,27.474503244002292,27.811124742435645,45.04673277047577,10.368029037102922,76.53129228919666,28.346832139225352,16.423640662029538
95.98434267385186,57.547527788636486,31.20919159070821,57.93636173265473,44.68412544652969,16.89570411013186,51.960709547234615,59.248558095278746,8.569666315705938,23.811900134921913
52.00899376058344,12.323466800980398,26.855410620967945,5.862870042258395,42.89659756867638,32.63742053183773,57.75212879124432,23.94968325010085,26.820468552250055,6.690362901245717
40.069928124325294,69.02107766994678,43.14057036697854,14.967750557044878,95.93351682839186,30.30467483185866,74.24960605073649,0.024529051199306817,32.120134869306504,6.628357208945268
52.14220423483239,73.1967838352712,37.87514484406738,74.57977034187242,17.531091051463964,10.81319723393751,23.483604914753286,80.28491069882814,54.76840062653433,1.3775785952426567
77.89885058996087,4.283732118899842,63.33385818425894,18.650058340480392,8.957633729442904,54.690901926522805,29.33275032907583,82.26335553161644,77.37885090780497,22.047432548308375
34.010893650286874,67.57909636279851,81.31512009875107,23.551445155666283,88.06188321616902,76.36486339125541,56.95211466330334,69.7604501394362,39.57021448340316,67.96612273970557
17.870612093260885,41.469015416578635,29.708865318724076,79.29822357248378,89.66859895058708,57.5466888852987,98.31264099816141,7.658093136761379,94.47569058520918,31.621538814235628
58.49361183390478,12.409687610968234,21.372115282201744,9.33011783572536,87.17390879121648,82.62913649373523,21.749318282011444,58.522228750804615,82.73499634411624,34.27342698673767
66.52041034810672,41.99075476984676,66.68952708703422,43.74738227708409,51.09769156255564,12.756854721543132,98.5903827123464,82.10206712716072,98.48018478837452,13.19053932554447
71.27180029585496,19.42329296955817,67.03200658307816,2.3063386997226987,65.97444282694605,43.56118578222239,71.43425330544812,38.96683201081657,87.62030410414818,57.54706676564199
88.19875907661296,41.55595321233165,90.11312392861718,34.680739931790384,56.336304756098386,60.94151036580991,82.60820696300232,19.80007342202541,61.67259493093792,34.214364154673724
37.11741206891131,38.433902795852774,1.5945686453310848,69.89814026107545,6.944782605440092,67.60015609419074,8.964126823633922,58.762729724147064,59.84792878167189,67.63168034302147
7.53548962288918,73.83916369360574,85.30406621165099,9.01032797172283,59.58348969007224,69.5786306423427,30.042018743063224,82.63066273008779,12.952612675421705,74.14594688425534
95.83485836309423,77.42155581663587,52.100217294835694,88.83346267787601,1.3614147256100884,72.89654270978811,5.773627965098105,4.886995870706556,72.23992488915677,58.46928752483821
43.50119274374752,60.702865438454666,62.130208917209885,90.9499042940716,32.49874095570861,65.14298121960167,37.15469950031752,59.69512171607357,60.02068575926713,27.606953681203628
62.325750967313134,2.268684218244754,9.137144056141477,10.49903751251351,93.22925758731671,9.422808894086765,98.12896599200519,64.3173795339342,50.69321033959847,50.86077993372543
66.63053231282923,93.1022279070994,43.261493287204566,99.07324363757766,30.404526963580757,69.53056776022964,10.527306220633847,60.236703934827965,69.32868725572887,25.193080468230335
54.65137087012035,68.62332800964477,22.73024072385238,29.75295533954889,93.98266426442478,72.47826567743876,56.237278237119945,65.00336842370486,44.40478428379937,90.29128353539181
20.52575297362701,3.4195449921188836,25.422503008250906,8.410167113160604,25.013395714924425,99.34799343336272,0.6070622813812321,63.13753076041545,52.385966240828616,76.63857500825573
75.51430501161414,81.88328992141179,50.40951146760274,0.5067114497262271,31.456224046153245,69.3362436701126,71.26828160440627,13.040388498034904,39.835230480325635,49.300590600556625
80.37519743040816,20.026615471799612,81.24559504031123,40.852289576386255,62.840749643855354,68.6830395751549,19.719269237204106,23.493677694891534,71.73708933706898,96.54571431781466
55.29755860174398,57.92211895711068,74.37809301448561,62.98099857061177,76.16269727892949,51.4813290181972,12.958453712476292,61.89940052890102,87.66109705478881,54.67554467301879
48.856116058484155,46.663436995018714,59.09999590859538,33.217924990331326,50.13877680048841,86.7922908585114,33.701781216078764,1.7693161136770774,84.08449391326026,32.853547695694814
11.393818312798532,41.98387823550767,53.9418192753467,83.67173654746227,88.21156871941554,99.68347619611583,77.10442979389815,63.474451872324444,78.60252720494688,9.546730079404709
8.395166149978383,88.97137201243976,42.73060432344899,71.660627556505,4.024042161061924,77.9044870197432,10.66130863112108,66.5386623785032,1.3787704544550916,54.37456448134136
33.956484556352876,43.73612915626147,97.27099735613864,35.016153196803266,92.21948386343706,61.25003778578084,22.983899579869536,23.917475986165847,91.18804638774594,86.04166115813456
31.084615551739326,7.534411757315073,56.01925542342333,73.43096666086046,19.6307799895408,7.8954826931568185,0.8464421617309537,59.81328297531397,27.487572072339393,86.67187281564487
95.36564509632713,94.66387272149525,25.396639831222213,94.04877369692498,88.42387450846559,72.67391317296276,96.8414862695618,53.40900607237645,88.7973942963376,60.45670666827484
78.36227424434298,92.05352312396275,23.009079204003957,9.309599854301709,40.08631794863805,70.85615685819504,59.214559998886386,26.06915481531138,19.69681030893765,39.34383632342128
65.99242952590599,68.44326895815988,61.13530307751418,30.610396015761687,83.27570558710377,77.55681478094317,71.98996363846994,46.297401187475465,43.96457514247373,65.02963080906798
51.7648089017605,46.789252813202495,52.28275273109288,46.33259391166933,67.16655498036951,12.455538839948932,65.13831711560145,90.96245294121815,74.93987943269137,76.21403545590395
16.736753072665135,9.285947294352127,0.7697802954712785,49.79901277547686,17.59416324782621,65.37325001261435,14.436455886967437,42.660278045988285,64.02789452771725,41.16247843941262
97.84566721842839,79.07481185774762,83.00653721957794,54.21956448860736,91.80475698814485,29.57239049516747,59.49399389939941,62.98441768795017,41.59219380294299,47.62541692149254
37.504069824021,7.547791442402896,70.41223542324346,30.062690653864856,24.551739048845967,76.02712434028336,13.141559514126211,3.5350821040694203,67.86238567402783,68.0616307377943
10.692560244724481,6.860098489514566,66.18292896781035,66.72596459823491,24.41401186949991,24.037395403146622,40.12364539631279,7.780011332209879,54.89495100466395,87.66526061027464
49.37988957157461,53.73838424393681,6.878065769765895,64.50845035298298,81.41788966373805,68.39786768204107,56.8963135925293,8.130807330331846,27.573630663553228,79.1010378142275
87.39980116130832,16.012824018464023,36.20558501724914,57.782150627161386,10.587325557252104,29.49929469839797,55.88811141021559,77.82407636264455,64.63294454971398,2.2391369320348686
88.72910017773295,0.7730267340348984,93.53822607327862,11.376172171087662,22.203590637046034,0.8994292817431138,11.907342598274095,35.02568948034527,20.424708634452337,12.437234378458783
1.0965916056447256,42.31134309957862,86.25892413413638,47.69678910959445,50.36775734210623,63.33579119730955,3.443596964652218,22.761168836581337,69.39882842591655,85.27781802855218
88.62957447513998,13.721723161006594,28.554293786953345,35.622688748937556,83.04770286866243,11.326908315892236,79.82343138738138,74.73245684517227,0.31108776232428026,83.38228280450336
27.14842174998585,16.051541528069123,15.705888409913872,49.10384698381226,14.74839747372675,65.9291472788214,72.59224369960053,16.996006255617445,54.87725137617697,38.88067831487092
3.8972363968423074,7.691063873533466,44.90879571685771,92.1866435515026,54.766823451234636,92.56094483569375,8.181890456473806,24.649252507028063,40.1067627556141,58.42779223576656
84.77902703628743,20.509375372360992,35.58303786676609,48.05313431584083,71.12405918029395,96.92459342110902,12.741551880155344,43.093144327002086,30.31037738019473,90.58449824286463
86.38667559882083,71.54841797743894,68.22263767059911,1.3980791839511841,86.05952247159513,23.592308732761257,89.25837763896203,33.143806901461325,51.57079672346375,91.15586810070964
59.623107984235006,80.89273072177915,96.64348100843196,43.88367380841309,93.55655602022196,80.92532276506549,76.91289016217799,58.53922110366443,64.5311632535888,78.30928457608908
57.44337572963584,45.25336440293006,36.300144998256144,82.06481800493822,78.46399144689325,35.35532768724403,99.61602962166741,33.78406190748476,96.53122662134649,20.958893835967896
81.31202726214194,50.655381588141765,6.2224172652242,78.00609232181682,65.28283982220019,90.04570727479823,25.39874492050217,39.29516358588919,83.30644898880976,73.02828073539449
78.63095527102799,3.2655034594202603,89.76140083423853,51.3390073528181,43.36200853127659,78.74895686293738,48.78029888688149,86.2886608249486,71.71498830838108,10.109843234705663
89.0105473442704,6.931626137131685,3.7949730239870805,24.97690128593153,11.211015418841964,7.392171664576363,23.64595760623557,88.45314396280024,47.89669116791464,89.3938459454569
55.27474475967035,25.756772564951692,95.2765897153333,46.50886629145451,70.97371925255213,40.71369938772773,62.28001384773098,82.77111908134074,39.21441196643543,14.914880357871452
96.76470927328087,54.38984207131475,66.45794280090398,56.37022194181917,99.27373044754869,33.731782600967406,11.541423909131797,86.48309327046326,3.2529654585997214,66.23486401114509
99.61468309333384,73.9551148734993,94.16892084419491,99.98714382741338,73.67605947320999,78.51810207232771,12.72431727430331,56.9728669339117,35.90969030590482,61.02432742523487
11.65446099986326,60.500306133803306,19.965968664897826,64.41780901693774,1.671109373772628,41.02857106531591,7.188789140512264,64.6233214751384,84.83771386726166,77.68996558795831
84.9543759554122,39.21278549867883,4.069979525380763,69.42649300626135,49.625997804183875,68.45883976530838,69.35860822641669,55.71731665549405,38.402458197628995,55.15775023584555
49.982225774858904,11.832407300313818,48.82099782764918,49.1454143568052,61.464663248290385,60.243525559044045,49.40725774332068,78.558808405292,46.158499906214644,5.956657537573218
38.75663382998321,78.07732348871895,45.06234145701252,35.448955078252986,68.96742011028431,97.56387190976338,61.773121635463,55.100048576144424,27.183442402490478,70.58462540441491
61.3072309882715,36.37860515990571,33.14922732548828,81.29529836472061,71.97258356007086,93.77849568016148,87.93010465893589,11.107696455078052,27.413275881336673,38.315455883526795
5.596555726200703,73.60540144827897,95.76564743886975,49.493232433923616,55.8108441216524,42.76995147387187,74.03284847553586,80.95801204568599,6.187176089174839,32.02850012191099
50.64611187670799,51.297884191434186,82.25837321614323,99.4690129964525,22.33603327342403,72.35782116411494,46.172291816669095,76.05851706775364,61.38039256198008,99.16735495337348
87.08905700266666,73.86620535618252,66.15820213755933,45.71205742680441,94.22006614765466,82.94600939812217,98.43559883942264,82.03005952826253,44.806940304534635,59.039976595972774
21.34615161389688,90.72895614525719,16.285829163782772,6.800028364757738,69.66664676636618,89.88857538621453,45.62561011419732,19.042946338976186,60.59608074907946,71.07190732694113
42.63898947694251,92.1029516053802,73.43234082185248,68.25781370900827,23.684003686940947,6.813426377648368,11.24506732335332,27.161705271496707,54.688690002885274,52.632613693564835
93.94808877148755,53.51067800006034,72.70124546997239,4.664145092581107,32.23218322702729,30.20787992734968,99.2654747252716,29.575169726353,79.88445872971748,76.99726459516528
42.85638378056973,51.150836476563875,42.506817361600746,25.05015968847033,92.19276706303697,32.02300409685218,2.28207300148473,50.808053618567364,75.10119123114727,75.20727354999752
35.836763233239836,26.567846550283726,92.47859097140136,35.373825277990335,88.74851867073357,43.44459512198786,54.988355948775215,13.387708416345978,77.14538531378794,65.71461156801604
44.05366481233782,93.57998315292913,16.697788222901046,73.94835856213277,40.51464383580896,16.9264750715419,30.909548869970926,38.538175327486734,49.92390069416756,99.77430614437768
51.945276651755634,45.79191671996209,26.73375624116643,49.423592640761285,3.830722199145098,49.62058799500081,50.355215101698484,18.21581610790296,35.38813513539305,45.97935340831377
63.199134413146886,12.759123928737715,6.322433925063365,2.864593131025661,4.849736889393819,66.32143272984561,55.87129525945216,26.476271303273645,93.34365905329528,70.6192348298155
80.06928009167311,43.270491462654995,79.54509581775875,61.68498512759222,28.391829091838904,49.73639202167177,24.00958962784876,70.63876345584274,5.426977371655395,79.77779628049181
45.210220576431425,12.705325023800395,62.17593860953973,41.143623742666236,62.91222193389995,66.57930951976158,55.685875573726186,85.48111563172812,15.262130785023032,37.603470959454434
81.74809350901403,50.25316842570751,31.494030568124952,92.18345099671072,58.41946353345618,6.644163181790031,75.60611120055376,2.2905866597183855,41.95990921766397,45.71750275536186
53.372066135208065,56.12755148562122,16.38136635943154,49.95623111402354,63.38277869439427,87.59873317074103,26.650983724399836,56.58969633550004,61.39576525680111,96.91672663905854
33.84805103679776,33.775576149358535,4.0147770028740375,70.89751459393389,71.72829719321066,93.90691921010685,38.34261333139071,3.605976206226713,0.8200374806721644,3.229101712660809
65.79508281194141,7.165061423148467,16.674556862593658,21.886849232954685,1.9032253592738413,61.79074241186486,26.82426931640579,8.524924501155029,71.93228193111419,33.529565396091435
71.77222547434914,94.3503535633239,45.32846463376582,76.09735645316532,10.508559517244286,88.1390998636897,82.05597309882025,70.50840346141091,55.872654278991476,48.62129623386699
55.80489756294875,77.33531134834296,24.717696901060616,72.09553104836723,35.94834518272126,13.144601664821243,72.49822592095967,73.56081065021166,48.47027586769252,0.14649930691902346
5.661497313472341,83.8881080505121,25.89821774319667,90.40817085413082,15.485999752158175,79.74489200763102,87.11964372184073,81.39806731727988,42.34950388278682,89.91271010066117
16.98828751608249,36.68683942862294,87.55763666677143,3.3821641719199214,7.5320042544554155,11.914819347259398,17.004989290165927,47.424151177030495,51.94870317406245,28.624440021215868
28.52977208902282,76.08310300194505,51.513767346110065,44.75006976174512,64.09643959973319,40.80102314975367,7.357963815975155,85.98074820161882,16.17857344817476,25.770483210944427
28.26256059514931,48.53728951691942,72.92519731284146,67.91554027396302,81.5336477491099,32.3818534558275,11.938350385867336,16.683829164162432,10.871173927698251,82.03261953537418
67.34208002468705,20.108348840604595,3.571094902814309,9.516390008021503,75.26266574342824,58.559182522045425,16.101833282423637,24.971641363500265,28.96374787518384,27.798322850247537
1.8348661673632582,12.442337690721327,36.51633556780287,41.06040671489124,81.70397786091792,30.151453523953354,53.30826606748024,13.450214760197133,70.95047919853246,65.76225939020223
75.56817770495199,34.505086932205685,47.91693473954418,94.21466030661954,66.58565440578772,63.73136296671327,97.09120703627649,79.75372605818765,58.828788383549636,82.15031439019592
26.534247480693317,13.755211147513968,18.64168552101847,43.59344908911282,73.53453218142022,36.738728915195786,35.723541661678205,22.86751183866189,48.01230176190126,79.24768477103724
31.00218462161024,99.82689762040687,12.019154144553868,98.54047834806315,27.177877420830132,86.07903810304644,95.85082693602051,15.551124275829565,57.152096589596034,78.1950737425929
52.79098279439243,4.918899023202206,87.03037784998425,5.6839061079819615,99.30080362841643,63.38838402196115,3.820079498917972,62.31106875880562,55.92580130393432,8.863756986523486
21.592560093895752,44.114359936907654,93.94316270997966,71.78297761408913,18.316565449388712,21.529829732144613,92.68722028146583,7.7082026360674405,30.704192548992538,7.984696757236421
88.44713135755275,45.20935223903842,7.880669804540741,58.10162362482695,21.44938743893825,33.6129422028087,18.11526073049712,4.4900277220172535,9.745594724472584,30.677003573738748
8.536877932656529,30.063192858167554,34.90187125424431,50.05396771321254,28.892183181584684,84.74208876266557,91.24749857193488,10.671764855245891,89.67823686630506,3.5947881196017772
44.43823623010649,57.135156570694534,95.82856281444737,97.08474014850094,97.53324301065788,38.64797499874585,5.622743011546117,0.024088398716759496,59.99112626239146,50.04297365192644
84.942226945489,14.997702415154468,8.31617331324649,12.965040049112863,98.82885893539061,53.57990655656452,94.82194474950326,69.69901542217924,69.77479996808516,39.47820662702183
61.58438944212358,78.39123805872336,64.36413728787262,89.59989516809134,79.48937497064975,64.89419359523328,20.079826431886083,56.223532171447864,46.39972243669551,55.70259125431492
29.232951584263343,33.24477182476383,97.22213709670055,69.12404111366102,62.905759855963375,34.780964958591674,30.27140600731607,20.98751090377239,75.64805799765625,29.878853866969045
42.07602077764607,59.13425897986417,97.82236685813746,25.89960732996327,52.00625751846134,29.39786307580683,49.09423441029581,23.300494797759587,58.44972639786672,48.575400299042705
70.66943803425147,71.56392360669594,47.122333090374326,90.16691456322934,97.06208456868457,47.52549026080286,38.07208812354752,81.09685984700397,5.380112209719023,33.47447658590538
97.32607433638994,88.90421176901611,16.27491077823806,42.92949178610132,69.56228028582476,21.488097209278912,66.752796926315,50.18201158603004,89.00970353936911,19.52080922233086
89.31387183794335,83.57874364522002,20.208431497743884,81.42273280730709,94.47301283260302,28.421058691906342,97.48077672500773,69.85283570817397,30.553614678788687,64.9366681137815
34.24328083823768,60.83090281035596,88.96013951243947,38.88365170474,31.65507994776239,6.2078484032036085,60.642649080494074,45.275545127491554,13.789077742133548,67.34359014991853
99.81978792878576,38.83931803838869,91.1683004329736,85.0930827433241,33.37747922695657,30.397027597100546,72.14854094365492,23.771802602079227,8.804100770431578,82.92316927497501
0.3504663531058272,50.3204670074964,60.78796438735547,63.66291184450487,85.47245941184356,32.07040933635693,8.80052503057015,97.04028006829068,72.04403138421108,87.47517831537249
2.762975580841509,76.87347933788026,76.61763994699113,14.104663358372715,14.985492058529438,96.18331662913197,62.78124290700053,56.56475633753975,70.39683668043598,70.44619043679154
82.38405151711939,87.7545542559473,73.99312514704081,64.96631634695275,94.59278612960757,58.97288254658801,45.384977704641315,13.09819037679124,70.01621248132707,68.7498086697512
19.946268683305203,10.378192817667188,66.1821597989107,19.13447627018726,50.747435466340754,78.73824254158056,88.57823579196284,40.60900421839067,91.5752772681566,5.66756653364725
6.076926839624086,38.48562624930535,82.72769548719391,41.19226278941627,92.64138785836977,4.537725278032245,38.821109964310196,32.93374119469007,34.89430219976515,10.977924145817152
23.714807323650223,77.61165984135006,68.54066230403211,17.029558425203373,33.67927887258131,10.653669360837192,67.94541440499191,21.408746858852133,56.11330563589232,81.25627103908734
42.61001539808602,43.1651762593961,53.400230574749926,2.2016115667118585,71.5958904139397,81.45369608625923,22.815372825907907,93.34399892402595,61.94955829943495,23.295126162363154
73.05662704334048,33.222776406628384,23.69563625881568,21.18865394499575,48.28751219726897,62.35495494176357,25.9372533524196,88.09199954597526,97.94818285664626,35.5565060217083
62.43355265512055,41.132269682326964,74.3888144118619,53.637202372412574,62.680363024547304,19.098203054020292,37.61224309222736,19.91471165201164,31.23461437185918,14.529735367587682
23.762121756042042,60.28447467863508,47.34378678382745,48.156096777734604,50.437249313915224,40.479540586173826,30.406353750650272,35.21478890555167,95.63311999039405,19.5151968574919
50.32704481005844,99.98051441338015,29.479168400750932,50.14970955360637,96.71156173713614,53.86724999816228,25.387883939007484,76.23153916708216,14.873433308238138,77.54172353702063
92.62141053985687,49.29924291045318,80.19462757417753,24.768687844660132,69.21053978139172,84.36098291374418,4.96687059008093,20.850604814021565,76.40014560278419,26.18596195155383
81.50077769837577,20.849447495426055,69.67136003530283,68.51612006141862,25.131896862631542,6.041199169449419,83.6746331752459,59.156486260424444,63.288590002041275,44.90349662641901
32.318978483179336,16.284657527909474,93.73395631247,70.42632868203458,90.96769219050846,59.67222893673624,6.4301530891284315,69.97939421248167,81.68960372719874,15.167137305923928
98.22645613556963,4.234974747641429,16.544164001887772,35.79678255596656,29.402973815510435,71.7035921586684,88.73655156029676,65.39723257107664,2.868557363984714,67.79299063160987
70.86204004351309,55.88172349183215,64.91892846364932,88.11700884741744,37.16050993008563,97.78918579104594,12.546538906806026,70.64086402755005,7.813104293905582,72.82697341334762
6.244935566678178,54.45720914888342,24.423946808817597,64.40232166355479,10.212369802021337,80.71600782921844,6.526173706265903,70.66995890287629,6.969577956914586,36.16923178987138
3.516071328863868,20.523392678030916,90.35829853016418,71.30392752586317,89.99665197961907,27.622731356527343,56.30047639806971,96.48059198489284,59.29594554972878,78.47466461227506
16.840794901002997,69.5329406452567,9.949941425661567,27.733991793893942,28.6112023227863,70.95791938782651,50.244179257472176,34.64988895203196,60.293606757553796,23.990665192212646
72.78558680501467,74.11070416296808,65.61618064448773,0.06116351555870425,25.891761793138237,76.3277884926977,49.12345688318851,87.85904243758395,90.61048893549763,69.1903862100156
18.37389258424279,25.909820538211125,79.10857215280299,86.53756121021095,92.02625979949539,72.97354999183952,57.45043275013978,2.180706251510678,46.76035145184449,72.9964581420454
51.148676920883354,34.409976402973655,35.49178403647072,82.24243845798085,80.55268624050333,82.014406795187,28.705660611915572,28.820296332328322,6.804905500496394,96.86573777887763
9.326012018083174,99.04716723472566,95.41380793838093,12.319188804283021,14.10789215193744,90.37299762136377,66.29492734296112,4.865578199913156,20.952940162251544,23.232166518671626
92.0886157830195,37.426446785073416,85.07306845860373,37.410513495630646,76.93245039036807,9.842986898934026,50.24022197071832,65.12039599558402,0.8073094817842907,9.371048004275274
34.396061358356754,76.08016717561019,29.46182996849034,66.13393083885826,91.30330980537907,10.476385768111884,33.47434669573253,10.079037073161956,77.6714525128405,26.30354222897866
90.81320565606308,45.272542662994,0.7541092715998676,65.21108572187282,7.851121821074392,79.6399988770646,82.6500666980728,84.57068636520462,81.55994368807745,12.286219658211905
94.48756419105443,79.3344827860976,29.665717611806087,86.03503348085565,82.5214994904573,25.237247652147087,72.77210963267102,64.65916837902597,99.7940416284136,16.969430849430967
0.6128647313680791,76.9023238782648,28.131047047074254,14.026816163542854,54.7420051873056,5.854142195007794,39.3610341944622,2.8815401053605694,41.21944490530943,33.41145118559744
46.4135187198732,66.77560251985356,88.9964607500909,42.99397477851188,66.91974493788007,40.12291809806058,84.76177852288728,71.4777365434623,1.9298375401592516,41.399074672200086
2.4656055706892888,85.47783462955792,96.71211782547475,9.722441792642478,49.28543389049369,81.98769118260782,92.02582501117742,86.2034947256961,23.47298814903722,90.37242257513796
90.86927663029059,93.92184948776851,7.043998597026036,38.959524843862816,69.78030849052786,12.656502381398038,53.68662670843625,66.11210076621494,58.77688676632958,19.56157715000211
51.84075447345759,57.998332045208386,47.12948285333167,1.5107445587704382,3.4097861666753215,67.18419718044674,21.495245015692078,3.0524215935032184,96.19429670527364,97.17589759212161
7.494401269849682,23.74689072227457,54.833199852979575,89.8273065110127,76.27067232232837,0.36158617715676966,91.57921565469869,85.79195484604065,10.35785514707943,81.01532098961717
11.027672827656687,39.8628961644075,9.29116613297033,52.70439968286811,3.334369785895841,10.973744721244994,18.947962009551723,73.2463912934035,12.15730201607428,88.1471389893441
38.3509024492739,75.83057135132933,37.74977091375226,84.98022608023537,45.529984774734345,35.085034576848685,4.8423226417269145,37.845131248398424,70.1758985278943,92.94439897402434
94.02341928728895,65.08834851238696,31.70824173929506,5.990470100336376,15.096499313029488,8.360228102441402,32.748700887313085,32.86302583155026,66.72070550215496,75.32411971411207
69.29091515680808,17.779833856524874,53.60563543270873,22.745811047292065,82.35742773513071,84.5901667437113,72.69663444610399,47.98201814074401,25.050635531183307,78.87798316170611
86.76188661891324,5.123954114642471,66.1190899731938,25.937999522118062,31.366090917566858,86.40705031454688,92.32740863535494,86.71017509378709,81.3144791014519,43.781829660561954
36.64566463399797,68.29615935420648,70.34851104965666,38.6691494638788,45.40935446043325,75.55707030995242,63.72856468144399,25.205935186955752,12.87787554774632,51.0450234676244
4.321369954999832,25.107902402934535,13.675502361338754,80.28663723975461,42.87507412983116,24.247963139561747,95.183854696666,10.096381124120112,92.57418447767598,93.24854267666342
97.43176372044141,49.96702437290534,81.29477019446215,38.655787373149266,77.25019656847066,52.32470752399798,9.237083927589662,86.46363729610499,20.10319303324214,37.825591155264945
1.7172990662369547,74.67467725125942,67.8542029790759,20.4653529646327,48.114435979597545,18.41885255233714,6.075372958802006,2.6289848880722944,8.1352372723005,4.194707306420719
94.7651653081089,56.266678065633315,88.90749167467196,6.499026033876842,78.8958335010346,28.12784500731108,60.41919507436641,91.09970222440646,33.95220864738546,76.2754385474773
36.86774238491447,8.330258311179639,44.93360594354341,7.949174835268746,7.350827680267525,51.60052921737911,96.61163224927549,30.574519430140068,18.784128853454497,57.31575117175184
1.009040502188152,18.55802367835554,89.38897627221915,76.00472059609774,19.15939679029951,73.50138084607978,50.2721308954724,50.82227016882677,52.69412250360329,81.48759623433116
68.91572317245083,21.932818403091915,86.57741223560754,44.4802991036633,55.153424964636066,9.465438039363915,5.151522593930514,13.229552475222805,68.68465373717261,7.555126661096212
98.05403040313541,25.78642536448449,43.84093323592696,72.61811220000153,94.7088324752695,29.669669762808613,22.121865607745615,90.22549693766852,49.09215784782912,62.12319904757898
96.56257228375925,56.54033919505043,38.114331529297864,68.22871217636975,7.475784672178031,92.66213485719223,24.479290641577066,74.98362233844047,66.06073318109776,24.7705887990758
16.093701120241843,50.39657798253935,93.28120149702568,13.536246176025779,4.308421615686431,42.912331778188815,33.785712913695,92.41555866080343,36.49205143999844,90.3268594494484
18.1247806066155,20.316003836420894,71.51647345384376,14.28879341922672,15.655067492785568,93.88696739093145,4.360338358621263,68.32290511181624,2.792259723863999,10.990993974174568
56.55389146196601,6.755484345568707,92.82453464380757,75.53420154341339,64.11531288601566,99.14005415521356,90.48927004979163,18.46937767423261,97.4064124225149,84.3069272725063
63.73048264283244,17.14322044747181,79.69747788958131,72.12682934854172,39.89929166702472,52.665982611141594,51.55639447214953,30.82670029862493,81.94135045399953,8.855425197191035
73.94179136658656,98.43813126186033,60.92974392914143,37.80307668743104,82.55523794176862,28.804400978485056,67.0930792954109,48.684857510347335,7.341882408462808,2.5097355496998097
18.10503604721475,46.854694979147226,11.585277700376452,7.742226333284008,7.1933151481365805,79.0776808572579,6.717283689500897,60.72582053602069,44.91763961563344,23.505943004192233
95.90070867644344,86.73455047021125,29.148067257909847,1.20980216984522,19.641408681470107,15.931073552501495,5.41154678036494,92.64594373362736,63.50190700718746,33.30445409266838
63.873925628923786,84.87524666688432,96.88424070983915,28.815694946174485,30.002640546489566,25.204685967207052,58.64677720405472,38.395146578913895,19.05942705726379,62.652877181187115
84.70469188705549,51.15195574628737,31.942209871420445,0.9222273587226937,62.67300866887852,78.48799094992822,88.7296010504208,70.30720219071459,57.79886113627715,13.17245973610538
54.00657152841718,70.66877084605436,9.325486978537079,23.00726211037034,68.51726903015472,43.36459247320299,52.8482000959547,96.10088489108219,53.364861811768705,43.732993359107496
41.427684758988256,19.275201041271227,70.75533559193198,41.95007402113385,12.420329396377383,20.153793698766677,87.78191725700715,15.2374063415453,20.82651885347048,20.426360210287374
97.7182906594996,68.83967049269083,73.40042545436842,12.141576531195419,94.38047089917396,65.11257449523245,81.09912730552394,86.27095887795481,14.121030927745327,85.53033215470633
58.212137081983606,27.23845792632895,28.545772028715078,10.427775783154624,34.104413519020916,73.27618613816828,7.585378579492074,42.07060703931986,75.89622896186374,4.496650795130497
86.68735827991789,83.20620967541508,29.767197934630374,89.64374357187366,71.31687630002831,12.507123945056907,20.19574743856899,73.24217759293367,32.25864461496337,35.59377266885211
95.329239636629,8.372413310890991,46.88929855087839,58.547002902288924,52.42077189476988,27.698025997493414,65.77106691553425,29.353833873708368,24.404053384224333,63.13740799691089
67.53546270086592,77.31386728852775,2.178894976225554,93.44556867627814,22.27581135471066,22.127675537223325,44.350138255004154,33.398421826600156,73.78783528059887,91.3088178051939
54.8938678518675,9.993690656861954,78.93230103611636,34.58261637856792,84.6228323115411,37.985462876245215,29.069981364692055,2.713322486806613,73.6068692022982,86.79934226938953
0.351085091065062,88.1189236894309,31.70887872741256,67.71449373291631,81.82380281919299,76.34448955760644,41.86338560479791,97.14041531669596,27.640165633622914,89.51919995171636
4.001964073900599,30.42045181350037,85.37631020019776,20.469167462179037,39.607185391669006,71.37081022743243,44.51996462706344,81.34525752307844,87.25684612518538,6.285329368298209
20.085121605111635,65.43933648305747,80.26304216000338,61.83403172799412,58.86075856938554,66.25239103837039,91.05522508215965,9.391795792622048,68.82501650723424,84.09232614634595
18.600843185599526,48.750227862027984,66.14020331187831,12.958573000998442,25.782569593593973,0.6285545868591202,10.345828370495303,99.95087956637745,34.57642178215381,77.99125785441191
25.475879519984534,36.630314526233896,32.48748670992887,0.2080639176285759,68.98516287463015,14.214331338038944,27.9730746807615,60.50245972029414,42.74896501846589,90.24316492756189
30.493463769766084,64.54418331834965,51.631656166117004,93.1531801409579,30.902681262043142,22.329754910206677,53.75648165827139,85.37286379643831,72.67096859306179,31.157626725800135
36.00654935507283,94.7522980551238,44.4829257597959,55.489437617520935,84.40787343822349,27.19558460388496,69.82869266305917,6.666076327786897,21.1583832895492,91.17651062733667
42.053769006887656,4.126974737462186,33.888188624867425,92.69406627820395,21.73851042772743,14.64265416489,63.06372889592436,38.94511784919237,46.876079247522405,40.26410850864478
9.886633845601466,91.88528558831042,84.81362893031782,33.383152370207206,1.480342281846414,41.031555147388964,94.16427377373945,66.96511223036099,65.35583422580996,63.40996855258
4.236193195278204,60.908165502101355,48.35070745776653,32.778606916175676,26.850804196791845,7.518058501402591,79.56089248194732,10.643371869970153,53.94985480087132,42.41789912069983
67.39444490730234,80.73143007690523,83.27230977971465,40.06550017730317,19.10524864594867,75.00221903877808,55.70768419744303,48.890283865400065,60.83283459044932,42.764843051565116
53.73348248430777,38.38749534342776,10.521847414182428,70.60409839581683,50.82864397249243,78.7720787296105,21.46826916735075,44.267787454414155,54.62124994767797,54.663701879490155
44.41442022201196,47.18429748376137,14.102478860033575,56.58086341861742,20.37032916565763,57.42666896008981,45.08742314022398,21.604022447357973,19.922744379002012,35.59267096208225
63.443994116835235,86.8850751801164,97.73203051129768,92.5354907099118,76.31898707194948,8.970487704196783,69.33822441944774,30.026983585180222,41.02053449726214,79.27369942692357
82.76794072035405,41.48479698098231,58.77684626060896,2.5440901132439353,24.137063800400394,89.0083169546758,83.79621748360849,96.71183544949824,53.19854954775457,63.36387354152389
42.76929091162046,53.4659566749085,50.9769673499049,70.81959379725365,70.69681799126558,96.56358287081144,95.97362244223874,28.864848600993597,78.00627423459461,68.97557615389456
64.11194650519793,2.0194923084332905,52.31560631441117,33.03276893665543,57.847092301372406,20.236356032178936,60.54527661379176,21.342613396841102,65.39042371695426,23.10348002217636
95.35722238351588,15.85980058380423,21.526877403285983,18.023365181846117,98.62498564718844,70.46398194407197,52.691936730443246,53.620917106833346,42.65909451859348,96.95752884813925
83.96244958615607,64.16865079747997,71.87039495019731,51.039562252009894,99.99009770092316,84.19386306424857,1.7691923121148312,67.09580340702979,97.43998321591455,66.01760977729654
42.600081050240945,71.69769010638771,8.478062372975437,50.5063784179996,86.95260833173299,53.98435225427023,7.209906915017994,72.50931110695649,10.779552167972517,19.719586453039163
64.4716837814743,58.26009367844994,57.33237131030232,13.70110286884284,75.99833692987511,32.33230995267489,15.610499763740027,75.42471844969162,20.680486855496838,75.04902434710338
17.707092191593976,14.331003627561067,57.076879658590144,20.189605613288986,38.64564140005737,47.855871508035264,5.4759931189628075,3.6832491514753096,34.1312610031664,17.37141032076227
56.05221848950899,44.540542857783485,91.4188424133511,40.81646649015549,75.32767271313035,51.2268750784452,40.08632388049265,39.37604003795633,22.857207698791015,6.338489629950839
98.13282911384428,35.50947663631898,52.61828101048604,40.88114123923153,95.66755370794907,40.06370441880279,33.68785451388722,77.39580797830902,62.54419968060113,52.75533961458343
51.83151152025223,49.56613440350883,13.706269597417952,31.75581396196847,2.337757539544416,92.98424936337062,63.73541578683929,90.48521018001294,3.9550729336255253,55.35239541623472
92.76382991901473,87.03290345540942,57.27532592481626,14.854515150998093,53.79147001977388,74.3883110942502,53.56651079334027,60.220012333278326,17.743678427341592,18.89655747315986
40.73349205032607,77.58614386586518,9.132764436533236,0.4373679100979522,21.799830438843458,24.130164225496397,59.59707593878597,5.230685350968567,29.33472376586044,34.8378944292159
99.88448271846312,8.398950138915895,20.379383529992168,97.02350624280206,55.78763158688504,58.55571873198685,47.197720293765414,39.66458058551312,68.33457750793166,94.5769295678697
57.92200352275578,89.03091977745643,3.1108584187416133,94.3499229703927,46.64470897588912,68.86891509311674,27.773714855425712,7.422711586845465,87.58648825811281,28.50032320874899
4.226899423593455,47.17671511498236,51.32935824594983,48.36503791761352,57.576858155228436,14.015642170213027,95.2825314946477,74.85378626845845,79.84917705530545,15.556806076536866
58.67547966913881,74.38621448859985,8.453261529357237,99.50517532750057,55.09622214187242,35.842574238014876,8.640915976013897,6.350546928166523,18.208093325025487,99.25619586654541
27.457269567959663,14.003923126435215,46.9394378531329,67.36543307822433,96.0107039168562,90.5548281603916,93.88909994653072,18.573106673517724,56.54057584410691,30.230553638046676
3.248132203589471,67.07195257070481,93.29450353241441,6.885753760754154,55.21861089347361,56.71731001852015,31.123804686473466,41.695842396477424,3.0022645344687238,68.02536731460786
82.08533046946633,23.632601760945793,71.97614130193321,11.771819908262737,84.62320881248672,21.699774606031685,51.26614453672974,46.2648367114872,31.053677535286116,23.156018143926637
27.572963698075593,43.83808971409315,7.741167422529305,91.61108438696377,31.98202868008465,12.278479811915076,10.884232282754613,40.64817003150123,80.59837948283267,55.01211969863894
79.65485540464985,1.6862870082104409,22.420981220884318,63.00522021496284,43.81006887910489,51.822689347487774,7.093106837100926,46.3396646606,45.666571374333955,38.62819866096155
28.821758295586697,15.161063793047603,67.36624198934342,84.31836266573511,47.04134760448099,54.76857230291441,42.95454487186029,71.32391520201999,14.994132227583457,96.15792611591885
19.432635387377427,9.208049312361977,89.47018610241837,89.82696496338443,27.87280433353797,33.44144513546124,74.16973763796781,36.92688229555415,43.855338148831265,43.28058745504877
97.39355741044274,23.974417293825844,3.291858676395376,44.79420112823861,37.97902614779552,63.041602841911846,26.93647775485489,54.775045915061916,19.803292546222828,58.41741841817242
36.164532775501954,10.001809002432227,81.2451131720594,4.852595157669304,59.85130794667752,6.868468621938872,56.234788893532006,30.336925752873224,39.319145786396284,94.47662659001472
60.13762114431604,69.19100266195619,56.18138803383087,18.828034889732205,58.018776330453235,14.513969326614063,27.865034052281835,35.362749509048264,48.78334727478434,98.92342999379551
60.998149281447155,2.903990220921937,54.60913252963926,6.65719473024351,63.64353445734805,54.62738210112592,38.86130608930408,61.379895904208084,34.955811251102844,10.16583640049965
56.04734821735018,61.774050062499796,95.78131827533579,18.873984569850734,35.18179154201411,6.181569384445396,90.64463184738247,49.049465163702,93.69689504338609,83.4320712042389
91.46957435212147,14.070783082557426,74.7644612596773,41.05329264558768,31.58314951530571,88.09087649911007,85.58396254949196,72.30362948592811,56.253029755638195,38.21164941872488
67.44410713668685,94.51614571778968,85.0118868056112,11.819681051498543,61.161788275416306,14.21463704565168,51.601754341762984,56.05385880517497,84.28926739468967,59.48287062056128
40.373300410493016,93.30940731098542,35.39955695446667,16.673324780534326,13.286174842752496,67.39198740845364,23.810562747207875,80.35740853838729,76.07285470555803,37.50480789552455
86.2380384524274,22.55031025209626,55.43640408284099,44.58217820716792,25.303154353213998,39.120344171442525,19.318391273302282,44.340821299471656,66.11663092677766,40.111620565479235
18.10628991159644,61.442129822302945,61.54056774277707,34.01709503884896,4.212773695299521,39.978774754224844,95.40873530357142,49.10336198668015,49.68887483025822,15.885753598511155
54.42367576104174,2.8005319472458434,32.158394036246506,46.765812418804096,7.261085259608013,76.48895286111438,20.271659651068752,66.99713489009396,0.21737837815875016,57.276645842786586
95.05503719437563,93.17885430511741,57.024812494739955,42.917202775906205,24.338327926060888,49.946213417291396,80.81683109125392,22.124394441204885,61.346760055208385,54.671594594472474
62.53976298804127,52.29873081917097,23.665537947971384,64.44780259798834,1.9529280296919027,72.56554636438663,36.89702095355373,38.592953693126084,35.59574530024977,18.935578853839985
81.69684504748761,4.322315141777899,14.337567106823956,93.71895488758545,24.54105920874615,50.51912287527692,98.56598475582383,62.48412440117078,11.77621668013188,54.17304293339414
65.35607255451929,34.24999930081374,37.39702592773326,10.786433844424248,65.4976323062026,59.29053414052634,36.81557403627879,2.8876269265736387,44.46262636120777,97.31018826310861
83.93708635378904,7.684946186123421,73.9289628746437,9.926014930919491,6.110707846893304,76.07146278696642,35.151662491072614,43.69714336339416,73.55533222833047,71.44085958537897
94.44878798452436,39.294443937335984,91.61871480738876,85.2806111090902,43.6736677794641,60.73087429212754,63.74636288776231,59.88499363061168,96.1677794698704,48.09825595833519
27.29217275327368,66.9926342161323,45.77140514982325,50.63967046524591,91.31087869195494,61.56151093887886,96.15168066268193,96.73755319781978,37.410489112208204,91.60839855813752
16.966108125671887,46.98899080414396,64.28236882754317,76.64050235684422,79.12848289254009,78.92195914275945,97.6209605796433,87.70165616176712,54.27232987049767,57.53143565053058
48.39907503325399,38.37221747194545,10.303713097510048,21.542190360728142,30.543750229485724,94.90868158193733,70.72061464669852,28.074195294265813,85.1244383363585,13.504799872780337
70.18624268242158,11.91570455404648,90.44637585523287,82.88625731675518,92.4805479191647,37.67161539353368,75.46063656363536,50.721010402892475,33.399941995001484,54.750964781245635
22.71912531822161,24.493904569365633,56.86042135699344,92.38466241926959,32.96464967477248,57.71171572259512,56.34021759730277,5.641437266009131,14.225724497081538,18.09731153658678
0.4101450430167075,10.014328773835112,78.0338247625157,63.54830155464882,7.251549633756249,8.62731577335456,75.57757391323318,24.075441481780715,28.188183123268907,76.75048387476743
34.293511583670536,80.74987316566607,79.44412009213939,10.587902147380223,99.40559567681136,35.880388056886694,85.97796549704965,77.48558680680901,89.9122829808388,96.71742142947083
96.88593354677884,13.523982798472256,25.648052636810593,89.52948141563388,87.00225271891718,41.2049225889386,48.609530319502326,12.331401227534455,15.939310846183774,36.08185845433303
69.49674606058467,59.53733665488935,52.91744531818495,79.24877273700713,46.593278330109236,83.5237316824051,61.9862262830103,25.76905248339566,32.92210610067821,43.49178801251945
40.13254439412239,34.27404135888459,96.04797515609775,75.08777765144899,66.6376524192404,51.33924021256768,53.731669523304774,94.40425017358079,46.46403105003406,42.149646683863004
19.257609734684035,22.59783846551835,8.963454482082778,3.672818890591556,67.12280778566702,73.10663732984578,56.247061352867725,82.3855800492458,84.711322349092,28.529997579488185
35.6089673754747,63.946843949210376,68.30498980295634,79.89625252569712,19.448223073046034,1.9007400025671362,89.00479098739409,78.1827712648912,93.77132836529746,79.4179964878631
16.983943330124795,45.700230937694066,96.2264078035172,13.7951010468357,20.00486331536323,46.44926696283156,35.56168302055702,86.45574903021569,42.58103096332548,61.77283327469959
10.63058213129514,40.01454672845591,30.057710805402216,22.23861761968884,46.958070335182576,90.13176651635843,20.81840256006242,74.96056865823539,93.19540483535155,6.405155685655961
90.67423725725538,59.285200489222156,86.14479214043482,57.71348348692575,91.15731401376979,22.43139093057851,45.628011027362916,12.058621611823494,16.145909485775455,83.88063350231356
99.76503383754735,49.12676284900007,93.36575454082717,26.498077291688304,0.9993774858570781,3.1522185307112927,20.808519048126517,51.65613264852313,15.68522918963704,18.708823115320726
16.41144395957903,30.34842085515608,74.7086209394825,66.13482063119197,78.25056359493593,43.34087337134764,49.840042566201916,44.4243920802322,94.92508196347978,97.91511617091211
5.452255887827972,55.906128776525165,23.132831230695828,60.80704476990816,5.752678371465414,70.44318206475954,90.35081053570586,31.115157827038008,50.96801335283312,37.666313900256576
32.973110714621235,66.94985765506945,33.40007188265939,10.814959801326262,47.82221148831178,45.44635068414695,61.74335204824778,83.40404097196054,18.590783535395396,61.64496471503238
46.16591807614153,2.669315858685428,3.580929441773073,65.60145795915064,63.78728330734764,45.997831351126585,85.54328533030777,46.41392023742337,48.799037057556184,7.78236188960304
20.48212470758545,46.58717289076753,83.14532342453552,92.395490982493,68.67592670824648,66.98050412383195,16.61909196155118,6.0297601357549695,78.32111553790514,34.466327468835665
30.142491179855845,5.768328458354377,84.961118651108,16.110990518583314,5.8479263615911385,25.4388808283049,90.08735925371768,27.496558372026826,82.69203657235236,80.23539573607815
20.08707356916577,18.640541406811106,63.271030996619274,59.70620209428874,41.860361738396826,75.18897916419775,60.178716440711575,22.86210580294451,86.39692566492423,47.72084919532584
77.42605684324514,56.05087340779731,35.252785126385135,34.18653719366941,58.38372605023247,15.311353090573343,3.17597887404798,88.74788848112836,56.957090308741854,90.46034835440229
71.25779432472608,86.61889152655807,7.681102763992054,45.961167177360394,6.604553730600693,39.57506052859877,63.31189552850368,64.74381006389999,86.69460143678803,57.513844105080715
63.49515157609817,88.28056791884849,75.30576099149094,28.700017907896992,13.509455659530978,65.6008108470918,95.1396956260918,56.03762658820751,51.003020880325465,92.85721953957477
38.721785707920475,6.994401013863127,72.65261936099229,35.41306363476953,66.36489895040386,82.83690072301977,7.916700047536207,50.66492416787051,60.705990239107734,98.26099070125561
90.90409413142359,41.91050862867066,91.2602521738901,2.891182326655728,52.16381965906517,79.15310711650552,58.24561304695721,65.01130275414656,75.87198022716453,45.38945595182759
96.953254153502,58.30064830045513,73.05320210053623,98.15517379172206,16.182866126829055,72.16855993076979,91.54786028697147,75.48755467771248,42.54352927105085,56.5156572577808
17.3639312625412,14.70699045503434,82.86949422440019,62.479992207274826,53.523933691473346,35.9096383536391,0.969516833437456,55.43847058315099,7.358148713877477,83.49206432512698
22.301264141187804,76.54322167447717,74.59546179039995,50.07055904938853,91.26923734444158,12.230431629372385,63.09129264658232,93.82854151526105,35.01663568576976,22.1533005535813
52.563102800036965,74.42352584372388,63.06871883123164,38.37153495003267,1.5587584775363927,21.68342176929906,47.49022918309627,97.68341706503846,62.394421679596036,86.16295737811096
9.125056928224529,90.33410137067946,42.696639419100926,53.937455882402766,64.26337734858546,86.4833814576485,34.69893186486106,99.5342316608823,19.233236963947686,59.192014037726956
43.64483988231128,0.8486012083443017,90.21173086422777,38.010599871580396,7.365043460534193,85.73313701326595,62.753648994537606,66.93911100886447,14.838536349964004,72.55001353845255
58.179126477771014,21.668424398900264,65.09685719074699,35.99079274936733,0.6449442964700847,95.15608525390158,5.270209458741693,93.26204667558784,29.30805445914376,7.985402266344521
52.20735711373331,82.71867142453218,39.835532196590904,46.394654172201314,15.065448866063381,7.598865189554161,75.30630462874002,40.44796953079547,3.2111462277821357,76.61876834534036
33.090858307802606,67.05800508269354,8.346929518195722,27.59830336711908,42.29066318539193,53.68090852774561,0.44794769197076256,85.95923912473853,74.34228980869197,31.078690457365845
54.244580607720685,89.43898536984908,29.07048559043821,18.004989996678546,80.23439989819529,64.86830449042336,30.693574379235223,90.91742987396809,25.871560218833878,80.5232276849842
95.88009542588478,5.717965453026652,54.37267348301648,55.66058981802935,28.178549660455865,71.06573770668567,50.39586376846784,90.41404723322756,12.423839663659953,50.91525383027069
20.601740429137607,59.696396571644286,27.563537001619455,84.2765436150301,62.56732123887586,64.38632350104302,37.702225056655166,83.08462829083815,69.91294159634353,27.46143348156331
65.48313583940036,56.904657489367416,22.123534791790213,15.28281777258923,41.115663795530665,77.0011389902282,30.747593520558247,40.65991616412504,84.2928012543288,95.27596970216541
4.339669415605185,3.567441636053237,52.73935140878472,3.273434060421865,23.433179196600797,35.94715762893416,83.08351454680961,15.890748198073435,1.987559586177845,76.50623977114992
6.641640448143493,51.35220769124835,16.98203458957346,24.681174515403615,51.42471142828586,17.943277213548214,93.48325742719089,33.39563563444459,23.359977074122483,98.5686073873647
55.1828224223585,60.952031130992424,80.04100633251035,97.97206434538109,79.74644903726232,20.458337215043855,87.37126849058888,76.7288569298093,94.52323248695834,36.44698984122038
10.493918032794946,19.12931742021072,48.4368151342658,82.87580737433393,83.24923700561442,1.1978689470164339,52.24313130499997,23.288551132997526,38.52541359327753,64.92196335416386
2.2346788426857334,27.332958312466292,57.386277396265015,59.58660535285966,84.65195318772368,35.03218721062223,88.4164175193483,47.82720648259724,93.85920633819312,61.158867786372674
17.151299764802218,64.03473462977371,14.738326759734854,92.9248915243136,33.85578125549794,9.174405087997728,92.08615651815437,56.5399517984672,27.421253837067738,68.75567410688029
56.48491709995744,46.83009475999583,32.457633562936735,44.52791168372446,79.34560647157531,32.14886927901909,40.9238397047462,60.38585624378753,21.8067635571932,3.8316566041330824
70.33409545189325,85.80136575683268,41.008968326115294,98.3280602575174,21.217845510890786,62.82100771662478,28.34458595054454,93.57255483787986,21.41084117279959,29.17193238773741
20.247856414138,34.238176600918834,80.8212830516503,29.630204511928405,73.84251012428832,89.44780555868199,9.826520581332032,66.14930204143175,8.522866042493826,90.93375737908073
66.82594372081745,26.665965838820117,77.01595230861525,24.03057495159391,94.83844262726167,83.96054509905164,47.9091921049229,78.62988160773023,89.64322885091256,42.382005487222685
18.247633109922933,98.48659403448427,22.297747478768137,63.8048201147011,1.374383469095719,25.267421195757688,94.62969204384414,58.18783478916334,97.9835022632901,96.06436790815472
61.34574266312571,91.11357701300834,61.61790816070077,37.81539679503604,44.036393117879804,13.408314219804696,56.090752807037106,83.35803188619633,95.45088072716379,21.350317264497576
41.195967989579884,2.899274499897986,24.34563577719976,62.636554197625784,64.77709884140046,19.30722737967313,66.75621017861715,26.366361306976284,85.2028139827274,99.74239734810894
65.37995093336167,77.0728615306566,98.82471556902453,30.49955183026858,70.1775770487553,97.09866519036069,11.28838184918476,20.987767166878925,84.68879076509752,69.75809089595323
99.50527524792473,11.033477382520296,95.21238781308706,61.791825683799104,17.60877582692022,54.94744796854908,14.351966414225625,92.63200487579697,66.10854671689876,77.63934240664878
93.7816965232562,2.748519482937095,56.32647205206205,27.574626058503636,97.21832752385929,18.250222300057484,46.44732619596725,69.34808763573784,82.62137119506136,39.68611722025358
0.4281757836103628,27.36955159663489,69.8902571894143,5.097206881888994,61.5265367970973,84.07461546868151,95.12647989837258,67.15255770582212,20.834236434304778,90.70081212606208
88.54387643623058,26.93458790611043,80.1430382208645,91.21359019231834,16.43406012282678,39.51912443125549,36.07846415915289,46.72952386284499,38.791263038712856,54.546290095862204
6.649079517476652,81.93187623469646,72.09984200449038,88.32052018734622,2.052251171251529,89.92221519747274,87.74840413175336,37.66972592935105,64.08362932947479,68.0938380224635
95.3046586159845,71.06672459428351,69.98286910824208,97.0798149272672,78.32641987897759,26.06771268344865,12.028859342571153,55.569119447863876,87.47713325615963,9.4808271336286
28.18256790996847,98.16094273320142,95.8554007949528,71.65271762214047,7.970473944545908,39.322175880423615,61.70172069337101,12.05663494216671,66.04694623687837,63.168070089289344
38.20348304112709,71.15129003118184,59.64561063072833,68.2721177735303,14.105092107023653,50.494776279008455,60.06129769105182,45.471256108310776,83.90219583342059,87.90789882621566
9.163820517572784,41.82555532560479,63.630267181905566,55.90030700748307,57.48300268556906,89.26153340890316,85.98747500702684,45.53677044654809,47.39495158492974,17.828322821598807
11.22727583289096,69.89276609452169,84.92687504381811,12.594241635252267,60.350550344961974,86.87574316050558,0.3316704404901505,53.833651294426524,71.73037377050443,73.7725934634846
72.67405652293196,99.9459067186402,66.98908678584068,18.923531094927004,68.68871185923985,57.43550703038779,18.993166719757216,63.46856143672023,97.99808063750866,2.540075899465455
94.43322357482916,71.01418825625281,73.29326220175226,28.94696886725362,39.351401266362075,22.177550978089066,21.968762542948173,95.73183659853622,15.348855712975773,92.6203016562519
61.074849495430946,76.16813559803182,23.416868619664243,89.01563625733944,77.38986689668229,40.33569717378751,94.99660880907373,65.21691270917569,92.69206923158899,98.29171160311863
71.5850015526811,93.83650151902594,37.126692411507086,17.296952460307512,97.43585996158886,97.56330653655054,15.369365626989495,88.37251519534115,52.236394784190274,35.418006679809444
76.19697445971535,11.365126131168335,14.730134571189302,92.28731744878907,27.109494307988303,60.777322387740206,3.696235022056038,55.63038614691638,64.3218030730058,10.707384971533484
26.28142745529417,70.47842934477269,50.57654423348055,52.27857330514172,70.3028616537946,78.10977551241966,53.44614947418081,62.69278826274898,87.78690069105127,65.8576368163145
4.5229630920214925,85.0805957967449,45.57274006802463,71.55696354730722,92.84686523951568,44.98646953614197,52.85584624336816,6.983695310956961,40.96541725523169,2.9834514147479063
0.18727439191685846,95.43786002208931,99.71628142794569,11.024448668056653,68.62867626170427,53.20072754668064,84.40469653678643,13.326372288441558,41.869257489005065,48.248628129718675
35.06492829540186,21.096928971169937,61.120865281554245,26.90335487759109,68.11094986442595,42.895411223254406,94.88596501778021,57.96704351975396,52.71818363471004,27.177917513788653
24.14642281992161,50.39290077242442,78.64448231944233,95.85186081814263,22.37725690852066,70.2920998061968,53.8545442140131,39.57128699580292,1.910208449685058,47.33390539528769
6.231772504918565,68.05548476444818,33.401467075765424,26.614994692973138,53.51302003196929,85.14710138868774,92.99941824196554,79.88105198655018,49.66661809433508,1.827551473835698
17.952829249366676,24.746772950133746,83.15453313427965,29.65217203911461,56.25228436045801,50.73635432245636,72.51591512998297,54.317787487417604,29.10872649942303,5.161218307070648
12.44988982679478,60.04728632502741,61.50849664876834,19.75973848410795,70.01295624559528,48.08674586362257,26.4559127995585,88.22910389513379,92.79541823917813,1.5975828843382334
91.48783806173704,25.757878249799937,69.69923315984384,12.907366530682951,99.68214498961827,34.02864670983969,92.84207109439264,97.23316784622912,8.773529875303133,61.9131870047114
14.026721345916894,33.34570205316473,29.443077794945438,23.325764145399795,3.364382254376208,17.709669429408383,66.74431761818748,14.763518512148499,45.93204620198018,56.00929176752085
53.764846398767915,44.15186965108651,54.863839169557714,64.23268919507984,6.523266126748684,93.92477228751088,41.40959327426338,39.48277516556266,94.7468170377361,23.315799853660447
59.310595511216455,52.919009874656695,63.40369734136087,45.536773350356356,7.795006943091876,31.607971867950504,68.02420845169307,66.49810252380308,90.10352503184775,64.66431289040213
54.34894577086338,44.93658716251506,58.909467581658106,55.37558363378986,74.29791344889568,80.06914635742855,40.13128277437509,30.54887554003497,70.13484423745501,88.4207256894975
9.905643421598798,49.319551978792916,91.51937114245665,12.236482876602429,13.635379511075751,71.53470212874741,11.418376798795926,26.703233772149517,58.93610519960747,27.732210102611365
31.87983617505512,29.858875628829264,89.82726644925535,80.21164471629001,62.245187449034525,79.09176002781291,71.89787471768997,81.37385606288366,28.073093713284013,83.19938078789875
5.127033246315326,15.89650940226306,97.09840578768706,78.4094700579848,32.46688778934585,93.67681333721023,82.40876121707437,98.03784690587429,36.69571127524548,66.25091360021815
39.566991409631605,4.734997732683944,66.74280060069894,2.158991114267539,45.7319956210711,62.33707602208972,72.88061990193877,77.38033312474813,9.013486475412725,3.382044317298316
18.8598931271592,19.59787224916677,97.19141301256846,38.351509451030495,21.56631598174139,89.79503433820446,22.911466775667655,52.36766228041135,78.61082977582376,37.51498958294345
56.16325332843798,58.1943641505783,83.24780000319089,6.877060197114782,86.61065613045422,16.769732291229367,95.6635013477613,44.25112319453147,32.38697679038117,50.775721585901714
69.28083938491005,78.61154478031324,27.08321403399593,79.21057794149581,58.61503241630264,62.67125759567877,2.525456169115592,53.96477205303649,66.77818990302073,73.16991899547214
53.21198602047065,16.924759744289453,42.74356695512971,73.72696831257043,94.45632635822527,77.22756129146127,33.26852973756406,46.28397021877358,35.759477719861344,28.713055825341694
43.42366966113958,10.855535777264846,23.83924421890098,90.1988094293156,57.459624970432955,27.164113074417408,26.00924345348955,50.2888056785668,46.43304413962627,98.27301048579324
38.73334208566924,74.92903605492502,0.41971608305652053,23.64039589531146,12.390803059694665,74.0753801291965,4.8126227614850965,20.345305052922768,55.5002472376395,68.45397405050858
84.16917680970037,30.51583305372897,18.80487531469086,45.62958831277989,17.087043383847544,77.84768291162368,40.572969298866845,90.37419493093276,80.18524083906036,37.28136771643605
21.936806506527006,95.14994392273525,0.4060586286875667,18.448787716439774,98.90739763678472,83.11879560164448,62.311484016277454,75.45350015232681,21.11563775406804,9.702503907711202
73.42183395288689,71.4317970610373,71.983846135049,37.123493447411946,72.55651973308677,31.288291259593283,88.25528634851013,68.097742269322,39.87653868298564,18.13677602708099
75.7482324740119,32.675604724303085,42.553429772119955,52.2243251566884,4.927875002908966,68.16065901683092,98.96897161914701,94.99249709744731,13.008157189181757,48.76077600551566
41.92000072707345,28.954274779370493,31.257472707785826,5.333078983858897,70.37810050346648,30.42532834097621,80.80895864043981,28.439433191283804,7.57605049212593,49.469535495836666
29.730059922563935,52.3698386271309,76.1720891095188,71.48704106773852,41.21730468096116,73.90403874984554,46.86805187128248,8.115941089361423,60.467435616879186,76.77187648213535
47.05414860459752,7.914466827820943,83.2486774619645,54.329336037107524,30.72083868231905,46.29736651457122,72.37044259670307,82.61386603553316,18.909104435890267,72.61766255722524
9.32139258926985,11.7676512645299,97.52995386498799,82.89590172106733,15.406079373053426,59.754437452722,84.36237885896406,99.8416963649255,5.979934192609882,20.12730385178173
4.593003222908997,17.58578813161925,64.20135846752412,27.178050119119725,83.99039545565657,41.58399814305689,46.53071964186813,57.84324380201994,89.70979312064054,59.4956620558265
11.16031994518918,77.47235933045602,46.15289585400517,90.33211052692545,6.384137898910069,16.19829269298243,78.50544340254999,5.8809387912681865,53.43144197853958,2.062180074288833
18.714503146222615,51.38573592691225,30.52643016074359,99.86942530304434,28.98354623796403,17.802952960536366,48.265241831287675,78.04680401549412,13.462820740298465,39.85473993843334
50.4176820338043,1.0567122774442939,22.231820921422628,91.92984383776745,30.638289382570438,7.7568907262134505,38.64959908767227,7.374904884584154,5.342612744754971,76.41052405716057
84.91366361611222,67.3516527472109,21.29259504826012,77.78924758331542,16.090528396350035,61.80726797216618,52.60908377837612,54.00139862592812,11.986005341365614,39.950859328716646
23.564233199968697,42.36901786604971,40.91893747197987,81.23688028737807,50.818488328687025,84.86383979530594,67.58547376271449,27.753247421052706,47.13372403206141,83.55962398014242
93.51620107467781,51.08523649637979,99.17863552879298,57.374424254458646,1.1702626810892625,2.0836826262080943,72.68820563185973,91.50267805923954,66.84652551688977,97.61552901252816
95.49079089350035,21.411624341293557,0.08536974374032669,19.01538629126105,30.09755154104091,6.62395020883535,35.67362688921079,45.1331213259485,64.12800749860456,60.72126026993657
95.89046048452052,55.17822283941036,19.72058972310008,67.70406851477173,93.3629444033064,45.746699230291036,57.132025155603486,89.84633484785533,14.44230862644985,14.50040763417566
83.75627346763238,97.91532397514887,18.839298240357383,71.27530020599315,31.05295693420057,73.77207361681893,90.98708740804472,29.908108525456754,63.34889518377088,37.96772079054107
36.38250407977206,7.344469100576145,71.71194855322923,98.53851402679057,36.04593871067516,15.77076447119513,97.63129001106398,38.73625838213513,40.48656242175994,0.9483355068375166
7.268391100262306,28.391739966443062,35.248472759806184,54.13013162563218,47.31650482340716,27.165131954919385,22.72480911839545,94.71191882470805,46.474378429946505,60.27259238407526
56.88187317664949,24.299759286082978,45.726080459182064,27.13690150250564,56.16933748514747,23.200620128180717,19.283116571334148,20.131445093163535,80.14304062453171,82.15685009737982
55.86814439372338,24.85493107511796,14.862413046990497,68.36725217395067,80.8708644820744,39.90512186711541,67.66856334286486,57.85011516511452,33.24993726796384,62.994007892304296
84.99757671095955,37.87063575653773,40.49970388769477,97.93758196664545,19.03212231560176,22.499867701757115,41.46838858234438,38.85103285601114,14.699904716335377,78.60862291834498
99.59910509461052,81.81097847441676,10.319981190583604,17.7213908269094,87.17463771925573,35.2598678544753,2.4222338418137035,77.41668850687273,87.34531335663405,79.99039272758867
50.81573065601476,91.28586899643874,53.304328788858314,32.59979185356027,75.75493571438894,72.85425986619441,34.686187064728415,12.929637117135739,21.2130575866338,85.10125762174637
34.520403103978424,20.22150874589733,9.793836538285595,54.188095377268105,72.26503346615553,61.100924845418916,80.67447434722521,43.721496900466846,29.40298705546427,26.666378299755422
18.5901711556267,54.294993794811276,79.05083811731562,17.02146348820048,8.680457371463524,8.11817053916929,79.74269303831825,69.89326268452632,70.65900589026224,87.1268522820422
0.4799824817370735,63.68989721654803,56.660171754048946,2.2220639519938357,2.164068997458468,63.77456662457177,49.46851488165819,40.70162350061598,68.35503170576072,65.40939984634909
50.911369248887915,52.18274743638449,72.39678737735169,33.69831224412506,59.4012700908084,47.707717155921344,47.25779348875353,5.85317392753767,80.04000212838287,28.972555659448695
55.55186667025958,43.407639419691954,41.85163866526839,86.53708015010581,86.31339625231612,93.45655747071388,57.95074424343775,70.5112261335344,18.386664144794107,98.72947149962611
82.49384798173975,19.197550585923786,38.14912932422273,4.346839932371482,58.44414641406359,28.930431710405323,21.9396710563576,50.31983276849831,35.22798933142033,95.0182393731669
50.45769678928006,48.82193591992385,9.82088890488636,42.89290590169175,21.323486544553084,72.616641969916,52.60436248909555,1.1308686680100544,12.588323895626107,57.44409832063994
91.64683486660566,40.12148277113289,52.38556070428226,76.22007729260825,9.051989794921322,73.086082304457,1.1046360056648385,61.2655895228373,54.10391471686042,84.32083783995635
62.80834765714355,79.55633625022696,51.4502164857092,95.31825969108853,69.9596452817735,22.150078100918734,47.55595547831337,91.98810225287865,29.25705925387012,26.14944887198717
84.03362382210831,76.36043591629952,46.81020444496053,98.54753990044323,72.17702773178095,90.32236249709361,33.605104625059255,11.102594821168898,68.89356410085628,41.603699661089
14.830173480774711,13.39986812056707,74.05183646824493,42.19693806087417,17.253170068710865,49.118320042960306,67.48696059036597,59.06712350091689,0.03443679845410719,18.39717607438337
85.53361303023146,8.851905256306758,83.25044000323545,95.03842943791176,2.819031549653628,67.88833668893024,63.83535841526275,72.86688817626303,5.968299845957925,52.0102642629248
67.51438544438484,90.8153943227503,75.07896749485082,3.541897328086374,40.8283513223197,14.585555888350454,38.0835880182809,7.0773670140305445,43.25603005193434,49.60014300716653
17.023303243833055,53.55083889644977,14.386574280684384,74.59169379985563,58.271870213302215,25.780391699196926,0.7272981478591567,2.261545816418631,95.81841559755685,21.281322596156638
18.976355814601085,85.78009372825906,62.205950928210804,64.27460346336129,70.60024095671912,58.61071179372228,25.227362939496047,46.41958666449473,89.08513873591829,67.28016937160976
92.65006190442213,5.815112056640115,8.032310568953339,24.95218575861523,80.99450091529027,31.90272683733495,63.33478501891623,79.11866872343639,99.40090280619832,11.779029552541253
3.2215360450372876,52.651561652163025,69.46222874404765,50.73185006796489,61.053742730673235,49.96929185709734,7.237334301750453,16.071941009932832,41.68302248640449,6.1691451069711185
46.25349432957061,53.94265145762363,38.18390965611267,12.955373776049562,11.088060859848504,37.40051993732892,10.764242183346385,83.6637272214923,4.656848627375155,38.49049686623861
31.347528993410158,86.07020325421499,13.24989562662866,87.1597150951561,68.25816721424148,64.0553796644048,64.70350245670872,65.65772554235961,30.59561420197624,40.982477778470496
66.5077439998428,9.760999822970751,86.20508569761279,35.78980855456479,98.4176642894882,48.714536278080885,75.57674009492924,33.21732877884857,67.57708521739515,31.974060652648618
83.96293875689919,24.04455636759093,61.400833903893734,62.60444704657166,90.5584584597404,0.46099359731681666,32.15497080127121,51.58257984924495,13.516380976741527,25.79466375782504
36.03781215565696,40.65383138870131,35.47249679475275,15.877628628726226,87.16689092695127,64.9680837945384,48.967306551656186,96.55749797267384,29.997217876000104,33.877634500953036
42.69020873228372,86.58414754199421,3.0727179650499536,20.61648446312071,30.217015335834084,42.212155705018176,94.57113649836586,21.64369706323388,5.616616454485868,16.3375573952103
98.19177845014141,93.8883315070567,53.731025900361054,99.19563708031521,75.07881764540006,34.169834049022285,94.55435621759695,49.95353977440402,47.496703839023425,40.34524691328774
78.39165096792028,99.27246195936279,92.32258784862326,75.30863944413294,85.11034459651455,9.414675228322356,30.75027744634301,62.448655610762074,20.89206776950879,90.46033735174437
89.72041309317915,95.91934864585215,59.637983270236575,96.19718697740709,67.83262046312632,22.03696905664915,80.99878750170902,13.801460547566624,9.124802689900235,22.442688120883826
43.87622206516297,0.5941755844354413,97.16506046194931,29.585116521204412,25.056175656798054,22.377229158085342,59.39440528068588,4.352208862330964,41.1215809482479,68.44511043503503
23.40762039841152,4.770834145387203,13.645111827045852,16.45628766198204,95.38339718749583,93.53694994047291,97.548449335038,1.3459952931471286,35.122540437415495,14.178451039783935
41.18634653864517,14.760681915758866,56.83051045948368,50.306846347883095,45.08194114586759,43.251297474654685,47.76135697110965,32.469285660001624,53.75177369454923,35.39066240102308
71.60919178315135,34.88620967702731,79.81250480064294,49.466828222734335,12.98055586658794,4.206584721517004,77.47068680155616,7.394729448486537,74.9038655313639,32.11747805452563
10.943040483597933,82.99180309869587,52.55407311257162,17.494651375798785,10.9777895057392,13.881668224332088,76.8137129614871,80.37699525411146,11.256873642650522,93.70293944083278
27.046910561650883,89.26561953354805,9.106635598747259,73.32195695814102,64.75189872990458,7.903267573291206,49.743286763307616,99.7319527161746,79.11255902100085,42.79820558018089
4.6635900461590385,18.683440629458303,58.28860015472177,36.17775344387341,43.77096464167391,58.88693902072113,79.56301142973078,6.130382173446403,2.6289979875180114,69.0465943781384
43.23477383381316,61.966415161970865,61.173790584247165,18.63652309305173,9.44838751789636,18.662149156682673,26.10403333069965,43.27262759334396,44.31019024958478,60.246280897132934
82.74457359796132,91.73619850652766,72.87092484753526,33.19833945432884,74.03645721560946,49.855764028177596,12.225303629022887,2.5732122982574768,58.7430286885882,14.103007528476141
2.46636882980108,46.37317359313208,76.12115151654739,56.36586996350152,79.93251672586197,37.00620628699755,42.51637446553163,13.399089075726323,95.69986731397975,93.95404510306183
67.5323526807166,10.354357195278396,77.07726882106071,72.64709321804432,72.54156307864513,80.38763771441994,94.36306566335847,32.29225609106741,57.39230268696497,34.586929185576324
93.24958745137396,45.781365008462494,66.3444393638966,48.18908860574845,20.226087768401293,32.04896372653623,50.074460820252874,39.36982130576499,15.874919327138858,4.475835578364973
23.692786151118227,37.579490228805724,21.581118641865814,52.55949898283735,68.97754559960694,45.82654823968083,63.5259138646927,93.97829464286401,51.75418053439091,30.044370684418766
69.36348407276482,57.7657996066007,40.42357558394794,13.89459359427484,1.0722802894385097,72.12855485978258,62.41624559078753,39.58368087568959,39.57839471914162,33.56337258823261
97.51019011002003,43.865868440710365,77.61299726143986,91.46909247082321,30.511213967840924,43.335120693063935,13.257286726953044,49.62776590574022,47.93555676002437,9.27453273787272
96.22780601524632,1.7345926853717941,95.34269834008133,92.87241979920444,39.882153140754376,79.32155360131891,39.029688237721025,24.55833682738664,19.709701465908726,61.99774063799428
23.492919302914327,99.39977334136711,7.8946964836622,68.34265904180037,83.52469488855016,66.16843562366648,70.69389729218749,0.012513875657549356,50.08270423112718,34.67642055415454
10.03310532120687,54.354023773057094,53.55366777971948,1.7631408934024706,39.03943730694043,41.0529113946716,97.19900985807263,89.93344567331351,15.003976429087684,62.91346063309709
14.828253789591594,47.363075548460955,31.252227132430644,53.70742159033261,1.1269446189398291,50.39819256863627,16.801773829702615,8.171475703630481,74.404308069087,0.6740563589067161
70.20356684821422,95.4617371504054,22.539389431682977,62.92189720886135,35.23464118280094,96.72034558421934,41.04418903391163,96.42488410362292,59.390626022559786,98.20483989907525
72.57588754532756,15.58603675870771,50.5810683519715,99.465422295811,49.89240983592872,66.16114965083923,9.509379980272936,13.084410410026026,7.8527691591783295,17.05163585446816
67.4236561628199,18.923760254524822,60.60893405565368,99.60669551947969,94.90047866727734,90.49952259723248,24.2376459649256,60.48784807504403,88.96144679289797,65.93309867049364
33.60783877422381,80.80147490627834,0.9772231419481248,85.76112353255574,94.10343037895447,17.875850347106436,37.67593433261502,99.9410587856637,61.637960461563836,71.57843032795155
16.977693975812215,26.083108002500875,78.02065722011909,6.383099202611353,18.087403822141155,48.32361562451519,54.06432479523504,13.846459606967587,31.610705512783145,17.16083497474761
58.076109195225314,79.92271062915269,81.98821312594477,95.32763907787299,18.514654173945154,90.86616698450506,23.056688223908097,42.39430849398242,4.564239952731031,11.171228210241857
48.36804457578665,27.153348290850253,96.5510824567933,61.26612471519991,16.33814564645505,32.26120614414177,22.756266117868574,78.04236689714766,63.2226695771633,15.257719184480866
72.88341471223035,3.3187630225001485,18.064373322469496,80.08867704791794,78.89219324141033,96.76641981464208,77.78299791402038,3.2190149849968264,37.34402613483368,24.681825584494455
44.136007868562146,51.7014723886716,59.4552562360948,40.719284968585356,0.6022040368406367,9.707749047365743,96.26416629468812,68.97827511400445,90.76181048784876,16.82321179929088
33.863969468646836,19.668643412686137,42.66253734763945,31.96694712345898,12.717719819187733,90.26711702750369,32.36129677514562,8.037333789079948,3.487783271417455,67.39994269560816
29.34785773590144,75.78462929324711,33.48278515553507,46.3244145483808,53.7959631644099,44.52121220658587,68.79920186356802,23.65201422732264,3.9102435342243336,42.08332037260673
21.147032004974655,64.11996332321482,56.56334514375047,14.687451296882692,24.756206688676553,7.374416514116067,25.808046135792072,16.007616249336042,94.92992869069354,53.77915945153631
26.57463761866614,92.36026679779178,78.23830932235502,35.7066138753306,9.235645823926209,87.95215925860875,92.7952254965632,90.73364316469362,96.48739456795063,4.733678880915826
9.483043884410137,78.29883572657359,2.305278344521011,85.76174997682786,35.98780123338343,25.194021240911347,67.29023601653982,18.045671678168084,2.77422267726386,86.12489631007233
34.685701092888955,18.077595484072685,96.94001125661867,3.795048626088149,27.42076050602448,2.2250125495225204,80.267685463757,4.04340955151572,71.60332349413275,17.057155320619223
3.65698123629582,80.01582366647963,80.98815857057107,15.087804682460447,51.11043065142845,13.580710556919229,4.935404319916481,58.762567844776214,22.149485232884047,36.015233145508816
18.64138471663268,64.17370448140232,75.11537036455785,12.511615964948552,97.92335938301959,65.91147418997616,59.850596824062464,34.6180925409702,70.13927662860725,7.190163982776698
74.67704446194291,66.8951641760625,76.03873821805036,40.307554270022806,12.430463681491844,97.78114891381948,52.761233135838225,40.57062206413664,86.87327966579836,13.679313464832966
32.546898867662264,83.22628859701487,38.90607096186526,99.69869008908617,37.27267048340943,11.14621395835168,29.299690691153202,11.906274486254699,10.08314788622754,66.57994099756614
66.82370169773438,57.38240691889403,75.16205508448137,17.33579302113827,93.19850178724747,46.1948048124762,26.24299850573181,74.82344914331945,23.8766416762042,69.25870022556889
71.68841755972774,46.60035143530129,38.67702086029576,14.548264959926016,87.68730434938226,18.06365509475325,58.00248023169697,60.1553649643518,2.4077668326494828,67.6965484625352
58.11853427321135,63.6641035358728,89.8706829574793,91.50557297761544,39.42710347842806,74.50365341015922,70.64856350072252,36.421704474828,4.38298454444408,55.2136787846022
95.86977413653985,29.795742895835907,17.722238330646967,88.20505169659657,69.89532645197365,11.805889976181415,3.317275703518896,17.157494376313597,2.9617858217774184,95.25216640119066
2.1439866623113257,18.25971310870993,29.234742421515147,3.224036999655444,8.785701358134556,23.98417484808896,56.74015819237044,59.34517391705604,80.06823564264145,50.71771607685764
73.86526505881422,61.65878380712464,55.13375426990761,75.1705960179315,71.25410555436152,19.640596764907137,17.045952894662864,77.85972795073774,29.829267843077666,44.94120292964465
95.8786643940408,23.38483690854777,31.921103588727252,65.54657014764295,97.28577294847415,55.25197803669779,14.036273138610056,31.23972838671949,49.32114395719891,24.754556571714346
86.22717293529392,7.991510934660672,42.42372452952734,76.7740809852709,53.74881528341916,87.31840920006323,62.311948809468454,2.58603835385971,78.78442635970163,9.884952926661262
16.789269180501332,0.0554184585253914,49.24226893985947,49.45024547959221,49.84902270344143,51.109020115641854,31.087011721747302,21.4343984752984,49.494366270671804,54.81549299661788
32.68203062517321,60.831940140006715,85.63533488135087,99.13792184482956,18.731861970191034,5.824345277147125,44.0880233134864,68.23978188928292,42.91960626245961,31.48901866928281
17.24518398764654,36.21487834802368,52.31922536086928,4.384701871096319,63.37881989072919,56.33889305968312,35.99988094397729,98.90963774569227,1.157320648945881,52.402538319051516
60.13083638147041,75.2310970673456,36.24598486145605,23.437158640380574,59.04372807789149,79.75209993180094,64.83363201525238,1.3376239408776525,56.803950253675616,20.611907826047972
71.21879819794923,37.51763983131025,24.77361640351158,39.65459869736151,65.19330594757506,13.215619730432271,47.01197660664689,30.615356213210077,12.474307813708641,83.81726722079114
31.70737693630582,48.600344823822674,40.867597879219716,44.97779415657032,2.608328668472182,7.271121434459172,96.34586620379476,6.202087044883886,76.46482407910263,99.9697209659069
53.95065739842955,40.70849728153849,51.57361044143699,92.13674026995187,54.872348834907356,18.780777755756905,35.238275910646536,31.634928776303216,25.773772381501956,32.24035101206495
69.09205700711951,65.05747911093461,74.61148572032363,56.000436407725886,59.4934843497373,74.60863228216274,74.02843402628352,40.59143431274212,67.4187410808655,84.23276072603298
42.13398166110483,35.61391620149682,12.104877617233868,4.511099552039388,20.753013541280218,59.16804195320016,25.72925675830445,92.0862091946255,64.62235278246794,87.29861363924074
85.40155304554592,96.3767649942309,22.16091882391509,40.78629634256619,20.8332857488536,54.059465396174886,50.875309262614685,8.056079940497874,61.66756029300201,99.60737887570797
77.15499352878172,93.61469865985302,37.96540158686732,41.64904123690699,27.621816851094984,24.947989463176835,55.2569751901957,77.713405306577,26.695200753719263,34.27201297779794
6.466554385057066,84.80279026572813,36.03984051195146,96.54909384377848,71.17215917272375,33.22365952468594,32.91092810627322,39.55343960629634,26.708977717556813,75.60413937141057
62.1125299090829,92.03002705727481,39.174808760521174,59.919709102110815,60.626606353237165,96.58850129433422,47.17805289126291,81.12628496669278,86.30480434413299,22.880900364198542
23.53255509597496,44.9139688459391,79.35212646403245,63.56510711589388,84.57626461178046,24.06252267293857,27.927863789849216,51.34021853256213,1.2807332630426993,62.47960012921433
55.75182646672753,53.64303967894921,32.41544029621731,71.32530312512708,29.56585718430982,90.16454232550885,0.6000781673981992,3.9282038843410083,18.15226334539579,70.48425694728377
95.68884426329663,74.20925925582445,50.189818040266466,77.00393156821232,91.20680598883183,58.05315044577366,21.564830163787875,94.62058847148388,61.017091764198504,74.11206925350965
87.90620045522502,69.6145924938541,62.39070328578965,63.50510702024892,74.37061619833584,12.32964663712478,70.00641724932007,8.273406343452184,81.70462544031697,20.717216858446164
40.451640311513174,89.06785956054708,23.21785501836051,23.71943511339355,39.501167001369694,46.7312378155068,77.0963024485377,59.768350253375615,35.83455086728586,84.87255704961947
29.151385834435338,71.63310272566953,71.86953871475389,87.40459143411641,9.526206562545593,94.85487173608759,28.020286713891995,87.76677629335158,65.34434586108001,42.09718603925418
23.440574440825902,99.78847082284605,54.711131973828095,73.21198004106301,25.69836624874825,41.85655981373586,40.8042998818072,7.976979775019388,55.71564196202363,21.636951773455504
53.25148697565201,34.8505799831591,44.678116303137806,74.18704850969559,95.67682172148503,86.33865647893623,3.736566013861109,55.38933884160129,6.45401044820354,54.253108837190155
11.424845325805633,83.2997742239418,80.97840267383138,99.65567392347492,31.036337588407935,25.64286946517077,23.70629010976806,82.42898755244522,62.17501969306781,86.33571296069421
54.92750081282486,69.76348228326643,24.3495259185182,80.2526534863316,32.99009601490644,57.0922151800373,77.92192833722991,98.63247086457957,81.39034722724935,96.70879097781138
0.13336394907920157,69.13864452150186,88.31759706143232,82.91514031551532,18.9588931097717,84.38520582019737,60.598627026505724,72.43274008140213,99.24483202994094,74.82078217278743
32.38496307458448,32.583559484499894,56.104873536670375,95.14055157101583,80.68506011387655,92.06884411696954,20.57705219543714,27.833437546329364,2.964007265172286,0.5622886271362426
21.993431383058127,78.56017924230225,60.91748793796582,15.113399984889387,27.564423024227736,48.58233671513007,25.744199512243217,69.95703298454094,66.0058172583868,13.470076046595613
97.12187899607821,90.03760223475992,87.50589641689427,49.772737647806785,33.02582483688556,63.968810214542906,81.68020229895602,70.57667693076394,41.454955314796216,7.627398643886574
72.7242319569979,21.854846152056297,81.75826878493359,58.05670235907876,41.43481084316266,0.29801307823309475,20.90842029449008,69.99660121046173,0.9787888706205283,10.121374299388474
34.96533804622377,62.54968371167041,60.156206882190034,32.927572922245766,43.37282797746097,25.32233075133896,33.415772584713125,85.42604370931058,61.43609437085114,38.30349560197751
9.284508653062051,39.21348291027752,75.31877038481741,83.94033438945056,41.13407904150217,27.871210374694577,66.43586916546444,8.738006251949093,12.24272985556355,33.84933148286278
51.6800594690624,98.9548119294877,43.33194902328968,76.24196216457234,50.374369537472866,9.34930116544308,56.11123857080786,10.841984541543336,37.85668501891366,11.368498126831007
21.34478813260423,47.883281583168156,54.737775349974626,72.08830745081241,81.45128796164033,27.969501335697665,46.087020523381426,64.0617124225558,26.13670924884023,88.2235351614249
53.64295458983578,22.83201737969427,6.207013670851113,99.71494397581668,81.92850407420221,32.112203305813914,89.97410909797443,95.38810960981878,36.11634022710993,61.54275763323602
83.53623541788924,38.18576252218325,8.985791800004684,25.938137340839052,79.83131337633469,96.87660395681932,21.971046271505166,46.583863891924594,49.26955815009496,79.6463308956449
61.57925521013854,65.38383898166262,82.9425404186332,73.54572516754213,10.11248391164875,66.86023805608376,74.14198908629999,96.05627016256751,35.92095324895145,37.15493888554309
63.37884195450022,7.608937134957627,5.967165568249666,55.14044749059006,79.96788032748141,42.600507941634426,15.906384061818335,93.8085259516154,55.27318705895392,41.023601628756786
54.103028906281146,60.36019202212376,16.939912563260727,31.298918249387608,12.025177348657678,98.80544606955092,61.57338334821452,90.29097382343195,23.864969023285376,31.7621210536728
92.72656326314092,93.1224759178898,79.58326589504415,16.058687072312583,12.472377005225798,15.32323202346112,87.06235634113132,90.98509748640853,63.53617674283816,43.84266120984911
93.19026844206033,85.03627876578504,0.1145950628256287,89.58838370675471,94.78627716349608,47.605119393048454,45.79017854781379,89.83187933279861,85.37630041248534,61.03772623550536
51.27232010735522,6.767353665798337,28.24043288458643,59.54554827078453,81.93978447055413,64.70622070490494,72.42945071913289,81.98893835391821,22.40670469152124,49.298400784024146
30.575948714350442,99.33898787390682,58.40386578266218,82.49338376407947,55.241046686800864,5.558063448407702,82.03933529989882,69.49789586053303,50.78772158556225,83.79170061884503
45.95870058794439,69.87269237038791,59.544993146929656,54.53449840015448,87.49702044778621,71.69988580831188,13.602642487760274,2.4408178592608243,64.86897845498886,90.01391686098242
18.655791219561568,16.22808243140237,77.71529082294735,21.997708065401955,98.93646425518628,9.98673529219899,70.582689528211,13.225359215605248,56.46261312134161,46.96838533675992
63.634431531808936,1.2416089169423494,50.592625449217046,33.75488131003252,61.06420666317776,14.028230859967694,91.98410239886763,13.423205453146714,36.564944619222594,23.974798034864943
50.00923357822332,17.128263629215134,50.94018695309703,38.153884247354654,61.2898436981518,15.968951246208407,57.63706098555442,2.3540284279589874,64.21997080057483,94.51924194593089
10.33004778132799,83.81759206857386,72.53105755407005,97.29348125037023,75.4427029159928,92.88898266555178,18.6122244528756,11.670176842363666,2.824620621007623,73.50386430509226
19.764778111961533,2.163932494516374,49.86244632662835,0.56332783813825,23.213895236533276,68.32355451381677,12.694253158894298,91.97464335671063,36.9906231996433,64.01270860538799
47.96319561995268,23.314730361808657,60.849108656361686,98.5666023024507,16.712486151879936,65.54275011031041,25.973533046674792,66.38042869107859,53.261221464100316,74.5413733623976
88.75889907188584,75.73055953348754,89.7774068255051,98.04616351098306,75.95807500150725,55.549349646499216,10.351326901668257,31.207301829542246,2.0613158835864676,7.598178239692288
56.639072063109744,58.61105358981351,40.145100761237195,99.61507905301366,34.490479499410235,29.280599869510283,51.33940715850475,79.33600122366799,50.76488296842998,6.762632763767251
68.15350002084708,78.27357103601919,38.512507091922224,47.658817891963466,13.5070356305934,62.08897045993515,6.970468270673457,48.83694869548509,65.42544607656284,15.31206525809874
33.90285497439097,74.61505038267879,0.35489918647713115,96.38089696209995,31.487772591774977,41.01497198886398,22.340462463622647,14.212703691587658,75.9207697713045,14.745096744053242
57.141139304423426,5.060138712180473,61.342626152123195,39.559918184982735,35.86368678745754,14.541615009261488,43.991044391221436,88.45020812264927,11.33740814094304,42.067047484940446
44.73798226380674,89.25114190941515,2.977190740713198,2.629444066838671,96.52276595056907,68.95972903277331,47.391475040202145,33.86619462364725,99.05648748916948,15.740408228536417
65.91299126231607,22.70318342822687,50.41484897283163,22.434718637176452,69.79597110879232,12.958216792992271,56.539848514696445,69.88592305298941,60.616770133509554,85.45256442665965
5.057556607901037,55.339244022976374,80.42337890322267,94.52962449373847,53.085631739973394,19.066858102117322,70.56149627507266,29.05941604996074,36.319379261232996,57.80969309280258
49.33002162389592,64.42881565277789,54.99210705196631,1.376469333539998,96.88731386826049,81.7699311847606,4.722863966546753,50.007125067379995,24.90928544567138,36.826189635025145
29.599262514396695,16.862821088509538,26.9636165216676,54.599413542297505,90.31397404741807,66.0117096125154,8.062095217578324,81.62527115304155,57.28968616834146,6.962253822526709
32.61850612779092,97.62312567009744,78.61684214493712,7.560158889467905,51.200085661415976,63.09911542136424,6.085915180478074,15.67773464243677,88.17116471665707,59.102779595912516
96.09174315580614,48.8155956087309,26.971700408253884,28.63965784275785,90.56796353769808,41.82027843427241,42.315031546491035,97.72513952392784,52.056539614136476,11.653282059212632
18.269481271138275,5.764269559739343,73.30317809458987,8.809285071188667,40.43046580626566,39.62805182393711,4.184794488293431,7.02159228607262,66.14720556049602,74.32202504026063
31.12452525785969,93.72620447778404,61.02584551902312,85.95286211130563,23.042066535662464,69.02626091854012,74.60812668313262,53.400890974050405,35.76964395405602,80.27580967438215
50.98925757308718,58.62678431932681,16.999629674800122,59.10707096477058,23.267817682208513,74.00055386090457,22.300018103847783,91.6025519351948,38.81522880889726,54.39762579598412
86.30269481496236,69.91931979813764,90.51338748441857,90.21064657183129,66.23155244421267,51.02132023643106,93.92124932899587,94.56938848825254,28.617510577189197,14.960285914085746
41.667008320637045,52.51757899342241,20.06436829571957,68.83531995402284,50.10703207072771,96.92692443485262,48.64037550971114,23.2108962879776,70.56372943682398,78.68627237404655
74.3865280888171,83.47379547769675,98.95870741406698,97.10291312450997,65.89508470054467,95.56995589188719,44.63257524422016,14.398498121480863,35.91875534165651,30.782778925933396
85.63740982148023,3.3133462193210894,0.7310488654940772,50.98776547604066,68.60759642621699,41.24294900127586,78.05386926395002,72.44030003178909,19.071640404123926,22.265314275345983
31.001635582184896,26.837836527714774,26.348337714290302,63.871058176287455,2.2322872897717616,82.06222542831536,71.3153983892991,4.197356827623711,36.94005711662379,47.05566410184253
39.27501835387099,46.96483564026922,19.986029727419886,57.63088198890566,5.403959234790234,54.32678415984154,60.730904094814285,48.52389690303143,85.38272078327563,92.26462413829178
35.65562236883563,7.660361631371004,1.3993410170462628,48.426042944661276,53.26777265912499,51.17558875571745,93.514670625037,79.6355226793182,73.82520435769234,29.73732920745237
83.28558086179211,70.59066693266583,73.23679001473155,84.59593654230126,19.10354777600769,5.4964061378651845,42.2259260987077,56.02547245168339,33.46408444635639,90.55785009726203
4.434686195360116,39.36634140556408,69.34258020995962,64.45251356703602,63.253376880443966,57.397471046831015,80.85316757722865,18.801326577400502,90.68089648367024,5.365330873982788
30.842108882868004,27.266799026814404,79.23509643549305,80.13122648554727,55.21857391706481,90.05779305631646,38.00929457458185,48.70442994699632,7.483263511746696,8.352370501794681
67.94085575951298,0.33788468084122725,25.669854646456525,78.63639366024132,58.57603583708912,78.0133849195092,83.83456742961049,92.1274716448893,4.975379141364322,69.8561025135247
56.54434995653427,71.98303117499538,44.43351670829699,19.10451606552953,30.245537983101066,78.63171446992621,25.94746289659686,61.72129780442768,12.747035478524127,19.059266144817556
43.628935929369426,83.38093088728617,65.91135216215474,65.01635325176437,63.98435062778967,15.992903857633923,28.92670728360325,72.14906275690198,11.64547558586031,31.662068319662538
53.99482272213844,39.50405356814984,43.976850388814356,19.96480191813341,82.9492636485023,35.84494471335636,67.7869534017454,33.62638796625149,8.783431501234052,13.637298098057904
19.758458582831828,56.42179770333655,69.73257703179158,58.332047824377085,99.80712535922372,23.320491665023578,21.271329495179636,18.848377516761772,66.13426119979924,33.22482691325484
43.07166216080104,22.768662592959842,63.397340844044216,67.74346844463005,83.84443861722143,31.591528245563595,22.91541870254288,25.56422298996036,60.084237965542385,28.045999389246333
50.1702984176349,62.21976462801331,11.464780302217648,99.72350715875868,55.74987596799475,57.95393434937254,30.526242901741472,53.31775937602949,64.76055105817147,73.63376389889837
90.11891219546017,1.2137458315200522,78.1043121076968,3.054197814973836,19.342959167995655,36.47838133702479,67.89287696603759,28.022015361070373,68.836605416203,70.20233881890438
26.083516280397635,48.864389709875844,72.06763590925182,9.124239411372093,68.14458761198209,56.06978174642661,88.93880924232319,54.19647874261011,75.68797524806799,95.49271764283654
86.78285021649326,64.42054818406923,65.58343876174052,7.702669637123149,93.76537855579782,43.850124827457705,67.45676511269866,70.77919273761769,20.717692748641035,72.44216851730408
64.42414008259819,91.8191773229734,15.509360627100232,39.836128626674004,21.18665397323024,28.661555844972764,82.78142443441251,73.43958761703014,62.23035132347998,69.48177530213849
2.0340831067600984,38.13358171222843,26.799644879536366,82.15883614858137,25.59956205265771,9.540343420515862,54.35605896944698,16.468493966109342,58.004865933637326,69.42038890626517
72.46313368993937,76.51902029810299,39.31770315876004,84.40563327871357,14.900854341165115,89.18384573447827,6.892322134514528,75.04308488338631,94.36600258034737,88.29674556481761
3.555187754905509,59.76870299435008,27.992962165644343,73.69795957211517,73.67216436264017,1.1373366004648666,10.046621150850065,67.26881395923591,23.236772423964858,29.623673287555008
99.73811268138131,92.70121129250806,22.781029067613147,89.68782418299477,40.656150342365926,0.16524881419711646,55.43919783669155,1.2005133368706677,5.87229343743314,30.009210919380426
87.26366876911979,39.83776756594306,80.53576701617757,32.28599441694525,6.269563888638407,82.6797739763546,32.78009686421096,5.887217508975084,65.34950697145432,74.12138097049368
29.734374754004566,31.9095339872988,63.823224636020235,8.815464425229912,87.49499914902802,99.681094032579,22.056807363694265,64.62495018603803,74.01728402367118,22.87051371501274
25.741123019670543,88.71419986941437,56.547213155025034,5.8153027989850115,55.767190470256665,72.71028277136563,46.62569273026208,38.370389956370964,28.319600580755065,91.20200041479698
38.14410821056089,4.924440140828912,22.595271085325386,85.21327196193863,33.10942920003558,1.5273838062884737,66.64967409043015,14.610399957566589,57.084843093966896,53.4781725086886
35.616696531444305,13.63853929336768,91.80765622686413,73.04362943536913,34.39829760610969,22.669022666851333,38.49919477358584,4.439655916963325,5.953606553415058,30.012492809283174
37.23378183853811,8.240443458404446,19.118303909731626,69.8615306011121,29.025122019090677,97.18227002619612,80.25422571573417,15.939834067243087,96.0044841168289,77.60999296899824
31.82765461194804,84.31099565764026,79.4950932824677,33.967633854566884,45.54801723926418,80.86042521738348,73.85232465713936,95.75139643216166,10.992497329916862,31.23206298752961
62.11334068483314,1.060742337031939,96.6672666705293,37.99051886182262,33.7041688488145,56.679984380471105,73.49148821595668,72.75656415709697,6.75705361519957,96.32783170718717
16.426366372062397,86.16571554970481,72.70927292242361,95.81135288993192,54.79463040706094,23.686070944035897,98.51896896773886,52.770542093429384,4.4110159494619054,98.29892097249846
84.59812924460131,45.12677953712668,99.28587751846297,6.380474409793502,77.35172522712942,1.437020592674898,29.522997737163482,94.15405000545918,42.72719065033527,66.67962419661961
81.24024840313153,0.40252788539707485,65.10511169779467,77.37317369377926,67.44612834443735,2.0861472637409006,64.47255863408952,61.91104376816039,9.715974345719003,11.363388975022925
47.64832078552704,40.164517721204184,21.746034360389498,30.963332370839314,29.445689275411713,61.19808635302266,85.54783401603136,72.56451882806672,74.46482409555753,26.32088499332925
85.27299652785476,18.680084104503557,20.38194937165113,3.9054618412556086,52.874101153977925,2.183187635242312,57.95244339139109,28.265181850587208,89.88741606264057,51.541696221605534
24.71450700302933,62.4400487472163,32.456428425547635,74.25701107424561,84.01261599122508,99.36301419253726,78.95021761153926,58.89818435891958,26.021893232485706,85.14474500979816
1.7565455703966948,67.93587899216466,0.7130020221006061,33.09118856783746,6.820623474272547,18.33838334937381,41.44521858399123,14.347724429784027,62.87731192513989,18.488649694202863
61.9207925029823,48.752757040499986,68.16984700828345,72.21475187427966,7.829726698690475,71.07073618692773,59.049134565480465,40.44831451977754,4.233844701181777,10.440345901393233
45.79094069647154,4.051952543966997,26.866778462782758,70.765438311812,55.61700680497535,15.505972141241342,5.5666392804328275,3.3240324986610115,38.65644716927954,7.447748318903558
56.71645462958706,65.61288043672019,81.51832322927528,53.47868754331151,63.91151283898032,54.00934210977145,98.57676058248134,21.66280875826805,29.294211342772837,50.69675623600469
89.9339409018403,84.20387836055212,35.917265055930024,77.73731292105488,21.14130157759041,8.061128846621756,80.00184814484173,7.48686294226747,22.861909644035883,88.47009695947058
96.99255735659435,72.03242773264014,47.99564934633127,58.103832417124345,74.5220126691518,76.67784245332432,86.88090716314495,38.777881950723135,64.4723489628699,4.235924264389235
63.4453139755603,82.99579189553185,96.56889165603693,28.66368528482607,64.62633770407274,58.492109472482966,69.42942781429461,84.30351646384902,13.022794635853629,21.23215339935346
76.40555898524384,20.050952355088747,24.21721230472771,73.4115301064419,92.32892682362865,8.616669340141502,18.605003280869948,37.79341063450531,86.07105232969884,69.32570158395018
8.380843348716427,88.88879396564826,72.12540974297396,58.913981587772355,16.89542018585367,84.85861892000055,3.1028442418032265,83.16396259946434,66.48359063687347,82.58634351437153
16.07155848915056,32.21934506479628,75.51177893054172,1.2727281689920544,75.13742653580107,54.7018614776702,86.46566077360136,65.64983125788874,71.07351786880581,80.73995292991695
73.32048049529766,1.3404814251991026,22.099815752363515,90.16441777703093,8.364309058326702,92.1592310013318,39.63306537361231,50.952944663082775,93.53443086576682,78.5068057320331
43.13654563880019,84.33916463290707,50.099683661219565,54.56436183243134,56.52924095178975,91.66233736781126,26.38648760399199,23.689169326133054,94.23728715025148,12.979980081333997
44.59652704044057,94.18212689647267,35.020192531296836,86.86272654795317,55.189513949914584,92.05077894865823,56.16729588389444,92.21560928441524,55.16523238192358,39.72375821829185
30.86076816354366,65.55581974173488,77.19062434000892,88.27368389822446,38.83850446467406,7.778520020046797,42.08985224757193,5.420080884203326,49.53798172859805,98.47446628317465
60.735638347774376,23.143663046342468,62.24833190290374,44.49666567350885,84.45711476685672,12.095776175452343,65.1665995687557,68.89130176988154,33.53816082269101,98.88875715880882
18.51650454162026,25.174446428253038,47.598305486054706,50.765999645123095,0.43706447860122344,98.7705809716198,48.37932330545136,62.12398928093689,71.55716102024682,60.24273919541879
62.69162793138956,46.65928734356195,77.93632650477183,41.57543876756019,52.01794018985208,48.7600821398706,69.72331404402706,44.10415222565268,53.820888697981296,70.92672047211343
17.37988571352397,89.78310796014195,23.515557000841703,44.94367753080455,21.715354983518743,23.821405282914764,85.3423269509143,24.032095529260534,93.28750797401246,95.12837962853091
6.382603470971359,14.959765614755838,75.3621880584359,89.51471589717278,74.34986191164329,76.9664488498658,19.555701095578904,43.06959368452669,23.862594871260534,44.99278612412104
33.0357688699061,82.5973669583487,86.53743120928243,78.8144013967911,4.306742630609717,26.4285221212482,32.94328805654868,87.27727255534207,31.025268625049073,13.686685788379327
23.11403420098477,29.130280870515037,87.86215968075724,12.652567631557798,83.15546881815776,72.72156880186424,43.68155865706389,83.67661102549542,31.609044741996872,66.89488755160782
88.89916385563323,80.85861694290979,78.36735930196038,61.03077815400959,83.80922267069515,83.72857778497611,96.20584480276382,94.13812499770292,80.5998454556707,96.01023049005235
5.49534538686266,92.02711976015387,40.80141669982687,99.59066403863423,83.2866012403503,78.42633772952806,36.53336135474853,30.7793206625248,9.904033184215233,69.72060938662943
17.661369257412286,42.74938719943202,98.1808022717827,59.555070123248576,15.256852673266986,27.40478081979354,38.10998495926295,38.71041583688729,45.56491209889797,80.33211270237376
54.87196055830494,36.50506541055309,37.95936438224399,78.58716255931056,63.04065185610449,40.161857407923705,65.34725229595611,1.8726152659863327,42.75807369730473,42.27488039706151
48.10671908474736,80.22213189713018,63.86253991024257,76.9061473381171,1.4367359183389605,41.32510032332763,41.919970988994926,94.29499947200082,7.313962101375859,9.646315414485107
4.585201837470154,52.9482882379394,16.107417806946867,35.03175258723286,84.79625912891998,49.12729181044718,95.12237456396052,32.93900918172689,41.079699854434715,16.88820865517333
0.7252428015144474,68.44490484631972,98.04488986363927,37.18493027039589,72.29751935086205,16.737285154013605,89.4468760475444,40.416382153299324,51.33779832839813,98.26548294354771
98.80679419611499,62.282923696117955,70.39859218646633,72.40764217904032,53.115373089925264,45.24700504143424,51.34087777756729,90.78046114473946,6.510469250491324,49.31843169942876
65.88347003588382,15.288884564479632,75.33775452463684,49.99835316048351,73.0591433096617,51.07829905154797,64.47752339478498,52.65984301668132,50.986212844466735,1.202059017724988
36.54061309015568,84.47903602895617,6.577670341114461,57.0570709130388,9.432409665177222,53.17089965810524,5.803056188362055,56.6174541755478,95.92379046834012,95.53672807311739
47.04322476632413,19.577511141313618,76.34178142206719,71.29057903648376,52.86558321768563,81.99004299844582,69.5730528032398,17.623283815091682,97.89143231615323,49.7779911971053
26.655012045428695,93.22821440707808,77.47234292206014,77.75750270390502,29.127649181644543,51.73344984794952,70.72008729490322,49.866002081865446,53.16797785898112,83.62683982918377
34.48737836932098,25.057129142214784,67.17727263622298,27.151657773307136,97.2619463222973,23.078392251367518,35.91992956432081,91.82086009087742,51.5096932602959,54.84581420368934
64.90444672682139,73.3880973273742,29.190961379034363,14.679375943696293,85.71179506239017,66.31287382441872,21.968288362527268,55.8718088107926,28.550816641639145,10.170228367476108
88.28117988673708,28.465539349359204,48.96900421608815,29.179464672372525,73.32756958339769,79.73141440866252,91.50784018170167,25.511636463975805,99.71154717121016,61.55695821319467
18.413002308118486,31.778540858686387,11.043437130871647,50.753832509207555,93.37476352497319,31.937166643826174,42.67049008051277,3.1180864134762842,27.422917102522604,99.74002763196093
84.03615053853187,31.00018527823053,47.15870664591526,34.21413172970391,34.68433045654737,64.53059290176051,65.37061048017107,33.6301773454068,45.29013004399564,3.473778264594307
12.155662951826907,74.78922540260832,24.382385260040486,56.83627588475938,90.08798989881812,14.693799594601265,3.332879497625596,57.2590914064458,0.2934057802676526,84.1794197515044
21.49922235883912,55.68151179693931,34.909698649408206,5.346572412562844,32.52382321067103,34.1926304578064,41.40671665768363,4.261328837083012,34.923229090913686,23.548079565076495
3.7175288049645983,88.29524558474972,16.26004084036986,50.97504116137672,73.2796719691153,90.92239295496341,81.725881101388,60.97925772911562,7.14403006088239,39.38662227121856
14.081186209299945,30.737271920404485,23.005436774689702,36.79849069377079,73.6416911776449,91.13081631625708,38.7576000400715,52.34138271181128,74.38247703851323,37.27095117728953
91.73031454640505,69.19925220567443,7.656864182011624,53.46667548928824,1.8349876454093472,57.53245787430637,60.31611601368768,78.34354691665709,56.10144530299323,89.87971942691196
45.94387466183786,75.29485996631107,91.99013664369214,42.253335488497676,36.105969827819514,70.23514608651067,20.985580048453944,2.888817227196183,57.21718772876565,50.44861888318381
7.7665861778353555,15.148211302995819,53.04106879754033,28.422585063754248,1.9432672408497886,85.40154152059414,41.652564883955954,78.08473448187374,28.6511285899703,44.71742868344275
95.97268380389613,40.058935731981116,39.67419712627397,90.41079054576358,99.70920176102486,95.85531853126267,92.76377180531867,52.08770457581069,81.48962902529736,81.80251088367764
87.899230775865,48.28174943504111,53.50292127687839,18.47649884213569,12.2196761829238,48.98864402897695,56.64517497010372,37.05293327797114,0.3270925331250174,4.890713430494776
75.46825208681412,35.568738989437435,62.829322848155265,68.13655755805597,54.281089564810934,56.15757366260343,90.19314590929315,96.53829763588242,33.360117916419206,8.645631509522378
93.34727919475579,32.21125959691381,92.18787933693491,92.4644712582414,79.05562387626372,41.56415666478303,90.20192994895433,16.011954723605303,65.94974904588678,2.1688856876289297
22.012942083576416,68.64198939976419,17.869295228631334,53.86699596854331,20.126360226089247,7.198193705642875,94.41478004244796,54.13251190911065,90.7922537416921,68.79829040075506
83.63692930100864,21.586639765948856,29.55524986352176,87.6408488579482,48.505266809547265,42.280347244881845,89.53916600801053,32.09814735924784,23.461595692523307,52.56161370791812
68.99911963543062,70.93907452511287,97.57893363441147,12.485147843328438,60.74287609211508,79.06273393830772,0.3281129010300643,52.748637879533575,54.11000517274181,87.60221258682826
86.97592495676884,93.50441963907305,37.11929866485244,49.37887702564081,16.020475439554538,80.48854979915286,93.40148915815969,55.22754525804121,53.799142053332105,49.853290297260564
79.69115657426298,56.51975211777511,2.2561650757327634,45.70252804809394,77.85554599115385,89.23771145932997,13.745943908537638,8.944824842484579,87.41743690436998,22.181957276199416
34.6495063176825,61.1434236739474,14.764349263715882,0.8118807036994857,29.933645718936532,5.146670517596908,3.9926251111150557,66.11351469183498,5.051688955984234,80.5147373104416
77.43985370172555,6.8932702124089085,2.633870174855202,44.325734135933445,21.10230763388403,52.71545895806339,5.538853457805281,63.448149591901185,42.447556107070724,29.432385423262286
26.245630298489033,86.44769036178282,98.99231424207284,36.90297563825978,55.828874643741685,10.742448793707627,34.891619517643356,76.9467274634464,18.246567479193153,93.5689782152209
32.859216302805486,28.544778719986553,27.887084899122307,66.97987277746154,41.03136276429379,20.07421831657433,62.08040852687936,9.0658493659171,2.153260029859805,25.042388785224045
10.790571722297615,61.505116552856485,92.3542756936226,93.83297785765185,92.02859446364178,90.02165023806064,40.231119651899746,29.72585469036878,14.703094052048282,16.77206528702868
93.50766159804688,97.91121697448023,99.58862757597157,8.579108826203651,88.0062698198154,49.67912584296958,2.5554284649379477,65.01105997281013,97.64706728481991,49.332399151068785
29.100336340028154,59.55026005728078,59.984122114311425,32.74763867146231,48.335066338888325,75.85449208966136,47.64826341747147,13.673082591560847,21.48485095202679,5.051511797024332
52.062246517145184,72.47094874643776,3.3196315065561754,44.40647373942519,35.92637747255976,6.438410592868083,44.21307422703801,67.75982107884423,93.50307733358,3.6411728482617645
39.13328364661927,44.53196182237519,8.159163038692697,45.51853780343833,32.55179816312652,41.6826503924852,75.68492655016469,5.902671082042299,20.525434263094166,49.6014545255458
95.99281205835015,6.036584351505736,48.158905510787775,77.48097208422537,26.756362308150738,67.42402806643378,27.961289842543835,33.49315529596277,93.12952273844844,21.510688079478758
33.50491709384824,79.75993494897885,40.6172012911486,44.33956658334408,54.45478537124772,13.34064812782133,21.753117379436716,84.6711122332519,65.46209352003144,0.9352638395181301
77.8545821422689,3.499884126398567,60.61773057817676,2.7161301453653364,80.49786047345435,32.581787910568316,25.593895767662623,77.42912903811602,11.321857750192677,29.605691143152168
85.541615463118,70.0657828887854,43.884780971136394,71.01040945928312,31.07566082035578,6.454780502388324,30.3739822629848,64.47607152270879,58.19151551265777,47.73673538465919
43.560649748096594,2.2921573149636942,93.40768492714844,88.48296951456717,19.00940896880815,65.13399408695105,59.91648733671665,87.04584166251011,31.851403754027864,39.428870146042314
37.81718144529312,86.23052365766706,53.473971541351105,51.39047125496729,47.54838061832868,97.08912590581185,47.152548545207985,70.92695441722005,38.31531559780702,13.54694661604231
74.7745820932628,15.763603583298059,69.37260614624422,58.11085216985054,6.903441679766653,82.70454911428297,33.68945651790579,51.9375105210803,44.017095783497304,57.96748278319775
91.28959803062341,51.427149544255116,89.64852726424965,16.29364389690461,70.12790061297068,97.46231168075656,37.43141582836784,97.97175003857866,42.270702253033456,71.03329911476371
75.49317330722383,59.715070448314734,14.687187583320737,22.064594467895702,51.83582663019336,84.56047950983965,37.09236601589762,69.48560797893195,66.41088904830289,67.55391621632954
22.71263655918656,45.75454073734121,22.973465411852857,23.517023912461177,49.63748079728541,85.51958061969786,97.24066947103174,60.13671768130031,76.83680685907632,39.37619212832725
88.83077474377053,34.07634893488872,10.731866047401507,43.07419748812953,30.044537955002248,57.71771953713426,23.299698805295254,40.88705609535646,32.91776892011213,13.759615117111402
38.75816674368331,46.78142961809717,13.963839922991228,92.8145220895642,90.46734375317367,51.82523114132099,81.80615602722587,90.24124985790503,92.43639616856898,49.94867734907227
57.62294117779343,31.14157538811587,51.258396693423315,52.1784766714886,9.04862918495527,40.625426642782756,70.8210837588187,29.57090956049928,93.84663140188765,89.04317549370828
83.1435619292711,43.812234708086315,32.1179258967464,19.209764520135263,86.98240088870314,81.809489504588,0.5570005603550587,0.9219594210902682,4.06904371511434,46.87228489412328
18.83947674004922,35.891299099803064,42.31728395267549,26.608773586894962,37.670520241592264,18.20676122780246,99.3176218125488,19.674052243235995,1.4908788883018498,19.56810497415876
78.45101356775531,56.62048235071453,98.24898317940618,38.401502972718426,88.06235159750223,5.62249158241932,75.64393706335736,10.951749194235916,42.5066330151061,9.305330309373039
59.61627979106775,23.792416224498346,15.67043477959481,62.325897569279945,72.87614583323835,94.7893822684675,68.24495863507913,31.899377417307207,59.064525098765856,94.39266380988795
89.33416418276082,98.86565549140126,54.081207079807555,44.00331530040054,10.41707266620383,0.3778185203477058,40.53247076766373,82.5878677458455,27.79047474520616,74.3009408876915
17.197040184354297,50.08699533821655,9.887115505365095,39.24448441769249,83.15362865093536,97.68293218758518,55.52030889142896,65.15296853650074,25.941375108577436,31.296697270048234
42.068223704092844,19.416207741450965,31.84963132638786,56.47286003989947,68.2176833699505,72.88533698737658,25.32708956674702,16.898058923371252,67.83338297091906,29.535240620517445
83.28430928668375,47.70667495672725,52.75259236745986,24.183499495446547,3.230191291534845,32.84989196978276,3.5483405145697478,78.88217210923385,60.17042846555698,89.52184867225975
1.9231703456760174,86.64151295248243,94.66317459653378,7.8903272584582185,13.370268210966996,69.78198430863102,83.60216584459728,50.42198660994027,16.714687499310966,17.75682348096511
11.220136676564286,2.1806793124395596,39.122822128348304,2.4414314822222116,63.562805583569514,81.78751571851274,89.64844936811717,51.271462411829695,88.45009632651588,53.50372896565445
99.05652127567348,67.95541191072888,6.490669621466982,25.125916346712707,66.2600502880285,24.53620559864359,16.247063661423987,36.21121809808733,67.99760701610698,71.35042751793014
28.039417859035055,54.796779679392806,38.81614479603169,9.159203414446871,74.6651432837595,77.08956832795819,78.7056095845733,86.46163648220234,36.25762491690083,39.63903519656896
97.55431937239534,16.955799437013553,14.574117587397772,33.63406385207668,72.02454007749819,80.43696250082402,74.11526732856586,31.832730385579268,68.362468999115,3.9902342543088554
18.253155100867392,81.74764393049206,22.998961329144528,77.29335403597555,65.9519954669955,24.93546301253454,17.837500193609046,9.413976066968866,11.265308676781594,22.775881371952156
36.109444300733564,36.88846223740057,61.809062316499045,71.62943304868384,76.62389017464226,4.192635437798353,42.18288025747938,30.272899397194507,46.825612457405605,90.18081374423737
75.28694445035707,29.380202881550744,6.742386620368168,61.09276227880288,57.50857058923729,20.412228455809768,42.27579208341034,71.53535462678857,16.89844095595593,52.31189668395544
65.77784072381785,82.8125191856901,46.472375625003735,85.25002438794787,26.079138552445492,20.064640888939444,75.99642583052486,65.75818868033288,4.143124612843662,81.54412464879698
58.11223999290556,63.85250461916646,60.94615860107644,28.20676245442767,91.23766137307182,6.524045417548319,83.76609057760554,18.801715355357786,33.832627028829975,55.56855427906173
52.98991758050076,89.82590836748244,42.185839236749686,88.50537530299657,1.8214030931977931,72.60073846551958,9.477512139137101,11.178429910494202,15.073548348078326,94.36020957123034
84.34404436647402,62.98837036711994,1.912635062373036,39.923916966917915,36.65617198714902,37.99749244584082,56.29692349042029,66.08657584017463,63.35179569538247,90.91340755568451
23.49485628333927,74.08176579321153,98.55193569028654,40.08933182666266,72.88702930971634,88.43861674538583,76.17484969288853,67.63768356549123,67.40678940177102,48.28880420104019
44.24709269935184,83.64458962596129,36.71157673405353,40.53516136255215,42.715604114967434,25.217110566518596,78.61905940651585,36.61496372105707,14.869230622660334,31.827402543634943
15.545229215645728,5.473963590993691,77.85771869332669,9.809436624098144,2.483440748001431,45.32321650999273,14.799352443040892,84.28013835290797,2.4613005603426275,60.166878734561024
59.594159573070435,77.60489588693802,32.56464921874532,97.54904983310557,6.598090311621318,63.90174289267628,52.55051431507941,97.82052037999168,79.28105616351604,67.48876816694735
25.054442427132017,61.37064818495767,47.50167569934188,13.85067778251592,64.86373691382886,87.7464949671778,85.75587063627029,20.56452234493954,0.20570207285622866,49.83550923006316
33.38420643433858,6.950779651519323,38.84636426109965,34.088572446918455,96.48645994052997,52.46211016193748,31.851857658528417,57.706871570602836,34.39130891837887,82.22832210950945
47.125071662352816,50.85779218687151,34.25392295096077,31.930032032675715,55.1863635834499,37.35246278123828,42.511689891179714,0.5346329003939165,49.45832980456698,18.33285217848828
2.6770585703127847,8.245807798395388,2.1851377207778744,7.467943281670964,50.6757818023769,86.70150784720089,80.43585113363324,71.30543960262874,81.86421885384328,33.44118306240323
9.193793592083765,73.59472017232224,36.00209378545035,15.226013011187668,31.832521305626727,31.024642468761055,8.93195211837623,41.42821135633178,83.85586427461406,68.6376357366453
68.59292207082196,54.650171389788305,88.94899903995301,4.485833618538582,25.669067386606315,7.942369963257645,85.94932898889782,19.326922690316483,72.49394406104554,24.668386538755726
42.89699807175072,95.35735374122973,69.03933385936837,29.240449356051347,2.0984981756284715,44.504210751024,31.115671673080904,75.22219217643762,24.719762253989785,43.98447446836339
86.47902219998954,18.313537157176984,14.542285909543985,86.66569240289064,27.295486764047116,78.5093306497992,0.14503165911271543,81.06487975560806,72.01869343191709,96.37335466282927
69.46720036441995,60.60334525203784,59.115500462273914,33.94422057373845,44.911044086525244,3.0780831753523086,23.415914505635826,11.116650117593728,24.653919787694168,62.58759726865741
0.8100941647322446,21.158213457049136,89.22308599488716,12.369183206737922,19.794978304895018,58.58822449895921,8.950064089550647,4.0995761838034,21.460819173170165,94.90572346411257
61.671233076713484,61.406498472739834,70.00340409648554,64.5693868383918,8.734798848142923,59.44640485272361,9.238490699624414,33.40784416691173,54.71279542305324,72.24414032485758
9.372486605971641,72.26497023608565,14.868439235669673,99.66009120549106,71.77278672546026,92.85417634273816,69.28357341425915,62.599046576103554,67.88544438340625,72.46667696671729
78.09331797904943,72.23043293295386,86.78324967344967,23.232378953192757,89.46202690680671,28.64648171450218,21.39763356390648,79.34195271886331,5.30517659116806,59.185717369020566
99.1507688278502,81.507399068261,30.154401328886536,27.957100537056945,93.67720696870856,27.88366132106962,93.47423629769824,54.60624966304577,6.002260112460844,14.220859481472681
53.11987942415115,85.35502279583167,45.40761443123418,97.18470542807886,61.799872849698936,44.04836513396781,51.6444546591304,58.07487763069806,78.41706868167898,51.971429088628774
68.27795001941304,7.727172626717705,52.61427596891464,17.877628755048715,5.2774582599281805,35.69149014715152,46.00982579549186,79.98582217528912,85.94972509654798,25.2666200503471
23.731416089475154,34.32671570724041,85.05066043781953,51.12140674591639,74.08626299617734,73.63458626893268,43.428351822015166,52.88433742187594,60.4440916341894,99.86725543512802
43.75977437537936,68.71225203598057,93.16074951476611,23.965213301609488,11.009530526188637,64.17520771315496,69.25876396716319,61.11544902263005,42.88280097068859,26.696194010122053
85.60953322363837,49.858628739121215,92.9652877790556,93.23518979012438,66.97481176878239,75.89210379062663,45.22627625236084,51.62173399765593,84.53164795991859,23.06858434614485
16.742294774625122,19.06759467547915,0.795418127854064,98.1521014576294,77.93658357478758,82.00417911986891,12.860035622519185,88.0458233367704,72.88170327753302,62.38831551240446
26.55356056137621,55.2709570166698,92.18884855854571,81.46978461200153,72.58647108264728,92.29811327341477,88.01721806407565,23.551661858508886,57.95941984312686,51.094881321963015
44.543367528603014,40.743565276614376,5.438696600157233,31.478381581281056,95.18838057611306,43.09367317846476,42.839534892565865,26.399358454050937,31.975712194876337,2.135291325451416
71.22488918440139,39.00382776543051,26.577365681743537,40.3487475280505,73.81462844673898,98.46973894715495,7.400457569950247,12.796146160182575,19.799506165681624,12.953317899246986
37.58839547956738,80.97537174356638,51.49878547278329,24.230568366642135,69.32097779818085,21.566081340365272,52.93659874977611,81.94667514944217,41.86730392715157,81.10429418275126
92.77322797830038,40.75983338321812,47.9925689004394,89.07579670089915,26.17431721831024,71.43651619473286,64.73468584557034,41.177729056235734,28.682257596021156,48.36919551475606
9.445705126871918,2.645450548042416,60.470979388739195,91.45582776881581,92.47686864359017,53.40093173071892,27.558246415775855,34.78939408812438,33.925858773446095,14.601521482301438
37.08041975448475,5.806333889109128,47.94462287370058,41.887066224604716,17.95438707941669,81.69005946848834,80.03404076738423,98.13487170871562,51.56310553120325,46.524256283573365
70.89541234284219,85.62440416916203,93.43756796404207,65.65330699030018,90.48966114731265,47.6770520606426,66.97758460373637,92.68033664397855,16.909395695160978,25.31490830824037
22.598676566149244,96.06008100125213,24.0548848214587,16.555317977469386,31.266254334591036,78.39386353624313,65.03411692644335,97.19876821247614,80.61766800738255,22.359146111234374
65.6413134229673,68.84093364557076,27.402469403848585,43.493590036340905,13.016359387766874,93.0168714647678,42.08249528677942,14.229899675869284,14.552946171476744,95.77252764451045
16.421695822734595,36.43682941000802,92.07379356930562,63.149910667349765,82.66830272711707,73.22942661400873,96.19153014112878,89.12518131481663,48.09936394209524,36.2024526857741
5.598028486168638,93.86003157947275,7.673951374525623,38.54031185180196,0.2495453600829145,77.60942862183244,27.418916794924762,32.870959938745145,74.59713380804367,4.643110467233913
12.101571674864886,66.28030863757358,60.956082190480984,35.75995256864599,83.20883176808307,6.717543126585612,57.77055010154526,1.2656770211862511,48.502070768959626,97.03266726373027
92.99847831341347,84.43335491993376,68.17359520656107,0.09989922669426665,26.23118420459759,20.495766223228063,30.90551574726176,39.129833598306874,36.102206358863874,79.48395747721578
55.175088293955135,76.58523040370093,50.55417234297395,80.42934637771141,88.47212727556213,97.43037405035938,74.48047529715541,50.91963531380597,47.489130582275095,25.44133065641585
79.63457754796491,37.91393157725924,69.42318788231373,88.93376120214482,69.1479182241579,69.31870037873944,4.779148387012144,10.822042356740535,84.86706988741405,40.88918347053914
33.26545009050512,47.87022008507855,17.2754646011967,96.94635295458322,66.61833328505901,56.14490173110046,4.589386787504923,53.76776168742563,99.04316982839576,86.22895745951284
59.26586478854466,18.61321543680995,85.26322327715398,71.92713850692155,36.53195631648434,36.697637339645006,81.08609695187914,81.94635841767315,63.11432892894355,35.741351932327426
49.49521337049916,29.201410044073405,14.002568946988559,54.87923123698846,5.940297389077099,4.438900120691791,43.426816106367106,37.7650950839194,79.34440426487008,56.74040420065989
94.5737959402294,77.81256612865218,40.08124443157497,26.92845198087094,83.00730982055772,36.9135907964135,34.11800546003557,35.26448065343022,1.4488686159288666,53.485686966461266
74.75746360541103,89.39783918831083,7.52576013082058,99.92994759634985,17.0903795176528,49.89128732895759,60.75268621753385,33.88104202306774,88.03644095245727,40.12945486287997
73.0542631496579,72.44604232514118,54.521107881740015,58.97528545321056,37.225864189475224,21.145950938688674,70.18993438689736,92.30944458836919,95.40497599279182,63.95019018137161
4.635326943427954,46.517369665663836,66.97458074256392,68.11540723304462,60.03546855090818,17.313679127383253,20.12013468444066,4.87580987901991,57.51693417575705,47.32907373018863
54.96696690036911,8.650926893974752,94.12216350952906,68.24061619553177,48.22537385606217,50.84165513575169,18.543124140473154,44.50761419929553,75.38048620602198,2.123049167397284
46.699145390181485,5.694794869844822,73.93361958960008,84.52517957571814,19.866063517131806,58.59042356275439,95.81507477598815,26.459945414971685,51.27447429600749,81.43831076479375
92.78422666061945,37.43255646128538,54.11029164541511,0.967253884691921,14.06163568822839,23.991791885452486,58.966430638456934,89.38070253874942,28.62037404555897,11.31557827537193
25.734198818953224,46.38217187676631,93.26170171703338,22.02469404313718,12.324627225029062,58.73894744562131,39.01164772942681,9.605226358380392,85.22479719830129,46.40899308913634
26.983345329109433,60.91206222132969,47.843683804087654,66.5534000170014,86.3007881499201,90.0339963874295,80.14416946695064,41.14427666804108,59.68367119959418,57.99007909274971
41.13462488815004,0.648952138699721,56.12056530988694,89.51457368245677,3.1559549061333625,47.31732580213538,52.51589587779172,40.68161520310857,57.9383083791407,70.55060541932909
24.336971340637604,98.97228904663064,59.60985276700958,68.53387819213562,97.70142595998944,85.73901695871814,24.166281037458138,88.83944175470226,65.91322038412063,41.07965352879495
12.918391780874948,36.39388834040429,40.99797258865669,41.34912914936801,19.85286903854141,92.72714445333185,20.67353056415738,21.549344504096947,85.60031658288484,73.55484870305314
85.74148466508008,84.80946638011214,83.84826905658241,36.15554958702616,11.032229687907813,9.23940289370857,39.68592661698217,64.4895410301611,73.19061257709643,13.135008471857024
55.82765244039158,53.49667056654044,18.517593884505914,73.79480082833204,57.69716547767951,9.581157965679699,85.98958602598796,13.440612688778907,21.112419421574526,65.3445548270779
86.13627189565668,13.043945453334649,55.4842190371608,74.12376971371934,7.998595794069663,47.604418288760144,6.144791604425892,95.39757140805428,46.682354440731956,82.6338927585703
83.11347654036959,79.75655525345219,72.2233256187194,60.70579925056904,60.245326316359495,58.810244431770265,21.852600075476314,59.301495927228586,98.02983319862062,88.94439728375012
28.20423547896711,70.98270749198761,90.39761718765772,29.146702409733706,85.06266448136131,42.588346446502925,89.31518188525914,62.62567303206703,55.456071376277464,57.95664959538892
54.77374443242739,52.7436084929228,88.39183964342784,92.51548183905436,4.789802146742483,32.645077041750305,12.17345689692505,43.37734016604722,93.82453534707986,31.28951980750373
8.321770274007045,51.455309133378,50.874028943014196,55.18799421186391,79.98686045285442,64.09941161261558,62.962571826416834,34.22827126663223,81.33694863130559,16.33565117136264
91.52518840307584,8.747960575092806,64.31614511633417,79.04923562483306,39.44774409821187,0.2081512349920267,21.35113681210251,21.26764294948763,66.60234418087589,34.555875287744485
40.42627150651531,65.58489485738741,39.423773612930106,21.430826216183164,15.949063383120999,96.80732808637424,60.586684751188834,60.39877538322589,34.936520265975524,53.997437315443975
39.36761838890214,91.12451557542998,46.81777628802003,34.40407886147278,17.609648026745905,23.207908818802213,38.31041668442321,95.4561745348238,30.4319347525439,19.633022399156054
30.275537061795323,9.324491922135836,90.62657925730495,87.45795163873424,91.87645436942262,91.7098768583007,10.167689643099187,35.9790954092403,64.3421065297588,95.2514905693093
46.06637447107038,26.351145064890492,93.0703993192474,5.010702993996841,11.060575194066447,10.9014744534506,58.24750675541064,88.31568886620542,43.25612408464108,89.71354288729094
25.175938654544805,90.23079734420988,89.54140580670197,51.23153112566621,86.67827871156571,23.808718204457257,68.3042747084586,14.877631284724968,79.87536228167271,3.295719486543125
37.48522727968046,28.43439098197933,13.837086181363823,48.170547984400905,54.42446209836146,23.48737010875004,68.02726189658028,93.61260208818007,76.04567395401959,56.19617982303888
79.99470485848819,65.39436721799264,85.00840213306363,75.12301889080821,3.905617881643908,99.61529042006461,63.70344090727096,35.048628389807654,31.21304867385143,78.93087902466132
83.42555035851719,53.481816494314415,94.83637310214803,28.18937705993324,46.44761457173383,0.46005457258844196,50.02247809355458,37.97272115933457,70.2728783061762,24.539195993400696
30.418247762851614,59.632760500386205,36.124969457360464,21.906682185959948,81.74495144763007,63.96382093034958,51.94726168593257,46.284225703432824,49.455019009718406,52.389623239274385
46.90144305527879,41.57889015772531,51.864628942166924,92.61328387732337,72.62027876391004,86.96865810608529,63.564010980795956,71.82442699476502,32.32921008139971,40.5991882409379
87.38197762800523,29.99914705537111,77.90952558129959,57.17096519584648,48.87824176847179,67.22736540247367,69.02593617466411,71.96534336890352,41.296659276464,19.65462642180764
5.267333182969713,4.853345072966897,56.207813756564875,10.46895682836545,86.00498796962171,36.273381821694414,65.48767388313851,47.95885847196652,89.5351867212262,61.473738387582266
88.91449619957854,74.42809392941642,99.34835217062495,19.303616221432108,12.03647617802297,95.83093627029349,58.694556491345175,52.31528993139359,35.95176921225405,99.3692175406831
21.91843456523317,74.60934621942268,45.57133651568284,99.88260595142484,90.99410533923688,89.3520754589041,15.58389848041184,3.001048777414117,28.739927331945804,36.52872602799449
67.85392442143758,67.07257400787232,71.39427112073776,19.560899625219243,84.64412084833488,43.39549202495178,21.061653849286177,30.429670155832568,35.18072207101378,55.2379008264467
58.255169638460025,64.36337881196206,79.25911401965442,61.047551135367875,70.8276825657236,57.33284926111635,26.022402103534837,34.601707423060944,21.46184362086917,32.78546816215005
55.29407481892521,24.37171321675262,49.41004157584394,42.01280789956181,81.78877421287493,96.75191878052406,91.96616570875022,55.87272687257594,54.46349873963287,87.69486168024969
85.93602247528213,2.234493376629121,85.69838057113758,88.55990948498354,54.3815506842666,98.25603619264702,75.93950917969666,55.82997673713045,14.743643632253223,86.46027004236932
10.157214364466128,80.87153968854398,54.61545912071964,75.51685922953277,67.51624290976669,44.982327571795224,55.28668195368782,70.98997977278731,81.74437864369165,17.877338794797026
34.7028025325636,49.11385356958269,41.16507968016314,59.69513962618158,56.05980707077789,84.73500281430886,25.20569285440468,71.70272962180809,22.558024724562607,89.99488742380606
53.825274634476564,30.683813070261834,10.782367385194702,1.0738981797982494,35.54285305079493,30.198022695393632,11.089152324417118,23.5210724212083,59.80550275396457,15.150871105606711
81.12888539460398,10.193190678057007,39.34135763504242,87.97952074934597,56.88607973611776,37.18128729306647,89.87592259799747,77.01871511048247,12.502549891989357,9.543995962533424
21.64430834116715,6.272159090138841,73.39364547332842,44.466747083871624,25.74653325319257,16.482188299022628,89.2666015822917,1.960356804628205,97.84531482143262,65.29346157015318
80.29298413742762,34.88667217951773,92.12864116801073,93.15776530185765,44.027917084078524,20.91845927767303,11.069559569569154,71.61618846067205,45.45754588936472,38.5904105869895
39.96384824939357,80.47370647669405,25.167940386031027,49.553901285420125,28.07754072602432,65.6873302259359,79.72166660964962,10.20611035194231,82.21713407588145,53.07405934618708
18.89138564336954,91.87237493338304,35.52355173305026,69.42244891827255,12.288778946138901,51.07816180070809,44.664506930991266,72.9648208421219,76.86478356499838,65.25707819374634
75.89864404434826,89.67513646130647,15.39609941044262,6.929264946664215,32.186185638990615,23.11318606256029,32.39669328305401,52.71180905684043,71.36930471456789,5.283723779298488
9.089890147454781,92.00008347496549,69.07228942289689,74.51516535267858,85.19872181847707,40.29096163616526,73.91045362087073,43.725450068309215,82.73648712046098,29.29531710909934
51.47673740754429,90.77253431293427,96.01884300099253,33.79960313119229,38.10807706423057,37.31834598636817,61.432954106073055,69.0666389761429,10.046360865970582,46.09063117688671
6.387578386188841,52.722475160039586,64.09522198481756,35.135901433178084,74.8003648968869,98.73602045353343,78.00301075933373,3.637083374723271,67.84971974719622,26.658740980593187
35.64178551577876,21.941563855690383,61.70765300062263,11.865584470938995,17.519785423816124,85.35658372113794,7.432886063293709,22.347032567557832,26.582723527378114,4.897138428552095
60.10767990063927,79.80465828368204,55.34899305004339,14.685714864020227,42.44191591676416,38.79663333838243,31.85870199574564,61.6440142467654,78.58716640665898,8.667657323105338
55.61155414872131,21.3712974852579,8.845574068553653,18.575905620621015,11.485606933517655,91.39165788960331,31.931685041673575,84.7215406630818,95.68687598478888,80.17478687537334
40.46554179046665,26.720727675656907,72.95038264293837,32.82061685714224,13.862106336748969,34.26353916281711,32.97530922877655,38.1107636945117,90.14895298426958,91.1386759212926
42.90479939721157,23.325432182254847,60.20495435493508,89.19699127756054,61.74363798900691,66.79015127348595,50.24798726438055,25.87614726335571,11.495222247366609,15.223330243044886
22.676955335076656,51.498240369580586,66.1476768856287,36.82602382300805,60.74818174490111,96.66499966821125,28.301380308094735,51.87364357889943,36.9552420672821,24.92619572914857
45.58825884241029,32.18275081690799,89.88110930274216,72.43627065632184,21.33719073548622,39.02788639885523,44.43836100875197,62.231525238684135,36.43227571975998,65.22494047310697
95.32548557208342,15.415604962534147,78.39607870610179,8.27475038898714,47.44231942887986,67.98849651049338,36.77775931154158,42.01030314057464,12.22962663595306,95.42717760924472
85.04529177837904,45.31734118938824,78.0915252154526,59.10987992719926,86.3306166977948,29.59238110626332,73.52960480205113,87.6710682659755,9.812605334682745,29.95897091332711
14.52328690763438,87.3907238785167,92.71837688793477,48.189123127043956,17.42015086764829,26.631231559797463,60.35007956750501,52.34387088600134,38.48901349691817,85.52136262360011
2.978078732092093,57.05528549499722,98.99349514629996,97.79579469545045,1.9210533073514835,57.41566664315519,65.36294323173153,3.5823587570585014,99.20715504965113,50.60246444503764
93.35243127166306,87.8335605887587,58.128273196105965,84.62077698789629,65.19951406635724,97.92645980332182,21.058389408264443,22.30539547061904,56.894265106627515,95.65586390807805
52.674974988074766,19.58721850791374,10.888161603116576,45.48297724386497,5.3498208088684995,45.313384872017,32.550216532688935,45.06470309178145,62.17816286042562,13.625866242819129
53.783782314930775,16.697387367255402,45.91299077754364,77.51427640453387,97.9940238572446,93.76369703165807,2.1165447612074284,69.77255190169333,47.10189100186823,97.36723982079864
78.07179957065223,57.557712569842025,78.76011464616444,19.303874129377753,60.9620283798881,91.43635202447616,10.837470729316989,21.975224379258883,66.23305523040229,44.097862782950806
31.468897387132657,46.33289015462731,2.772532476184919,56.23363273917781,47.03963528439723,25.376261234499474,26.505423198888735,97.62574397174211,95.66620807447696,95.29383904262617
48.190756883600216,66.01726416469569,5.688743835614907,7.461905556870818,42.999254002430675,40.18194070843274,6.546372130202105,31.85582581880835,58.86979536143918,45.86902170515192
96.86629131467376,79.46267910267815,6.715778238282133,34.80890322516831,57.30706585169314,64.33024784941831,60.26324003547025,53.24802068605884,6.5038459721193265,53.00821341205781
67.21486869324072,75.13072956521765,73.10357583283108,22.58621816221703,9.062443672021491,51.80458844113917,99.81301159238252,1.8966384731041175,49.28905691681986,80.47750097773209
15.374503199578593,94.22611736585611,50.116662856317205,71.8909815325211,93.00190588194958,9.595852986317432,10.081521406538851,88.48907214308043,99.27512732519513,72.2628500739394
13.32267479843533,39.82564091570116,36.889794352059354,49.00906912143614,62.56420685518778,99.36980301271583,82.12302126692651,78.88346535251834,38.74027205942633,61.96033204172855
20.42647583330054,20.638674224818075,10.5617045261736,75.10704788480105,18.397849761090878,75.265400121128,11.881624726514717,19.545800429559268,59.388123721447215,41.6980023589556
76.67116744207175,55.09126399478858,73.22402502058891,51.52954376314456,56.25810537646628,43.769403822471176,66.9914018796436,93.32366912398429,10.6636763428817,79.24383673996059
29.537700384061605,11.07431201911856,32.101981055089965,8.648444215163853,13.325650583301163,61.81685496662913,64.31576030590172,31.583976379740463,14.118049873656691,94.82283332893205
2.1388846675079787,28.885112333163143,26.53240700646672,73.53676497325267,1.7552717558312114,8.757281726623011,90.27169348111993,69.21862883801171,87.46814531539626,0.9810896943026837
94.41743635056619,20.788805526314448,65.2319201553551,83.32292639878057,63.0516985213998,49.530165368961,11.394561368051237,81.89763180165998,30.034462825161146,58.78450964526611
16.971341639491065,39.656371679708094,55.90108925968418,90.35312259127926,64.84833418701278,93.08324158174878,31.54444660818978,74.09144612371809,30.5451273354593,86.59809289783485
0.9558186148068581,11.121657500221538,36.24106418133016,57.199194530670816,58.369658280341554,89.66009580549783,9.077976035468572,91.75827840298412,38.72129960023282,65.31125373455573
23.7131602383323,3.184174454809785,64.1487470805588,75.3585358999495,18.348320436002307,33.73808454831456,40.738332580443384,86.42747603407085,96.64786729045225,80.08292578333368
23.50287871181337,65.67940046300318,27.12215203841182,75.20443368826271,60.342985849476705,53.136786382133884,91.15931735574449,99.461151409161,8.439049603687643,89.50611038489853
42.200525084572305,61.024897828980485,79.48302616043267,15.574975979894434,5.651094092451981,69.73835240876468,78.15231510618561,18.261141257614554,81.8764102551335,75.09510158530578
92.03898315000369,70.83589360386611,22.931895030765393,16.422068745957073,60.92383555719223,34.000926690790536,72.29001004453191,30.476180122670005,34.15578764659865,71.70174013647662
87.9184917779098,66.0386440271344,15.883769538201564,7.088550580912612,55.40170191076188,6.487921809393848,53.3027504862702,63.622586743163,84.94680259854749,96.47458913639183
45.68945549824279,11.42946811423835,78.24394094988749,31.991363514030148,65.52548308390995,50.54416567178047,88.34857423355228,73.30471858915837,99.17556495045424,86.36846578915727
41.08999049918065,29.10788813756463,70.78920306979332,47.350858774106456,89.54756057523939,60.16357358233364,44.94417982413283,53.46050545557092,34.86674102117478,81.53778695827738
55.500908647485126,12.952660990035236,18.263897570179843,99.78978527542169,85.03581052395366,0.5841600121510249,14.968566710063824,7.392836488661492,12.935636621235524,8.640336047187613
24.345401197176574,84.29724020485632,11.624575268993798,43.099334206816955,98.06541915625388,9.557537353853062,83.75852231207791,84.15952268003821,14.437549798292826,23.902988313941787
5.218499196636284,74.69036553555233,83.83990884866921,72.62425885073709,97.6241032936575,20.72906435941523,27.963832805172682,96.0874356021272,75.87408909491859,55.67560243250895
93.92241361712067,20.152700291824242,77.6598482196688,69.33970262725346,77.23196933737526,34.80522869909342,5.363354102444806,40.55168438263947,14.492155233813653,70.95601049748137
18.669898487717273,34.13092404898934,32.725737369966424,20.44819502505796,95.6419622177728,54.10512228305804,12.603803066879138,22.481248169884605,26.04215685346366,30.32148933004769
19.84007292457164,96.66149922642143,65.81974082133667,5.850715144943641,86.7283885889112,29.38429187596653,60.90589161941482,1.9313754962087537,20.439834366207975,9.332811312082335
47.24603288539476,59.41593578796515,12.41601865478108,54.60067515335874,72.75824498949729,27.618381440650374,60.70819639211725,23.729903609358526,35.567856403098254,31.109918681524775
49.16133448403307,80.11555973011572,50.70476590476781,70.03055923144761,7.5384254643755195,86.93493438130818,26.018317108203448,69.99187748384223,7.436657514968747,77.10291805805191
1.8434209700741944,26.459103476872915,1.8730292060419873,99.8251790186256,4.9049888269887765,14.505064080142628,72.7180147945979,91.15893876727304,85.6742482407258,87.74010293413731
14.79547387739707,21.005292017930522,39.16018809215554,35.861105228117076,83.75995675057702,49.546013317236024,77.36401553995343,9.351306643176581,86.01463118009936,91.29036483443429
37.81548185607417,78.39169288465484,7.484282147140508,89.63645620810968,48.96558578716983,95.2824716936136,92.05026261336182,55.32591871619299,41.29328984826898,37.88666791441477
68.3730693510539,68.58724552314402,47.51471801568825,38.19324558691864,81.46066843749209,62.501324911604584,58.493749867823695,69.55312485118324,61.20875690234753,37.25385748601965
22.841845683193583,68.09779292117636,42.16816468528943,68.94117084305128,31.291827065521936,71.72054798944384,77.94233641475728,27.63808211062686,64.19515709043047,40.6707470971791
42.30144462417626,55.263458182919386,44.4385026638056,59.825293051705195,39.76498583230128,43.12369913906071,75.30996797716337,56.9897039170302,74.92581153459288,37.58094694214478
55.73450647164668,56.35783427765488,4.5331302047994075,5.297879330259692,70.01867210119319,1.9932167119719568,25.780904846719288,71.52484260057729,52.06900875440511,66.61966075072097
88.8592494623292,73.56975053062538,36.16163412818324,7.83884269702585,91.53267369320932,64.61303683672054,31.022592793765934,83.77192431353768,51.0336045441686,35.83232621319927
32.60705023271233,27.00024811211953,75.64838490999165,2.0764089724460977,8.776147447888594,63.1924281428124,47.848239575287145,45.24998508199809,63.13037773282109,2.0343936614245828
13.355826586348352,35.27684658569557,36.891437335362006,37.083408459398946,86.14781446346062,11.04276364633331,1.9038967529248496,74.78572189189606,70.30483956698775,43.90246006878718
48.927222589760824,87.16367705200551,71.51719526095806,74.58010487660107,79.30127248793653,46.21597136246315,29.739777315772354,30.17829717398497,34.66903770292517,22.415206617858775
74.67216016840621,30.886520101215776,36.94787236337332,17.275539399072272,31.553927072985466,91.53289446656504,47.388287334423794,21.304674677215864,33.037047326881506,2.8807137784619963
10.985975705273344,54.630957137929904,42.323944149018644,60.58529683838958,35.52166141315596,20.508483197197513,10.806929528114374,18.73137460906674,26.971840409590918,47.084295153404824
42.46834916969604,70.2639464006684,56.38921128292661,28.882778003107788,4.646147722190963,46.10987546341103,12.627588777512544,35.88727318257262,54.88465553127485,20.59545591982931
1.7785141262483428,99.99248268331765,95.06819368070825,79.6992623979072,1.5740611116717984,46.11031852005204,46.32367357373411,3.587968178884904,36.01556895557724,45.27418148397341
3.3559181647251135,43.529133149533195,10.886044664665517,79.8396149002991,47.70061263577291,81.07614681476385,73.09650315859312,28.299183766524973,54.03132677076319,27.77499866102865
48.29533632166656,42.80928766249438,3.291376866117368,77.54145149664235,9.553964549731052,82.45758703294446,83.37489309206832,65.22228244432281,40.59847658269216,60.37088702804332
29.819729815092945,84.25883794336674,60.79571838100451,52.48335138013768,19.4001814415213,75.92694196633919,54.63138975047486,64.79190471601368,83.67341825526609,99.08773868739594
84.51072990054122,80.55031112598633,94.90970889284263,28.456671007985168,84.67671995266636,36.54541591882737,47.47489875467311,7.355380649149124,7.3130239745460734,54.723192071166494
60.21543061264543,73.10758817345486,98.97231325547149,80.94440438786346,57.10283912504524,7.203692501852011,38.42805684597552,28.741561708062015,57.221059360467464,64.68959168927701
45.39329617429904,46.32296374090289,48.41642473920018,18.61005619392415,63.36324372661134,34.94829772240141,19.29489924376062,56.95576646779217,57.56237505871977,91.92757577512013
40.793537105429635,32.39391201607158,46.80816210850984,28.975960202865604,18.747933083192002,67.97912012713397,14.65620028143647,31.855213750310284,38.371731053869986,37.40004177250916
49.72454801895633,60.873048258484864,64.49637707451961,18.39477061606216,82.86618044544196,70.27465744890765,79.18964516618081,41.79880241888735,42.10208945631432,16.6548449785583
4.043883121266134,87.62232931316409,55.56347572049698,67.42101603876478,86.79797724397476,96.5000209476719,46.500663221233616,71.2810757115764,80.01313608829285,28.279728293055328
89.27933564206599,88.37774582085865,63.40880576141181,68.6236028115818,52.33275937130434,45.36412314437085,79.03202454797547,0.9266829456630044,28.067371026033484,40.27949407145493
99.83031557339584,10.849834507043843,87.39994255378943,65.25099927867531,91.25577718786599,63.243558294029036,70.40830359006297,27.639354408843055,87.14037914261628,64.50176812558382
18.148712485869865,42.83502838131506,74.63061694876093,41.56014668646678,84.48286249545816,53.91908707225317,19.389591438337884,14.237224378501667,89.63433041346933,0.458802942972103
12.038296477461973,46.472195619874945,49.687739168679556,10.017100720143324,73.1324176674438,15.061856011323737,51.03072642112257,12.760918276449173,65.0619304402196,85.33832147669843
14.357746344859523,97.76153675237532,46.186445900016956,91.11695845150211,73.40759156936286,46.1202472132136,44.40166304226807,95.90402164472471,77.28577137080984,7.6093973049830455
66.10270582343671,67.79980152425846,63.9601748513116,50.77309640122382,10.53934739508633,54.48351546889943,42.38735060906967,37.656033156241776,61.29475283544884,90.06551489185505
66.14408384507747,40.724641726207054,45.57062844202975,40.69721949110915,27.08360376956658,95.07496060422585,54.25710492038138,52.70885849096398,52.52591137465916,94.94345212048988
84.79241622784109,2.6057885985593,45.77793512656398,58.88248932482932,6.684721981767606,36.653905440895606,98.20819010754379,73.38218870696326,96.66777542502297,99.0102794112134
75.18263884262532,56.53851600991959,1.6305901786504817,19.27904358191058,0.8681209226308662,98.00991031079778,81.29005976707452,4.744747486005019,28.265496422746416,80.95101844068776
44.96896733693397,9.607597563835613,17.40641374073084,13.254877910487439,15.830953138391013,54.23000740240844,90.37124316303917,24.102263855769834,15.415094664311212,14.18555259401526
61.28553615653188,83.44499573477631,48.851363999575305,40.552522145794356,88.048718264694,24.246924330305752,2.9639583176037543,83.21477873437125,28.748536314251528,70.61670432251863
68.82846703680079,75.25186605703621,82.26534590503691,22.722069409991054,23.98740590360515,19.16643870158078,14.033636679250595,86.19906131778811,61.462560837944515,20.33212906081765
51.27364702852252,46.05091599081788,27.872700672712412,24.429029453716456,97.01539625917218,14.169491726023175,8.47636602245635,37.2950920640802,18.518343810114366,89.7127835580404
47.56509844516367,42.921077954169974,52.2643433131149,89.25114877785293,59.72909995612061,45.293287057345296,26.323100506527663,37.486159965176824,90.88140432263141,31.660592565534472
64.50974456426533,89.73389655687687,34.49620847592322,53.07591771858249,23.72584876346904,2.192642978892323,44.189249196665045,75.6896877108882,41.10244006653927,32.679597707504115
55.747454897565376,28.84583504181284,10.480398953958902,48.34690643233511,49.71308034842128,44.50452833148654,64.20532476558895,29.507022674986917,84.99628782918435,91.76532959148666
64.39423053359104,24.90199621067708,95.82984830713006,68.94795937285974,21.909482270011537,98.84046921559462,50.0831266286602,11.709408113999809,24.92365445288167,1.3231070783704557
61.28547739633638,93.9197432825762,85.46738702503018,95.15481136767396,98.39735581823739,67.01067957222666,90.31839149131397,25.753545024058344,31.316835508274753,19.39661514835698
71.91965605136546,80.92458367534826,7.84924244669064,11.219856447056408,84.72649839049639,75.97861212004047,93.98559588938637,38.73447316357749,5.922339717249658,42.19322665634551
64.2803508782876,82.06255930671946,71.97872624682846,83.35345671092573,2.6238788782329103,11.900539071826255,16.35209511974589,5.220470959509827,25.776769218557394,70.07215673101929
51.974248643726725,19.519381427592553,34.75799043575002,58.40191798678459,94.77760314674711,47.31008614900908,85.2912920264785,47.86802542001748,49.03138189633014,64.75661660447354
68.17968112843865,14.329599143093441,99.48498070617926,14.616535381183727,72.10651073028873,28.62231010257139,48.1722204013301,74.00075127727784,94.61369177232423,66.9411875167149
44.9481965185428,2.60295498171349,30.23985198289777,29.714931868899164,8.238125202127833,89.40975279890293,45.332947131738436,51.37451444804616,38.89029738914982,88.0022028410664
24.167122597260104,23.704150891868004,23.87384453625999,48.23614164647395,67.06377463264455,18.12924720139125,78.49393484845682,7.189534051450696,63.97438794833459,12.103041229325662
0.141822013391546,77.41904917143248,56.78905483054052,69.1177144577423,64.69266979656855,45.873332713674195,9.314050904487658,44.01496313459585,42.7710117468788,52.21616962187704
55.99641471458432,24.003841876414977,83.51261633432041,24.260701695345222,21.878874580758346,58.80477183456377,88.24931274191465,70.89046080428328,4.679185076794123,72.54776891024886
59.0655226608641,72.91032835948762,19.2518871819798,53.487881546758985,75.84467000075756,51.40410915785326,67.08633545476147,5.809665399018993,50.353262589670265,63.61184429241645
97.20489647757144,25.19082653674215,70.94027697193313,68.46716274158618,8.706470331296712,83.02435279704073,87.52616076579979,5.984718972688851,6.591364670392085,44.83141199392675
36.147833409427555,39.529249795067166,6.1406583141121684,44.87407508475062,48.94451812312478,23.14531713196404,99.44775777076228,37.06014031809827,88.3699924597536,1.7114585872163968
39.41332428283118,98.31622899114085,91.89347431104973,86.30259611201758,0.9923207163087922,37.739111042369125,51.800445235725334,19.49639641237091,75.30369619509139,6.045226564788464
20.17995813421902,24.48117312841356,8.107491614729877,86.94591028404044,96.87374888947464,79.20842965739526,9.326219790892898,93.47807913084203,37.86514712523662,11.894132685383664
7.053429523732191,37.637062729826766,91.42313763441625,47.069121764044574,75.15636317769093,52.807141173680485,16.65238629308865,58.13436037397432,64.02186661912897,34.32277528353636
77.28044928617406,30.108718046521364,49.08072494527028,97.29257104088997,15.885207615965601,40.21173856479573,32.361824255430996,28.732539940589618,11.20281553133321,11.76534526671469
24.9681064339325,10.962498633000228,44.80911127959198,7.558509240544731,34.167403995128296,2.9442514744831505,10.355294213470955,70.47767291149508,70.25549869626508,42.60823130626083
60.890486103003795,48.9894142130825,97.33070795003765,0.3362378322936621,16.05623778081763,75.33854240156094,81.53418261377698,37.49290513593289,82.27324089914696,17.86419905855794
68.77730355454815,37.869066333300225,99.0384177698219,38.0668263803919,76.66174641293146,97.21820779667603,29.686785103276847,13.211564437901002,82.17456485382345,77.9166197526206
47.12366872916477,69.48870858072802,65.0178125961012,60.10970613725093,5.889632542771517,62.028700948851004,97.58861880198653,23.72322298435804,28.427754769065583,87.14876167122156
87.63521130271916,81.75945469515462,12.71192918570485,62.920015744966086,84.04066555637142,85.65412206887946,70.25914319318557,64.27472844593757,26.374619527682665,38.96475079681758
44.37948409797288,54.424971449563856,50.61700856552025,47.64457362938286,94.21963388357298,51.68757431949261,17.343037025555763,5.187610599699166,52.13976879026785,51.133176531563876
28.490862304176513,3.2196422087336862,52.916310095566246,12.488331324064617,67.66279428063,23.168096542336457,47.604264694394026,27.268904004806373,96.77721619298484,95.34962415609417
89.60155229616224,61.89223562347216,51.44464281353097,17.049752178789422,21.296545000143418,1.444210423514547,46.68842216333211,20.831147764217462,92.05229776060852,53.55077553486204
86.15642842499565,5.53907300209392,56.94918385200097,85.21479838520092,36.00900958135508,65.33982675899892,49.25116583336339,20.1135110676532,35.96384817559818,99.50732158434249
16.4039947076413,61.635632359902495,1.8724713794390668,86.79111317392612,47.72398748089313,49.31088482482446,53.56911706429356,68.27624119759712,77.98295061830441,14.213099369205462
2.596101835392095,68.50299492691884,71.12272814705024,67.38985378607202,60.462477220225374,78.20981470876015,3.117308231773086,82.58169167543645,92.13177640914574,86.22264205966984
8.998555634962068,19.776762761751844,71.23943019529881,66.42179722788823,66.86630898116874,69.46824174353046,68.63011257436234,71.58666080642587,26.092646571760504,49.72030026729654
28.654739855381706,81.93461487217711,11.546977517788793,59.76821280278075,55.42147153188828,98.79523682065647,48.71917752884433,64.57278158005121,83.02956496029398,2.2714111249668156
97.22598017417107,91.10851315740486,57.02394424458007,20.292588570198824,35.13139208218558,51.03125834120398,79.0965398868699,91.6451771817864,26.789562690917656,97.22229414393485
55.8516153160825,81.30869641138196,56.83611824357746,42.82507002599032,89.09172805649031,42.717478967300934,81.53495732604306,5.839238042429685,34.328212588721065,96.5047899743358
37.32617320292688,30.510919021208217,68.24504201904001,69.58946514633787,8.139205801795823,28.673968943929495,23.053512199171745,16.748308597624074,19.882069085075415,38.327084018288716
88.87160946127463,58.66430124456345,8.539769213508109,53.72522720033387,46.6256054243495,47.68612917912745,4.84229464267778,41.440685567053215,50.70797990727135,95.41420710859049
45.31363314784996,91.48151491912277,62.65033072660964,1.858033405509918,77.55648384674807,87.2871478122922,70.32338561123225,37.24516435038677,84.33108942612412,14.100964223854573
31.52386284010211,32.06647262228499,28.075195074634117,95.35568067200984,6.08726652914009,4.243972579174127,97.77627884638743,41.80516029630225,52.80521374355123,68.01101411206822
94.12195287456574,82.00278222654251,50.70029904961719,84.48160525721434,70.53352168113011,97.79000472861887,44.665798658090104,20.645490504270605,12.344000969309754,19.192898688783455
84.9517666192678,0.9475131261696523,77.33235527040767,26.054501410973785,81.9711622753325,99.3307194307798,25.961280959359577,14.950331558022834,25.177593222717,24.664723633482765
84.3668375419441,0.364670278467627,70.56459363630132,61.64589351662961,66.08312985270523,59.78213785879017,15.667189458348096,50.91932474579281,56.28618672813389,77.93374372026054
51.22847430502131,75.97116603389674,11.890301767799338,92.32393837281877,1.2936892275355993,33.15442036954014,28.744559739058506,92.80525240687936,58.31874555705602,37.7358084565295
78.9438398815455,76.14475821271212,59.118478711607324,9.601101211365137,18.013702713220624,22.30489683220238,32.79195513714498,39.1969462349917,57.69059035448698,0.712750282862118
17.93533592645519,78.89771878522937,96.91165309407386,50.30294807967006,34.211307889195076,27.649039568487876,42.38747434344645,4.335321411952808,7.7003492506215965,41.423842419559456
57.32229575562437,93.00268378881623,15.676943733500226,45.62430258462945,23.36900356380459,5.010542650497185,65.54071232145866,70.61673428895246,75.36958926347542,22.80693206329595
98.38459228475458,11.790631182028422,85.29070877254149,41.02050052835323,96.26521402274274,47.511095848335884,27.316305608022706,29.110490552717494,90.94281989890067,68.33299135582912
29.095843051796166,23.198498498368835,70.2548080553777,83.5588608892925,65.15939141137936,5.732427086440584,5.097676346867597,24.509500730489208,51.05189477298999,19.44486967235003
79.43523292476752,90.37249203738075,77.40033129097597,38.06461466974574,29.69709573515703,71.84742147759252,37.327861157271954,32.42580006979621,71.88292867718629,84.22535284364757
49.047840720806725,17.723619777235346,28.195832714264547,6.36633332410076,92.96974986654456,37.192945553285405,85.56296161590757,72.38155239078763,91.40154920365512,26.709301210816427
3.980568322208733,68.2229267576584,28.788892937984244,6.58377421643025,74.0594199476187,19.93647317471632,49.83515108518838,81.88193868703041,64.26227549480159,39.302825828301366
76.30193978156674,53.04630000408154,90.6019455776488,4.274460652460899,28.460721182704198,54.485355783603836,96.47837577454098,58.80560673389637,67.43257244310512,29.803686079709802
16.85691443921128,8.319367685150725,35.98320320925586,40.914542187403725,37.888156940195536,97.37593072430137,50.36215310887317,32.24787537195516,72.14044133839546,64.39233478093658
63.147356713275016,28.526366194153287,6.3015390692810485,71.84062776983599,19.942885830395674,69.51310490184183,27.589881692184782,31.047823311727818,26.050245145406514,10.11635412263967
8.566419404697289,52.03722164409679,60.059670357945,20.372246193051545,97.10739982658218,49.17468501041602,19.331399724521457,12.430834990546302,58.267787471682745,47.80993726982441
94.68673974959648,85.23501166838341,12.481766904184266,64.64685204315495,51.72964958900732,77.69142992545063,69.45244967855764,93.33010482351945,84.21751145444563,33.44548152150581
29.17238871803609,70.75384896146737,79.65962414079083,68.70884721037042,89.60566874979847,73.74764718989887,53.638128577743636,63.813939896881955,29.616273026075067,88.41379632883147
22.64646916773949,62.1883161454933,64.17464425010574,25.520212401559796,34.64997710168477,89.17354610577937,60.39989289954415,2.6974619855864024,89.71704995968602,7.341209357439238
12.91364040663343,49.60328899414148,87.47265052212082,60.05576560606293,86.08416030974757,20.466894759394748,75.51267893341311,66.23670951866806,62.0381949765632,82.96950649328548
94.60021933390477,29.86839838141343,78.48372497826352,68.48683400268473,5.388684842716396,85.88775762587319,72.59034642648929,44.71534241935079,42.317485143305625,16.768047652990916
71.19037424413051,11.924491131926118,11.211364833819616,46.66136228021257,98.2090317524288,30.102608704169885,4.336330016822698,97.25579630469194,62.3182961400293,8.857765992995514
74.16608887180887,40.90760345660955,38.10706764344223,33.67165972800951,91.20343670333027,94.09989278250971,80.25719052950282,81.9068824806407,40.185990568907634,20.2322858123008
49.94045613802446,2.8518493911292575,77.45602499145873,61.915155157432736,36.32029447766549,28.106514894673516,53.27033070517114,17.131575383279817,83.80356018481746,10.26529820118104
47.47277852704834,21.10558892668506,41.73414732663257,97.7847087328057,77.47221653145773,92.68485431626762,39.17085308147726,72.01111188748665,48.23185800675971,52.098394820212555
11.002124299147663,43.248337587265986,97.23654847799783,42.684140936897805,75.2257926473826,96.379071446408,53.751942626807036,48.55660038352634,90.12133597543367,98.82149529157813
55.984109558399176,41.860518567191505,73.57404498934493,39.17350962851211,90.12547971029316,14.549135745701424,61.245144845732504,18.70451636699282,50.980808084782645,3.432735192425884
24.691649510879042,4.42954309969924,1.5499916690321025,46.426690242611336,30.725498112881112,97.4499883262783,14.950630987379698,69.87399073299491,66.03683896373872,46.11283493194613
97.71453328004058,58.90601535252913,87.99856915608363,7.621839344504822,46.55200053141495,8.572296842928228,41.7415395326445,54.73875786942454,99.77444210068505,38.607032910786174
79.65809400151474,54.96842558532362,10.08047848685576,55.316327967139,86.4999612606053,21.856778661252196,33.55862101881838,3.0373878771570495,14.696584100854116,33.96064142464004
41.29920601928876,7.810430402091284,14.052372418008584,32.869738721726364,77.8579454135216,44.41687808728045,35.04089448180384,64.6587950528826,73.67291487334057,33.186361043336085
15.134125869153303,94.31630524604392,73.44924006110509,12.142212233126248,39.34667187402792,99.35973657117101,9.133493840730821,63.49870898624407,13.887222791593356,89.50127566264622
78.5331691138784,9.938277895086012,86.49685594304802,46.62567411173734,84.5725232912122,48.85630511653793,15.98434880002304,14.408516105146262,83.88663657643963,1.8976150208404041
12.205376708131599,85.48341512373361,53.6349627899556,0.33839865739774266,4.695403923240149,55.040944317848584,16.183206758622138,34.89877269966929,59.64533811620116,77.49163873801383
18.93337534970705,0.030973191500593966,28.904973294577918,40.17852451627589,78.20463029629902,69.44249495236485,37.32247432216478,58.58989707510399,93.81595606064592,25.293317880594167
21.15205177442274,88.22810950453831,35.131554525317554,10.57352679264505,20.676585943370064,96.82935582729513,89.44915448747915,13.87830141067299,86.59566019448684,38.32955108175749
55.68906382730944,1.9719732204312557,34.2889329596056,2.429270339978029,28.61209078237872,78.33514001242445,20.602737192094267,85.27233778347565,7.487203746882343,42.01499128485777
78.70566539903663,75.7812031892116,32.667810380951224,82.4475046244502,49.32148435955936,22.415400442369858,41.61925076748045,2.748604628770379,13.730254167886091,30.47317540737434
31.431487872469223,36.16908113002529,24.29096718216498,91.62488032826349,44.97345010699739,30.299093066435468,31.16094152991379,10.283741496935495,60.11709286068252,9.355886183539786
8.46698142752894,73.82168001363199,60.88670946292331,20.767464835910665,52.05701068698809,9.76282396085244,78.73833125513382,11.610691985488408,51.83146399420748,11.43308488294348
46.45384635244192,40.17452054249785,90.04053185650672,53.929826383426125,54.477559567202384,64.44523641647399,5.012643232081615,52.810712597505514,16.856513061344458,29.81311240826443
74.81102411599355,7.090792233184173,30.708241308334117,27.79581571309849,33.152769103149694,18.074030653922158,19.65433955358904,62.011401216862524,12.93592282716498,82.18090528872506
22.166384308738827,76.7506695395364,18.66942974614121,49.35774386721822,17.522751301703,25.74048884793657,21.06415423547944,40.37407965014865,56.39907834416131,13.462765278741184
21.992454803937424,7.125268532136497,83.85776663714249,43.663132089416024,76.8481229287306,88.8113655180377,99.29628003132312,28.86668276681662,4.892154797499948,74.26398331459308
94.72270273467109,92.2120435961218,74.17833308897033,26.905105508048564,39.997614908714205,32.67556753320152,57.07750179663036,80.93173756255574,87.3735302953439,28.886972942928768
95.41537271191778,5.097403579166137,93.08370315599105,70.03935796352977,50.5840862459059,56.664671835416705,13.895826438351822,6.8285983726420145,80.70829198026205,88.34649351120927
99.04657320615765,47.93252777715155,16.551973560490964,12.649095932025423,64.46967183511181,39.7566008789177,27.21991392765655,28.02918611327917,78.53699717110894,42.83284754006409
80.765960157478,72.30344308507956,14.425131411659153,5.307278217136712,90.9637922306656,7.403128740591358,16.782209412292424,3.9115578803970763,1.5997147040741067,17.172331329737556
18.818416916794554,39.32464647920377,54.14293943049967,76.76754330372792,70.75528311402199,36.28638298967051,12.4604569619448,1.3890134966268008,4.764094341273795,98.58444501105103
21.198152079926135,21.72334745924347,61.443365483509524,66.59300312206798,4.545922559038451,40.806820303593085,79.71820284078926,35.337988693220126,54.98391211507286,17.663451922991158
34.0225241522392,75.90909613960271,48.017344185958954,49.85261241463979,83.85603633980176,89.57011019115183,49.57526286603549,19.4823662444932,99.44256888941777,56.76198212322694
31.813253133349086,78.42947047887264,59.89666363238755,46.77897704725416,98.93550151275191,32.445065364633955,63.121013684878136,26.836585483824628,34.23162009713517,56.92864780961342
95.6527749078009,92.26949839543673,18.037976887507135,49.74113794914262,47.248502537138215,37.92411197620679,33.1251246991996,82.09471574549681,34.43748164053439,37.28134511777799
78.90739828816936,37.61651104310777,47.96137541640834,43.70240760986729,96.95903364546007,78.28967686723345,55.36950860673294,16.298009624922138,13.427796686198334,95.1488592549131
72.40087921615539,50.625173449732685,65.80925609396678,39.289229583117915,54.73287423431494,75.8956651211598,25.75690325236971,78.0233367151801,67.43358037395014,84.38745624117317
18.596322405813183,36.3128442846072,43.270644924870375,49.969060288612035,45.96159958719498,79.82852766484908,30.80362749282348,67.50506231463635,64.66766889940057,82.9819560838242
90.95255593623295,25.70818218513682,67.94473358165979,52.851517115976044,33.140476472745505,95.3770740076004,65.2237944366733,32.64455251408327,10.132241637915907,97.41519354294779
82.78703795061737,75.10329615376085,45.11912805538396,69.1902314083621,65.75548758333389,79.55574983947842,15.035012591923024,54.655614517628784,46.741228706835116,45.710933819631684
16.36418413279237,33.965184501695546,33.35995808422773,71.12071607340226,22.982042052504458,40.76082032178909,61.722185916746184,44.44356097745388,66.70749088219743,9.718577562002928
87.11703319609725,42.81494419923521,30.360504708709236,37.762908014014464,10.493421851440432,82.15085168980919,85.22348164231272,12.839531549766537,49.3516136321927,76.54559254497939
27.22475363704713,40.367365762402784,41.0902058988588,41.354052274348874,2.723710258421408,50.86746320899383,12.042322618076906,90.71853217341757,67.43635818647556,38.08125794519338
8.086974583210605,71.26612256467459,2.3089622682200828,37.3697169736223,29.238011271526375,27.77140325185653,89.7461280569979,56.961796758576014,81.62703974314897,19.03451518035183
65.68223065142101,91.77956261106797,66.85251384461137,53.653577362571035,39.57708321670383,30.29170681310124,7.944568029889498,88.02400457954549,68.58154331217676,48.32473432202534
65.38046593843306,66.67560613073773,84.51056409802618,45.33535379141953,55.207669628124776,22.384238856339834,34.8909226955873,82.38265118132902,61.611423583052385,92.57189401671633
9.49320095656181,47.15825960942326,35.462709444311855,88.95964631361936,29.274982518700643,14.499295781975341,61.050931523799456,7.9775925309423235,85.35902569444931,17.13570190146284
31.885180893658237,77.92051147388834,4.603313614171856,69.63612669164726,98.40595723854112,18.449041185365033,55.94147601185369,20.727066601845245,90.05885678697881,84.86988152297418
99.28144622555386,64.09713241221375,98.67755973855577,89.86563837544456,29.174516824116758,6.3178049953819375,9.639107249443345,14.526111437483081,38.888643717580415,41.82049416151173
67.84266670087369,6.061035711781349,26.369825545106696,70.91369915594255,44.09753884464087,88.84508649323864,79.8913167785853,83.07795327869188,17.324988772388593,13.680198070314198
73.00751666033291,9.566358641884165,12.6621121690773,97.09921485238141,10.327616553190033,93.10078096491232,97.31532931452527,86.24466264552024,81.78604040080506,84.83823039886565
21.291728560430567,3.791694407363333,36.97525079730279,63.57367782552691,26.062651333707564,58.67703924938955,18.12282891837701,52.79715098083659,21.375310729948318,96.96203411914286
7.878207100391432,45.68163262063199,73.85570406335566,96.35501381630547,4.833213978899109,84.0489556608685,89.51309698154628,10.417807250800692,92.89506697490857,29.127071583501163
27.690168974093766,82.58534343389648,29.39165968905657,15.816989040942609,55.950863343732806,18.357110265314713,55.68094421117505,13.56166185430162,2.287794522190345,30.353620984206884
24.889838519319195,31.308316935135206,57.47032039194878,5.247768082940385,75.10646831324317,90.16738252269852,93.59337712453274,81.35488124382674,92.12711826193035,39.054598303993316
23.45441007480531,38.416018309248166,41.55599944371422,57.91251852038592,19.570981433606793,50.63615596305083,17.608595841676113,92.91901365293302,58.91829926120627,81.41303644608071
19.275432188703956,90.94771083678907,11.776399227661848,98.34932057997749,36.791093781607074,6.7164992605555085,79.20213931794245,19.947568511065672,77.47421165128814,1.0417196739499812
57.475569065540434,83.69034453166549,33.028701249211025,41.76052473023968,1.6616226727160566,14.13127444941602,5.978157544533113,1.113757647217306,39.84925870644045,22.395655173753436
32.810347584182175,66.504811238256,72.48705057140667,21.20433621929596,83.9522055722212,30.897646078681717,88.31964468027265,33.09529051507779,99.17162919088801,70.58998111063262
82.03450150475304,26.680378209225132,61.20038973314457,52.154144919351396,77.99635249316695,4.3557580354751435,67.41594221996337,3.0499389647881348,22.75514275662904,40.56394504855261
18.3947417847384,11.70414826884435,11.9778379883561,64.87986245788886,6.325403087429238,30.92933780174436,37.025478392243,82.79749160780379,26.434366263817477,33.029562296812756
46.46270708685445,1.6058822680113716,16.332240971430856,31.517869551588895,36.48676093204113,5.9930433118891795,19.046682349785016,49.151225722625156,5.1432444037472935,87.22828889020174
1.3657836426079983,10.701067260442088,64.07333593074455,71.47693584992595,95.52866138494954,23.60276051928252,81.65330985672048,64.18607787630198,94.04733630614382,91.73339201462394
48.16823224551921,29.259644362394276,81.34154143208688,97.51145070457258,39.202705607897705,26.56697558564416,60.32413213948116,41.14848761365422,45.602930359867614,94.79862191661954
5.583822087647439,55.17900635794957,34.94744959581693,89.69631217106169,52.62086767240161,99.43689763667939,36.041585294800136,34.55075470124819,67.48524147193493,27.255053265429662
97.77235118726436,6.400008275238688,59.53107518434501,29.158537351219525,35.52428610103552,23.554667376366446,44.383582480251626,22.220041307608483,68.74407274628408,91.2512609539107
79.05921286504129,13.622777831844902,17.064358875210527,32.67236831445983,59.613138812826186,23.918644893858033,82.65426560723765,77.05325470381456,87.45020922826777,73.69655547272889
49.01114766364554,18.108070230794105,31.137633690532386,37.15412244495886,97.81568756368222,68.6788968358385,33.89271933568677,69.55475844155293,66.49252506464093,15.421474848858063
8.658735817935026,63.198209298330625,2.02702056730526,39.455277839364534,99.7502503481197,85.93574785164519,8.96326781099287,36.072898449608616,56.20211823041872,61.02700283082103
59.244544079041425,61.57897989801244,76.82759477995226,10.031949919327943,77.47149780111911,38.705541260208655,91.12821722034727,32.11161342991829,71.03185241910435,2.633481930699122
75.87637507018775,55.07657263721529,40.10098197729668,76.19628388892893,40.43110980204393,87.56180199406924,38.73437396580346,0.12428786486790022,75.09707990031265,70.83781557708652
19.07172530047453,25.05014246959396,81.61255736539539,36.533926361070044,49.44322008289883,34.01420207477571,34.83875111152135,6.355213004547244,18.592794624848196,73.35675226509383
56.82083407874908,37.1119691218732,70.83729960227262,87.98199767054523,35.673132811230545,19.701587961501932,20.439961887593938,62.32555248926348,10.9667038976753,78.93385085949973
81.4210898382868,9.668971633774303,82.8744265728477,92.69406231201087,98.55746299043462,32.96388243277235,89.74225712283456,51.46073102354617,7.484885048556311,17.25250541224349
76.82477776463163,22.646060375805487,28.56586695828828,2.443130930768811,70.77603058254037,60.93563739279924,21.750533368783387,43.480320448502255,37.40534945225367,62.824994094753094
80.29920178671529,89.77052264725805,18.510873042784525,98.85030699282062,44.89314454335113,36.71431593120737,63.66728680013837,82.75022408016585,49.80002398377452,17.88566848276544
87.93234248697198,97.96917464358285,97.19056826516706,71.00227315001845,1.2115270109602339,67.28938039892888,88.0765011608103,50.38982044028466,61.564989828986086,94.66500833891757
93.76821021594702,64.76595856402948,71.73277870408695,52.03922259929623,52.04834143905484,23.69358794224824,3.49136146032174,38.449358140731995,95.80345196896101,67.50106926808344
40.552115520353595,91.68232920234202,83.40422679266703,38.952760837255326,98.39282017016178,70.09928939891488,82.87917053001958,16.125634752498495,33.07878202070063,9.532584800405575
56.87691025228773,64.27419004014251,1.3133373709933727,51.85181326097129,52.30609089730519,34.74383632484667,41.05994216897745,82.06880082146192,76.08740520772744,18.70322300058228
79.06595260456109,3.319648610546988,35.446162029588656,32.462472397844444,18.242668548911368,45.58683716019345,65.79745752652119,57.62482501211878,53.13576195948849,66.34600981297478
69.71398139457831,99.6762584986409,74.28166905773317,62.268781369654825,2.2093747104774852,55.77451404428959,37.240456322555396,9.245996592275729,22.008993208691685,47.66704961596086
99.55202282643788,9.895230168653491,7.7982832989983315,9.298027644479124,35.470375812420905,68.62250031859936,69.5516256347494,64.88983979970759,61.53054291287591,73.62976662108784
1.367765110464414,68.26418014450607,56.733992956893566,62.11226029118102,91.82280556966069,23.87136918487337,25.429491455769913,42.507074548841,96.71761782897036,28.07887989256591
35.51332153157907,25.283620307479005,42.907276745500326,27.53448501384441,99.65541081758809,83.59455374108104,2.193054243539627,81.13862235879958,12.43082992512724,65.79175368470769
28.102792627020246,39.19811129069601,1.7616507141107296,1.7634829052346368,94.53679748120027,72.18427497552398,94.77875147879536,91.89145969959962,50.727976454922896,17.6960168030439
26.23158501655346,64.59341848009382,23.59755771194514,55.270576616287755,72.94199932542568,23.409791902399945,1.6367764040082777,60.0465813176246,5.160835415052823,54.37102633610331
22.252978249888578,43.64873493077071,28.47919890667142,57.84477558526964,55.81427284406553,97.49745626029103,82.40992896335071,73.16128193133665,32.121629889636225,95.77995915499862
70.9123840815229,25.054605893112825,11.185994634632246,42.656900471153605,59.068614638225206,66.47969910304585,16.91375933224738,5.659084760216571,62.060267759399125,62.82222322909864
8.475947327532186,33.444618687832474,63.15369097426604,7.228623255031685,53.89920090919609,45.24268864667056,39.222022860202784,56.025545500115726,84.10569360307547,4.999361750491649
74.16088339433384,34.15481169231763,24.239787625188903,89.33429528041916,70.70493049229883,15.752732555351635,82.24923765060558,75.53399783554741,73.0328421726071,98.87621377366268
69.34258420162735,95.93239045082137,27.761949961938836,61.14308072278889,41.887322669535244,53.32210023081314,20.593215031234536,49.67621494781037,46.28567782154739,15.68663296488656
25.080413250089638,79.8613015923451,89.82385982001475,11.571329956896959,66.92040049557654,16.47758868271182,86.57076055250357,59.35500895043372,90.92227571041465,71.80691026971051
25.283378316516124,45.85487714794001,46.71230926931395,51.09305765941477,12.161211495720103,42.949167869784375,49.77589391019014,89.89481855810443,30.271466502377066,53.25300390641959
62.886058534450214,19.98209203413641,39.21281469692723,49.725431594847144,26.569530656148377,40.87125227395189,36.61534627172765,19.809957203119943,75.39834102251663,29.43606878043038
76.21711054836778,81.1016110262656,72.38710383147172,6.040186879292698,83.60030388086295,71.99396443474602,66.24377467363361,9.82465075519119,47.400902174766244,17.73104854277091
87.64856130873655,15.71824716083735,90.96137968829122,60.685970360294746,90.37489307433911,19.238318122424978,34.13897219809575,69.0643613139501,89.86357546727757,17.77023642767157
85.21395638544757,21.046221714200342,2.5036336237443835,80.83263989215645,53.90082375602997,82.18713548708459,34.728835899635705,82.2848905522444,79.74328216537602,85.83996812081605
96.48829941638532,36.60133918401512,44.82388465553965,74.90080542484782,3.16356172129324,32.61323270161658,73.35263909383032,85.04901885825635,90.14696613070952,87.29125141634235
58.13848953365112,88.034819585199,61.07813560779473,20.296941416418335,92.69735707917681,44.39886269687751,30.983222453910784,64.16444970912202,21.42478489420734,46.514552162471205
90.86555613403597,13.178666863411026,31.85630981259896,86.22925295542115,70.20642580272865,77.23409755538425,20.07726483544251,83.32134181708034,66.81504321162079,10.362146292497387
80.85132732604107,12.223419285452607,77.24077221232417,34.25421656593509,41.40279237553608,62.53923997135148,80.76461279965721,70.06642057232902,73.846340808164,88.41651038467899
89.46676243140136,49.3974988305266,97.14770702702738,94.65083782919413,59.83789431994963,30.802535180193736,80.53710337272318,8.737691590679075,74.24142652825937,48.70164861750891
1.1626601285366633,27.64105410936747,94.34273662502832,7.174796422571372,42.97748344413661,38.6202924545881,49.758570370686925,76.20435078849881,50.40004504673375,43.87624228669137
96.59029918658109,56.872794164815986,26.598253937994187,48.62086885198427,46.5339226732051,30.578681398961017,52.665561616295506,17.935968955032966,1.125052234795254,40.73570244376202
47.35301628464783,45.16366846832235,22.6338278437486,59.712437717754916,88.68098656594017,59.477016727715714,69.60766257676386,23.660934259097278,26.143078386907494,36.50141738592056
79.81829895748429,43.49591063512168,95.7490531021221,24.765009847460473,16.108424691711154,33.262453320683974,50.92742917624334,39.46506269986648,32.33008750043811,52.60054036085941
12.720411933778086,11.197297048699328,45.862848743146586,77.13801887202277,10.366913548223678,72.56976947831409,41.70399589692325,31.45670663263369,85.20366172817614,60.454122661170416
39.594109581397404,14.104969024984015,20.829772308469174,62.689567981071704,0.2728744513015746,57.97871585837261,99.48941932967458,32.1651738302912,84.08858171042203,46.64322035729559
27.146066302099094,82.107857744685,70.69969636304182,1.8109437287955554,31.400037561212667,14.5706611747509,14.764042785255892,16.925952420404577,10.468010403778328,89.66481634550445
29.1658770500937,88.58827375717443,28.442032390379158,60.836859069623586,14.741376648442738,31.02686186798824,59.27279792398606,29.387104710954436,94.98358817712575,31.766122852949728
12.325561995088174,23.468353288525023,26.724697507105233,49.14782344184464,21.998549513811117,22.144744191015576,88.58630260756603,1.9662589975881772,18.245748665149097,57.83118567867813
80.5763832543007,11.346050152476906,87.92490430777848,19.602920170350767,1.1238982665376929,39.031321255148534,68.72150411811148,47.2910946688326,41.43594513009211,29.995392019398526
0.9242314581078159,5.341667193451061,16.247915337690344,99.57482270595295,22.71954146877032,51.59840862093631,88.09232990882384,76.85909587698067,21.51569661107554,75.33500237925342
31.25054569852025,60.82976137418969,6.4392946466236385,89.71621948276149,33.27115819323739,50.67628572841099,33.63347203546726,86.22473692248397,86.03324688293574,10.212109932823566
17.441054321641502,71.53532125002056,26.918644017168724,29.250769502906348,3.1567496409881324,75.4523676563289,27.19929762602392,82.04285589594384,74.94020318593118,18.869899679533255
58.90389406083405,37.28099892032055,60.69454128382038,54.10709207986163,60.79041242971477,18.917186360170934,85.12723869021048,41.64577189951132,35.352880688780395,80.12014099269507
25.425240261454384,67.96758674906395,12.308785340327056,31.650213991029077,56.880034888375796,94.64728292974468,39.41145761854605,73.04264811638562,68.18786260260555,18.31975952195387
25.899845452809966,71.2958815559526,47.15946722767937,77.54957516360781,9.703577850992506,34.28451068821686,70.96823230573112,28.789077409521248,18.436688417154233,62.57463461947401
48.833814399531875,93.53422813969054,62.73371104253198,93.0331433196455,59.500977751840104,30.024884691613853,14.774857841411427,5.556247271761794,38.22970923760016,97.0243451904197
65.26890393409258,6.487363783510725,84.87369925931739,35.88286069143835,99.86539186088777,68.51785781802198,75.58381253766747,67.59715253912665,37.71075883381082,52.28906137659658
12.130470456516363,19.229172323107978,22.986959120225436,80.55842491436275,94.44689528115407,80.55166286830625,54.898264902486936,64.8796164736406,23.793668172139782,18.739644634006925
17.551145246549616,6.852598759698814,81.73463233827894,49.840754271320485,0.2670993367663299,37.84717648136534,26.861163991046087,80.16293954628756,87.63120495828825,32.06910456926375
24.71747445945176,86.79939333361105,23.49062611312386,39.65785613115773,79.53783113303597,74.6846974893977,49.45039639589051,61.610620670287986,67.88457354791262,82.34580764542382
97.37482141179605,79.25871600335685,67.67665412396406,93.84218520987699,35.36052762364859,88.37359561360547,69.69436258397035,15.68916249739164,27.993931056379928,35.16609131199737
39.71524999429204,57.4642070621839,43.06735714824551,51.040468871903144,6.365137033462743,76.68036652069574,1.1886408847383678,85.31623920501981,24.21207606290373,72.35113590298135
59.899009063102646,8.366341005118317,11.468124237867016,46.74105002574649,29.598321371620806,3.419648557083299,63.74670588141294,62.725278801870076,1.7953470999239052,77.73500628840102
24.15428127159779,27.331235865371962,71.42634628218487,67.2434401962343,32.17365163129623,82.73689113661882,54.15907782732744,80.7609699035004,34.65822537923546,50.118284724516414
49.045952515748795,29.77198480585169,21.77626185490178,26.123420101828444,52.32442393090568,77.44809584543674,22.02861677467326,77.41071203760409,52.67712833153182,78.3213384366389
7.411917438595806,56.07431960154171,17.662342602459148,32.479287078831575,66.10837672688547,66.9290238153186,75.29810739761967,29.78644872250884,27.77109419083764,31.69030044282144
3.474214592232694,25.804389403671546,35.83229285893832,93.20458362386226,74.9055612208408,76.00224190879035,30.346098463320114,7.455297485205237,70.045827642977,51.61596467164058
46.87335268214602,7.295986391295484,65.32902447594834,67.85298454369423,24.590304256326668,97.94253958319389,27.686093154656476,17.650440908958487,41.17495290112663,68.65582639721404
39.86592875184121,73.07623018532993,23.39964787906278,82.66371477710057,32.177057024849695,43.111288781834965,47.12183489993227,9.286233431325075,31.631783701066784,16.807314730438037
13.688031969182768,29.908021165541133,18.366153878188573,27.111176193542963,30.83817068597352,6.722323495459781,67.61496784223647,24.34124320801364,93.90576587903313,27.36219673821897
68.76014289207338,45.23741770233006,0.9953625713364334,54.379018992987206,36.27368681208765,46.08899696277167,92.88459758762544,45.953227302599295,26.280087728813907,65.20366033936521
99.29034908992645,12.766663498230535,47.16430971017236,97.13962669894983,99.96563089563388,4.643365539104794,14.135724313210396,90.68106049812829,39.82576200966563,65.53601198295534
39.56468211967125,80.25483033945797,42.86455693151827,31.87038990282176,77.79433028274258,29.425040808846113,39.646812075173365,87.20187559206346,38.229078852077194,49.330264645297895
62.455863591739444,56.55318769240576,23.38677436373763,16.047647631704187,97.4990465268697,58.6879791796759,6.698959251262993,71.8599815095728,24.119834567124833,79.55853567821205
96.29759423644857,90.15856262098629,5.365216400969075,51.088600822466404,69.31110595470572,30.96228929261563,75.85507474717424,2.411235954782598,21.74767398104167,48.20549020049756
83.15349724468753,49.54715630653334,42.92558745958369,38.78210887248762,40.62707016472843,68.53952459095386,44.77328896813607,34.13892013205535,30.23800188134036,88.13222654137333
46.355222330268575,94.14256718178797,78.82051110716313,15.957723278671354,38.97441836269749,82.19863276857211,70.69291351881851,68.23484264845197,86.42361699311809,73.59034308719454
73.74894844599194,89.1868204381326,71.5282131327177,88.8551382703368,48.85811449750451,42.043917927953686,32.219442397628725,12.902889683906837,76.70828872292905,31.469486330334128
12.813504025052403,57.64598564592339,86.07948898601703,99.07239105537778,41.68697833644374,90.01379512930036,84.43172414063234,80.10878500159086,68.09995141600523,39.52540084845555
51.210385546379925,93.38934381498633,0.9582687713155624,56.858218068999776,82.83262460927457,7.983893135040021,53.482807824011466,91.45736799875937,45.71029926424934,66.76866857698457
27.906027717993652,32.308874729455226,96.64193168045985,77.4676768373454,46.50020130266929,84.01131642004498,94.36078218236551,35.41044466378255,50.775398463260345,89.44526188234913
16.11636878961611,36.564216270421134,34.14122526274483,85.90383695462995,29.561436021084596,82.85731454392989,7.881463914403419,70.58430618638334,26.713884549346034,17.870873270350874
42.62809062545349,4.547795130603694,99.03977960919647,70.09820060218269,77.48602686966518,32.19938963267649,51.427682454207435,14.820413266871334,7.431591383591762,51.46635387419801
13.101455443361443,58.92009067638531,25.261946060177465,4.415604911173121,85.44204093813946,29.871518712461498,76.64552459976987,69.0816449113027,33.104055672048226,11.878442132437673
69.89851081744855,72.19239699289334,47.15363875782448,15.76342317168178,42.042895614045136,30.509498115351263,60.01526480736147,2.1455412287043285,49.55837559923661,27.945515532013122
45.62400440533355,77.35191902421032,35.392767657530364,7.098919115138647,66.7808571905532,81.1393712344411,2.3194140426842758,15.077150681110096,5.731304651933245,68.59813592932423
53.11446325646638,14.98162860461033,35.57607149943026,0.987960664205656,5.8804533888304755,83.16534876101952,97.23386783438808,70.98814466086701,8.823330205710644,7.7734635248161705
14.6375938668157,44.41590723125003,84.22820987482157,30.599640875723654,52.946485197146664,32.97224588276676,29.82636930758984,71.18502228763062,26.302523288456726,66.23585818888475
13.977166109349447,17.686321209391565,74.64189397373387,39.235596048155976,4.498113774550805,59.25903474444618,24.927786636638206,64.11627058451771,36.708037359276155,90.0811120945297
58.34154352601241,66.21273488542488,99.21514352300481,24.10297323359257,2.9190840494468073,13.89332294404545,48.56598756065795,47.73640243842032,39.33168111187052,96.93702910184662
98.50097478294462,15.794637242176812,61.35146827175125,6.460464808632094,61.2924850522739,46.87787382810221,54.21581075233489,67.4908091171945,11.788606628800514,21.66322010255155
9.625058323772562,90.41636839560749,46.32566043945027,52.98630908366776,30.333538239498715,99.87928508555383,76.62881375898255,77.38007982887882,22.58213545347888,74.88979566078758
28.573142856578126,23.063464566141334,9.007386294689113,27.331931995714164,74.25371624554654,15.883914770624685,39.32736576589891,96.64816590367438,26.164725206360874,92.63704487055297
86.94591165378876,29.140226628824482,99.65614195138568,79.60371548635624,89.60825606325922,94.7562639960059,43.99603764622122,88.8641031548605,6.76348762012462,9.136931084943601
7.227201225523694,85.09063221509997,55.15306529322829,0.8052621625281198,13.93911737303507,82.42547219650078,53.495991593383096,79.45342025661246,32.60997005896973,41.40236084892053
87.58857213669513,45.84676101457238,70.04774696901418,84.25270512876104,72.45228385789238,97.22146509462699,39.43870997416406,69.4757516714373,7.222157275550723,91.9409766872166
52.428598337475115,2.3995945800073026,40.67423871913114,95.47536789459569,51.451999828834325,17.9578760610533,91.4548079101156,57.41555454323672,70.345784310967,20.27874982548301
40.82667739264259,49.45862512026458,54.77157081792359,71.61350631535696,11.211925016269886,21.351849044336426,85.12519666342521,12.060882335191625,38.604776655731044,93.37606837878418
30.968056435145584,8.454333538012303,94.25777318928871,73.36440652625666,65.15926064807248,1.6867181734858683,45.49736950778783,16.555684209839296,32.67523893783747,52.719207108777844
29.71171581278419,98.53447186873106,16.641943793160273,93.35623116027332,60.94668031064728,72.47018129156055,0.019486233731713654,82.02795606708995,12.65221715036069,9.989308253755569
30.580258244947878,58.811157045560236,29.23725843302546,20.907128530034914,51.564186740078256,64.40946934361857,90.09344955292806,80.33129122072205,22.65036554448958,44.9877316755515
88.48030809601958,25.653261761097845,15.205972777803234,99.45655682085767,92.6471204559658,17.80654383247321,12.433657343946525,61.4458925973363,23.270520893912362,32.62611954670662
72.37952301747855,56.37176795476178,79.22159038047747,77.34812033785418,52.10796961040165,79.1144965542072,24.451241519404622,43.88401327161534,98.5204214873303,28.22041605518083
66.97230078311506,7.686710338175484,6.204526042182956,72.65707083277937,99.05151154502126,29.91955061317254,15.23612843653982,2.6032649823605647,83.53493795084933,54.14755756336837
79.87491489520008,79.9891304268817,8.16316498513383,36.109057899529276,50.922881384811106,13.499556933063516,17.981556998102377,32.71769425285439,1.5262291633431624,48.35926907518701
25.7114663004145,92.53280538641637,29.84941127873687,54.57774854056105,11.58520383013676,42.25626650193482,80.28775378898348,42.063965756531786,61.683659076847974,48.19671596200919
61.804281208175574,87.44443882061596,51.41881809210113,65.3917788273347,47.04712510750304,9.096984842685607,57.95014416659242,48.581628617342055,25.591009642192375,8.814173110311529
46.006623895795094,34.17576022985628,40.62748005595866,62.03428613172159,18.232876255507126,26.324365627324664,95.60951631253485,92.93245985612091,10.437692881958426,80.23181810271366
78.24416352001934,32.57681196433685,4.481631067080727,70.49846384775807,59.713348521742724,37.13333584273462,23.145351232371645,10.870939980014283,70.55997631197548,48.14393153557952
30.925611047328548,3.5087611216299996,95.74915578709515,8.238173907841063,69.31321751936011,85.18641745141498,48.5634908131234,51.88669197797704,13.160554946834925,82.09058287018742
64.31786168698957,65.14003587009168,95.28695203580837,35.56484328316968,46.843527870709366,79.25487412932213,97.742836908247,36.79222969582797,44.374077952973565,82.45946415509503
88.22124118173134,53.49047841897949,27.93563232407599,43.40000165954771,9.770296768314823,44.275428575061824,82.64435142747698,99.00981192160516,63.21651648399242,31.71353248480432
40.21504761949287,45.93463713273414,73.15256152685815,26.062929787496646,46.864139858355294,72.45750577523876,72.86156791204911,86.18640162829053,55.44947561549887,0.43463038076123617
6.662208736746145,90.7630953334707,57.857541138322375,17.262727026922377,8.14542147344004,56.8649636179005,18.897520137079194,43.87858542389209,97.7629098302743,91.12456774581185
51.60508223417928,16.787890108284632,23.747669500562406,13.892747991286281,68.2125955506534,34.08418550780681,76.94054009097161,99.96956093547604,78.57426131225226,76.06946930862402
34.59724878070259,0.9666266690182335,26.217155174161544,36.63833922565851,79.03682248650875,72.58743434952848,34.75651225959177,51.40632464714964,77.41933761274898,10.72519568234711
67.22253805471749,7.331645212076543,49.11531743104505,49.34417005625659,96.2380327227039,68.3499154466378,53.05368970467577,16.71177965914007,35.55953940810313,70.17270340031013
95.10329247486061,22.33714378273689,41.923694149736015,6.297644014666071,14.880210712845642,61.909444219360196,60.91612130395402,55.587469182671455,0.8395492084141698,2.00232686688806
48.5608317996847,3.328554926345695,29.122932823126423,94.64580945905496,53.242033553330415,61.795552104325054,60.93637115242541,22.62057658036466,73.44109296706883,2.7759069220698485
46.61902301555338,50.28437106431355,80.75115963051489,76.52433228607583,56.75373675354186,68.29819923269767,72.65234719135164,63.6312840076252,99.97320842956724,52.58232395978425
65.45848001914602,31.409045523357804,48.14629176373849,73.08517731854666,92.24765337809797,38.45455126425382,66.17020926422056,93.74401748839256,40.58791077436156,9.603742923634663
10.349750359356769,18.048300806813266,65.48480623891278,17.286052498872696,62.727664059651424,86.90758150677024,6.837087931058983,78.61985768350283,98.55184989571174,96.43365224849188
25.350618892501465,75.00840749486622,18.927350016787546,60.3800768012189,14.550964564532109,16.23078454964608,45.73470259491073,27.31636904190552,14.170810953434643,89.38312266502625
91.89793255003985,20.445132623253002,53.35076625164867,52.972494680866745,43.63513239631892,88.3885463239154,66.40216067199792,29.685862496600713,29.651235163671743,64.98120312478848
66.99426133637662,68.76051009937932,31.79760494466215,98.24688457866938,65.47625285062504,34.22818430319944,29.599298216572866,6.928820309031202,17.072693174247068,6.370897083831329
1.3444043983416254,34.92649058476389,52.64136103948782,74.76717700801579,70.02844320692974,12.503161560862253,31.30566872163897,28.586783564627737,47.51759729268158,32.483525780706515
20.462547255901985,51.18277606625546,78.08258334109281,57.57618837162312,86.30739985905736,60.00274026791299,12.456754775461555,9.262479967781722,79.69814015072204,37.17229979060439
68.2837266028899,93.38670398513199,76.89132100912617,85.08126664701223,18.050711984439715,37.598666907040524,41.861498597485536,49.94487193256428,34.066169153795386,48.08798358286997
76.43992025625742,3.735163481581283,35.422067803427595,15.509427086070948,95.15421467554984,81.54997271035192,98.68304343061747,70.83470794982576,90.62289371518715,16.89028740064522
83.98595726740419,50.02645074774619,69.42771170796391,1.5216529690977199,5.913941201559226,43.078546852876734,28.531936128803736,75.11811614991585,54.48304133297851,57.75116427971959
29.217680338204488,85.44229603276182,94.12899503942769,69.02333334145231,98.3762134568902,66.85625255621098,53.143689268609805,5.952923224817908,46.542441374187725,43.57706479092233
93.10285962775626,58.79742483703485,62.56693299249064,9.831146023723747,85.77670928664085,30.825798950482554,74.32372527790844,33.995589823820204,78.70358421952763,94.72969633928585
55.29468935778924,27.687051696515663,14.841012338263715,11.54336399835092,66.02727827621713,20.94523750253401,1.3497270884270662,28.81717665474337,10.144349704178456,93.61952296252191
69.65390223878929,39.76811351450343,67.97086292790951,74.46807264245305,73.49955002644217,38.804903094882384,90.04395595982989,10.43003229873346,77.37524712106747,56.54739553399723
59.673886277990796,68.02656287285745,10.490438634931131,27.05348441339891,7.269200591879644,60.68078346024335,38.65501847249385,36.247131093200565,24.29520001728267,64.43493359905352
12.274005467462047,89.08118943138031,87.21104087930271,62.86312155688929,4.147986289445238,65.69467392113518,86.91159867109822,29.932010913923612,28.081254718323756,13.779646777374243
96.31146593848798,4.10663737466116,51.66604958019403,91.74069260927484,10.176579655136553,57.820666529801834,3.8947658899478044,63.449922933927674,59.945377332007986,22.332323884017157
12.287557989415266,7.153882189037642,38.514073631157956,31.647453163785833,8.735981466413778,98.80557186241089,14.566355186367586,88.33026637337129,90.19344250462052,90.07154042019096
25.48819564111836,32.50515236095875,5.700659464969238,21.714415783991882,54.73812334694351,69.10901864951653,32.25294544775592,45.48417208732158,57.840694977086486,69.9165922895735
81.36278802229802,23.2779684437479,38.078373459210965,10.656288374105172,21.544398711178914,93.15196275969177,34.54617730632788,74.66651727668186,64.8949348794487,18.943019728307753
61.859696150110146,26.493088622240602,90.32066679157894,13.046236141972612,86.02056372067265,11.793319489517451,84.77942230280165,14.601036711067428,77.65945896052742,57.02103060732229
83.8149165376357,22.126999862588093,2.098299628630318,6.222269537884273,44.57486230680722,6.137292981347886,1.1201115388235205,89.49663786438646,25.932475899248676,93.4761250489449
51.57361883740449,19.58250488551577,47.464815778180494,8.764237882974014,69.5510476458275,31.099470201195366,64.11117764696796,15.259473821509228,82.72336728041425,34.51711061619036
37.699323536663485,13.062396686929178,93.11580911106223,43.20045888091539,65.28730929701598,13.658893837642394,13.131243617855027,19.210118059938928,41.79601490671497,18.582037551908527
92.18454995477849,93.3954131795238,39.48409997650211,32.08650450239697,31.985303892971007,52.58685282282677,82.32156507110494,10.646380358767649,17.56556934911625,94.20252769090983
3.625231751479485,14.418946390615305,42.81756874621504,70.6560814322998,24.316757352572903,51.898125352327874,77.85732659579124,30.967950152053646,35.0118079461125,46.126536029209916
85.61302203530458,20.440377476553618,57.85600551991199,87.02416582470019,34.24562852966352,57.50471664439502,49.99210274112006,55.24104467155261,24.61311117182253,41.72419986627665
23.08177851877816,24.626572398078572,46.293733357718345,78.47732031423843,79.66583738498375,74.52278808310727,21.268722551237516,98.79941114063267,22.871360513564586,26.756719979275022
84.87363277539679,93.30148731304206,16.86016912375524,53.06372566656522,58.627684841961845,97.13297002123198,63.44953909655563,79.33680346575439,28.256319871916613,89.15852949471443
13.91966134168856,75.57141336010848,1.8555539069860405,10.244211623265343,25.353866251917534,87.82586914391464,15.625831765764564,38.0435802891982,18.09308147420895,84.5616766889575
58.02189636905405,78.96994303155147,60.98116579787016,70.97672839415536,81.78464430604302,11.83672395755816,19.002379259265346,57.584605790357045,66.77017570826429,40.29903994367541
88.8107919011472,10.475825953849805,92.08065870078121,36.28287247268736,5.4759386110306725,33.851368877065724,62.66899022253577,62.33080309392077,57.99917570351172,3.061327989707885
47.35396468988905,83.63098750156716,10.636413302716562,8.565039391541019,69.91833749902953,25.58230250480419,99.12284460886244,82.27272212473471,64.84418929834284,44.665143050613956
74.65666738033929,40.819308181741796,21.095271925275338,84.24664072126257,43.91008057493109,17.68173577797928,89.10608372525462,73.64517854198004,34.37247238281604,18.08580165800533
80.46716178555585,26.282302621238873,37.02294858249735,33.82165171825056,73.12903860658882,54.47248766557845,59.31073576836771,56.929112697114036,76.97334025740443,14.273407014888118
73.64942087167792,57.575008352031055,80.87422290211197,21.824883251157136,92.74612802434268,55.32644020327305,53.85367687674238,66.91830270396567,12.960874095416475,39.30936118954236
92.53297368745983,82.21829058167339,26.92603164709776,87.14520646188431,75.00340979469038,22.72448278880613,99.83848800081086,74.59176109628997,57.11367094613602,9.907693734462718
44.68342305199287,77.86521510749094,88.20544042787685,90.2133868447005,44.19653553113824,71.18972503066855,54.73971476338937,13.314405913340433,27.545297224647392,95.7464506931665
17.312543916515576,88.99974825811321,5.495787465006641,33.89708371915599,15.097568151388074,73.29142991695052,42.01165219594439,20.045546130537993,52.760990069761135,4.75391817812818
4.781106370247978,92.81321860154439,94.09566212589348,35.48014192813734,80.63509758054337,2.0979994833933313,90.95555357753415,68.85842889075168,32.36371752402392,40.136962739872715
24.64598696375051,23.812207142774955,56.07470778737649,57.96285275831441,46.070552692137156,39.57577037223166,23.418429586928823,85.04255619876321,79.05117650912953,16.27027020316949
14.319750388024211,42.38578941692717,65.87776784877045,73.34414938106582,7.531232345712979,89.0140641201621,9.752599029680898,40.92622826997678,89.12718388380945,68.88113215287561
55.79487414344805,1.4628539205070012,36.76895225363531,6.314920190686346,71.9055397776866,52.03186082438383,63.40900343618303,97.9890322471206,74.25812233716313,7.8811449214561735
18.4945337211732,87.932165926506,78.19942855110604,59.334365718847174,29.18519659165897,34.76278014389943,9.5849633768749,21.607173267337288,17.55837128492468,54.68055742086343
3.8933707289371178,15.457215147476756,16.656625008440606,95.28200617835816,4.888822950518524,25.36761515951301,37.314853695296016,41.66992820434389,27.48668983883623,77.31014952019376
3.598982886866786,86.14748123426943,4.891182527848703,26.209389717995368,90.27510149740777,24.33545199182823,42.35773855817205,37.85230434632532,91.93580655184158,95.00598350489707
83.15694983648616,32.938732198659636,39.551694310755714,90.88272140969337,48.31010920939101,9.976803385080634,54.75380670492331,93.02959407264291,43.722012765820125,69.85275629694127
59.14499314430248,36.81335899811382,85.36957139810394,95.01683407630937,28.096105317302154,81.72264190930922,99.16595457479623,28.53785175725395,94.11804093492668,9.949175763458351
35.808530189337816,3.9132254483859374,75.49268366376947,26.915364097108974,71.63865578849115,8.665740539417122,22.09817233331808,47.079077804221555,39.24516888622668,8.852054971414102
89.42280427402468,32.68787897653196,51.7155970488958,75.42018658853506,88.59023776825637,29.22947658618158,37.5756378506912,18.723383961532946,95.17746605906638,73.15980485380659
7.01966114077136,88.83636828012641,57.21377471653535,23.877500831956,0.03070750337554884,4.56757385663532,13.224012441065803,52.12662385624438,92.5738987733331,21.532940500346864
98.03220727278259,2.554740112160414,12.989282629875543,73.76111617321327,68.78521850421538,78.13865697237004,60.76135260332347,85.7404169463591,66.05268899866162,44.72393086332488
61.6291790254461,40.632747304672534,84.06815086175821,79.74199712888259,76.70116940184214,3.928368222679046,72.76731823078335,30.40394618905642,0.882704846150284,97.66211013513589
18.346425396884847,3.1399629812741137,78.6959682964197,24.720570371064944,20.9927427279493,30.83011038682084,48.20768232358789,81.07920721628282,40.03346819759369,81.99067984038756
67.90690989769685,37.0923425109065,65.64703938869427,71.5869543583235,48.96238314101744,57.329737008666406,24.583126828997102,91.1311582175626,91.12351296955958,84.65933573002006
76.33812597835626,17.26406407802912,46.61910363289385,81.21045388640898,8.928589891793582,40.95613602934438,62.08882691817477,7.295788971456362,88.51102891081148,86.07699047280786
42.934278337077444,25.221839326837202,96.44592682795124,35.857887210691175,74.67498825153476,28.227106724910044,53.91577233688495,75.6424536319251,18.738780009611368,61.95453401215579
86.16326062455474,87.7598373161419,87.90319718764711,16.770277598972694,84.74560185633526,27.518907242754164,17.118572340371774,25.53434361504908,39.91824959691026,74.39339238624784
15.073240729647031,43.6049220621891,64.44304935146185,9.196456731751358,10.818665732466059,79.77903060062494,40.568190050213026,17.532766253662913,83.55099278794717,35.896091463428725
27.883758357760836,27.379799140191217,37.18009977172879,57.53817036099419,81.64602534328347,97.3978095087245,43.519709163519494,60.1122392025036,57.78778532500544,99.84462265728507
9.349236158398977,58.93383779505478,61.802227868151235,97.80981193157132,77.15701704845335,34.80410704487934,98.2617753771433,70.56026162286997,84.72992334462006,27.962216965464503
21.087784060735217,14.210695983258237,57.544092653066535,82.29503200222162,34.69133203708973,3.9145513609016525,84.92858321555218,39.47609857352138,82.6567384448563,59.00074033035195
23.8728811911145,25.939160742085587,39.42419878349164,43.58396389345528,69.02895299335833,3.656577790910842,73.43707882735939,3.917370708219059,90.7482006952483,28.206167832119334
91.76331909217102,54.62479676028885,30.667397168807607,53.66209028549586,0.0048123894311746795,75.92134152107181,88.87770255029474,90.87045241967931,11.72205881945817,11.207105056007316
7.81096887511562,23.75230418480688,40.701079223732236,27.952788541181896,93.17976544659986,55.236982160912696,73.54844058287149,73.07469168474951,14.521514145351567,56.75858148436767
42.74151201877095,67.91277374008733,57.391140603339785,16.306586736006356,55.03832353083729,78.35926574173304,90.34018551257333,27.166680668301467,8.280902896905252,35.334867086613976
53.2398687226913,49.149130225952256,42.81348447110944,48.208115823227324,62.03388640619995,69.74970102885749,5.455311487950798,49.68638557447399,93.52688410954316,58.32192675233877
89.86930538021608,77.19890702546908,26.357448820138384,46.35015661671852,66.46594135390987,90.75063492653965,45.606620926691654,2.7792789967078013,47.51623843778931,55.86784766649928
99.76962186612135,94.82445357224685,76.09633177608087,52.19299528037602,56.13690172183667,88.58242910466235,74.68983352418336,33.928278180594184,6.432528348244815,54.22567291435616
75.33881149198358,11.580488934740774,53.14674959574129,95.28045855639408,85.67638875394631,78.83273956211774,58.329579661001354,52.25352355851183,32.15299025140412,12.330112204652943
97.07909905690295,33.466500998454485,6.767516322559997,60.389530014477224,60.97018321515439,47.518916004214375,17.516616415078666,51.72236151162502,35.14126411299669,44.01807743503571
78.71011325358738,31.954906287840657,36.83165056261255,60.577183662237374,90.77599912404726,30.812640760385246,34.04920865285342,20.818487800854115,80.95598234767573,81.20039393987918
96.32026409714166,15.118291933725425,88.49134572119935,12.802476286107678,58.23316222340089,50.702678744463995,31.777437502669127,77.67473661838908,73.5476892170923,31.514349554463582
70.72707259444552,81.03031373334709,75.52365311999519,99.64888661768204,17.11224219805666,50.207160731982356,26.1346913184336,29.886215852664343,68.9387049562569,44.38315052920652
7.976342545107107,75.987870403879,32.324678394400706,77.28449442346685,91.35625558393029,61.027554888933764,34.31355535139661,58.041002317797265,2.186355259137873,49.3831590320268
40.19201869926765,48.442547083439905,93.81831520445091,87.72033440940048,68.16274983597768,18.60975677829041,51.4853288461121,27.15222255379748,91.06957964263788,86.27313125917448
64.65972838024705,53.77707777946096,7.660290835821016,41.430041183099405,69.92389944355561,65.56198804449888,85.4869024783276,42.516787298677016,21.555526691574155,65.55997692260189
35.0718509454251,5.954413800249625,96.1234703892189,50.21280957856249,98.54817505716017,45.66009242058158,74.20326623937564,20.751462525023022,62.90614046926778,10.0202534837314
27.33839181137786,55.55073523270456,24.570509248467566,52.20838091622765,7.519655420957916,62.02048319408592,83.52497040162336,63.30077925320383,6.181904301141916,86.51709858050212
57.739926713309096,79.13415240196365,0.9094180302419264,19.409453928960517,42.85926070951713,23.960482291954566,88.36037445630863,42.55843601413507,8.152609187205451,83.20659754820899
93.35018767024349,57.38275735838572,43.38080365183268,68.94891563269572,23.90953929866152,43.4394893877355,41.61504560976073,1.6117304487764272,0.9577296130122148,75.36459805991754
3.498187351615356,26.53063701204189,35.897042968700866,90.29767236174567,63.042646471365714,21.020121445252027,34.60262840267472,2.8164994016766087,56.59276445453306,46.60580183188377
76.92312035414378,66.75482723343372,53.90890052067938,16.370581813841902,80.68116837480719,87.53051567568016,5.762338168416181,47.113431847142216,62.93796696169047,75.75453834858068
72.2727278044627,36.14884299652476,79.67728605698454,8.63182734861645,96.63107088924127,48.79610450415376,93.04916218764343,18.322586690535438,5.046230323322876,47.87420626427572
96.39534253882871,54.48732842857352,84.24308021504471,73.82189055403423,45.45961069547201,22.498141557381214,6.582301793814393,58.504204814474235,29.04848847640389,73.66235343271629
93.07112223325436,48.756536327892476,40.12299996116918,27.320183167298207,78.62182306426043,4.120869574154629,74.11355153704704,40.81917817720213,85.14544141780166,88.01101649725362
76.22325620441929,38.11750009651801,42.98457437063502,62.386254161732936,91.70515920403795,67.57386646535419,37.81083044655872,65.44198355397228,10.130836682291411,89.05415851305968
52.04087646825987,71.88779803941351,14.817773032947368,69.57583379921807,68.33254325358847,21.464471398975572,94.87807744991864,95.23951740639515,21.654716455333123,45.45785741874546
20.426755323351987,88.38761119858817,4.7547608881163494,32.19107635818218,24.273255244977122,98.95821923187783,41.9602020934129,52.87361347952536,42.439120847242705,85.93426793520293
54.52357183255744,0.5212518476924943,64.12149902350247,81.51445974257844,60.78541511077914,53.37003734151716,81.66083513547164,78.73786035900996,84.2274102633116,10.145738050771314
76.53519939196538,93.36165192303673,6.4437625552692275,54.99889821142169,96.99520478171866,28.89769962480321,28.26548321636766,75.30409963159372,25.484905447520422,10.181941748678103
89.56692126378931,51.151513608322496,73.38301194214559,86.89994079518027,98.75538288615654,65.76774337926304,29.908871724384667,92.17911043238652,99.71370153633421,54.826694686748
78.9712009210549,70.07318803632651,53.90901450222475,76.32935525589475,64.2359823716778,27.521992343808556,59.55194098784342,21.40178672380062,35.52618131385283,65.1844618456269
19.526693519105397,85.56245661758771,19.85829782260834,86.85756320374539,88.69877578719893,82.02742939097465,99.79826337074738,82.73269707849408,38.64486584836231,15.29937759784027
59.96863142280594,46.710369231426995,53.95229435126496,2.016138211789409,20.03493638486028,30.82360509299419,51.757241797919626,90.55203785046868,12.210620423079433,47.2180044805993
33.217345953135705,83.49740733648903,18.299771660209885,24.350626073859473,24.60786049522168,98.82477323959093,93.63086363932905,39.27629809475776,68.01979008565307,9.436266781592305
0.9205667390642991,17.761981945520223,43.8737207510412,9.000794044593864,95.28876128848597,60.51447854452936,78.62498282487277,31.381619459896815,24.34651827844816,60.20994855533104
20.022093578866606,15.916753447981446,79.95603162422289,44.20830171893492,13.52353754948079,84.44111489426633,79.58643141772349,95.20359096782877,62.88675952950463,85.50940367528479
11.322064993344927,65.74713688561535,46.19192934106374,88.99601216153182,19.110643809347895,7.281546957842222,43.59599891287641,62.7632822138868,22.31577284029266,73.76389760195238
84.27191235394686,87.01430055517372,14.869931829754822,46.75402622668692,42.05485991200517,34.82994173861882,38.65422501728006,38.06764852414683,38.78722672264679,37.82915524292713
25.850625214781196,89.24261775360394,72.38286818229452,84.97130445803941,58.95842877533504,73.74870861661496,19.19218080908154,79.18277209316302,85.66720919544176,99.37937966371216
28.46979688875555,64.37404583772465,18.676841627000883,32.717823801931786,60.381721896827166,65.50590173405827,96.39412669836535,30.44739016157151,73.89059114740701,66.29349764661367
95.99365717988843,52.548923020931745,73.85498743701095,33.95700728052524,29.19760086655644,19.424312143375776,95.939361244382,17.640758606986207,15.459089994372343,81.5248434442479
37.908672304885215,33.13930876965162,47.93522892158333,89.55617303268775,92.06138979503481,35.620293050970986,74.70677343101828,54.39696357977055,60.77081673741014,66.96973872917327
0.9585640144394558,98.00004155993314,45.37417590943016,42.58171465117015,91.50999076078628,26.344340748754092,29.625244985266953,56.62120449106034,62.864065167380936,98.94162910871266
28.384614834613654,31.969568666625047,85.14350378574747,78.97654877946664,39.206805305237246,61.3370169761843,24.517954034228218,82.5746482267338,9.056847350186104,82.1359767217773
11.929958060181246,74.41861072315932,70.86035243406687,23.664354788190135,43.42917694302971,34.4568229458775,98.86102423869629,45.702735502043,46.58056543359358,51.94232178954405
10.280856173585395,53.19817999050007,3.291079695493926,94.88008296776354,70.24971168239118,30.905424200034982,6.65428151081775,81.45865395053416,26.06683956676079,36.68795628375898
7.748729013574951,60.85123425253467,29.617431460160237,57.45782465305711,66.29958963989007,20.73779804363417,84.3564292141309,31.132267934833845,46.7130142763483,68.21548291488423
59.32594701753773,39.34805505886262,87.09206608498987,75.93235685784019,38.22970149609623,40.902712091464835,35.545800048247465,57.536820217779194,77.70709913228751,59.022180880700894
18.934772362985864,96.48231254722478,1.832616854519864,8.95156997948855,41.42442515210034,19.550259019655357,41.88697197272205,20.84727789007158,15.825955981031969,62.93505910275453
36.124279404101046,57.1682326099271,54.52534462619704,49.26642258305287,34.803894342153896,96.25695873776323,83.19776487488372,38.54459509165964,12.330420558804377,34.30117662837569
86.20177161300168,93.778763045879,72.78256691739439,90.10384977340232,23.53850069533079,15.45018114953034,9.060301600535803,85.75396978328511,26.931649510577294,42.87284205705545
42.433813979627566,0.7591416173914123,62.18560854845758,87.70386290433045,45.81383629241397,91.33047149587763,35.416967852025714,21.598819343575503,95.22754503465832,55.80965748906498
91.56913500516376,57.267058319112095,76.05322021044364,4.681395723422755,68.64341319025404,42.8473098156582,95.2024277169573,81.02394628992677,74.78242111849663,83.92834019218431
49.79380533956063,71.71868897252715,72.56918489147458,30.369846912894673,74.1966705314293,37.78659915617221,69.90659127712564,28.28716578474062,1.9455862814546587,76.29089177629031
39.88366148397557,74.50801711622181,69.20306951531133,44.33200064790801,77.88736482559626,23.131980090484884,75.49391648058904,3.448971967945369,40.100484248337665,11.865587050279036
75.03889270907015,90.49768817816813,82.15398609256522,17.226481435578822,37.47320134531215,63.57563343675191,75.75053009554765,10.993457005684625,25.73979790803852,24.55542500193918
7.3175098768002105,0.44016090037862776,64.56906684495384,72.99983109899703,76.46359942849736,68.55280150108364,6.057008316394452,74.58795453207881,63.81445683721739,2.6657724933027427
8.94783829824174,0.03301592594764369,40.241849425698206,18.451199559871156,0.6516315691875274,46.757096225241746,20.320759326043113,26.207092650214825,45.92924535341931,0.7960567965591414
65.19737139229606,47.226346079521534,47.19091099145876,34.663969436988616,47.70499377168822,5.570689569342413,49.12632560812118,65.41455922412722,96.44985248639408,22.437546928024176
48.694071323924824,2.929370500537065,71.67247826814506,66.32806368578183,79.39044001326909,91.85101506885499,36.81502324753752,69.9198902757233,21.89784509842382,79.93209480093296
79.04152503192103,97.45325536623746,87.63060296667939,48.20893445244799,63.00447206413533,98.0329132876381,41.091229313285346,34.511846443468485,58.78564159989407,90.47476581743871
91.62708373435315,22.206517454139195,27.221880083977567,73.85710386348939,47.40631241545077,43.1043415211835,78.14473786256725,47.491898721114026,70.02100149902226,39.17683658985981
38.83668776715476,47.26647293648447,34.207679597107074,96.12079012228597,64.46420066063492,61.366080740932716,1.4679235067735275,40.37670904558106,82.55644893453817,56.31985966066786
59.64100265846463,6.113763001222361,93.07393963624126,11.654668771519749,90.69460031486639,45.02986262437467,66.04919263212388,94.7348996354534,40.697103042800705,70.60526019553808
50.06966277953099,52.20484161712585,57.85117924094454,70.95677163980609,56.63818006102074,32.18796508861206,0.011023180182245795,31.994886235158738,68.69219076574815,95.29366992517265
98.16106556424329,37.99561251474085,17.896181713500102,23.034415563211454,79.97861914601062,7.731879285780763,6.30585255762437,18.332304222496077,30.320147138428275,91.29322372974316
83.10844073565951,4.466002887722375,66.36951389123827,41.44767274075692,98.07427252251976,45.60677303972989,40.8286119837624,36.55928428755782,43.547609236182026,5.719230338137993
91.17377082773535,33.51242666962248,99.07621555393796,3.2862725795139824,70.55682020755667,81.83845563594515,84.09485198048215,66.95157076020122,89.56271312033992,24.81658432092808
25.434008757760417,39.14360202228556,82.34535644704,13.590738229269894,57.332576388906354,1.7031461088003574,14.499576556446048,69.73626903614652,94.99076093309543,4.9144543955177085
77.25264231625944,98.992149127494,74.57411365514027,31.977728904889968,3.7485947125340258,58.21076831802223,55.46214091286116,92.40573153600069,71.88173469272647,61.65424209890513
26.547322499764892,20.788587191937545,20.804665426626922,34.198580528798495,37.447789825458756,88.07721087266889,67.85052268267442,88.17544848758092,37.4351890776185,71.0493316472639
20.87425334283899,54.47796153700997,87.61397846840072,89.95852164620958,56.54427335151183,21.7549430014358,22.953288417216054,28.83205204172755,82.00577899746641,30.828341235651145
94.42661596555509,98.73155491986286,52.57888435355464,74.18129092665151,79.72065717060325,18.32558646890622,51.2330255269583,45.51632489675964,2.5867081725420182,85.38519081332146
1.9304416717866646,79.20192079401352,88.92900220719557,97.2182968187041,43.81047896475763,77.22766257019431,91.14072831381922,74.7268988183434,10.274591053942107,45.28127504114977
96.53887036634296,99.33675008820889,32.98278294248793,59.90715103352405,96.00582757647734,25.50864311192933,51.222852536553276,91.65372806020251,66.13737363753611,99.83815150970126
14.92618969888062,96.82983146601693,6.205105263543276,24.171373209131797,27.17937526236749,19.198426756064848,15.732306178764798,33.71650128568918,29.124857527005744,0.039969258932492924
81.94380817932682,48.95395420941543,47.59759686597461,32.765502992164286,74.45671952103164,37.79892505692351,62.78142966875448,44.444143417699586,95.13862184004778,10.948970841855665
27.59225530681031,69.63758498705658,26.983760481787765,31.983592329196707,41.90314170841275,39.2502012270218,59.220018000851404,89.94782704536088,43.606061209230475,30.179324293534037
35.07023274307274,11.04431269411511,71.52292897762982,32.64943276632516,48.598849456590585,87.4101063016566,2.6954759798131223,35.84838731584227,42.9364820389177,2.5507597953713157
21.675771132198495,44.11488250468019,95.71065528560324,67.29641731118157,80.25020338654403,61.84434719336769,9.05944057475666,48.05129861917358,67.80795101909312,78.23394577382507
58.551404248107964,80.90185422666974,69.0974151151564,53.08079280904162,29.621526165170554,40.59614563395893,15.678135514101077,90.45041412180788,76.75685623061896,5.277178787128722
34.809554750787406,50.53353209771434,88.69339297092034,38.54241780866443,9.681205659514314,53.43879642857669,13.628907756186992,80.22432179898482,47.55587381251365,74.89796332938272
65.73930394946632,70.26990328172319,45.30240136012063,14.90897687287166,52.02555846134271,95.39652333252742,25.94657705609331,24.34309250098028,21.400090171172415,5.256845878954941
1.5647317942065975,74.57513299842769,77.16407371953017,2.2139162942145907,52.879461180374875,11.321467660989537,45.410532323556794,32.47950654119334,77.33086427256217,25.27272646530456
6.437488351503962,25.346914124289388,84.30434366717034,21.88346775876926,79.71677722253737,20.771552172469143,37.17162978989844,35.295872745933906,32.03512748736276,84.12768156585297
9.966115273124865,87.56993729425655,71.08756275835424,10.747140396868126,96.83192062321018,96.25287065865552,89.06498914045969,91.27384734310597,17.51107692938576,95.10952942377241
41.89936853102311,45.9822430909179,50.777728606956465,78.54450308522394,5.530068632834839,95.73248485272042,61.210940940633705,99.89337371045391,63.164018992501326,41.45263426605123
81.4796172659976,21.018510362154373,62.586610961536806,11.249795781388539,59.16894737431089,17.716542126477265,87.61443499618431,77.40043021554399,9.04536669903504,96.99389643125514
88.81779103783826,86.54158817884438,70.05069956788803,72.42282373068362,68.12785303147999,14.510881712529821,52.703932491759886,48.43263024935066,97.1352675086055,62.688092375854254
24.481074006090076,41.781880610625365,25.30844032214269,38.56586897760826,98.58013507485217,42.10851343386198,8.987047068933995,1.0173818067478968,63.2397264412137,41.58351224329314
57.4369724239014,75.03124383797197,80.95792609149848,7.337838974377597,94.25902142769115,4.971829248796911,46.32874490664348,69.74880565979575,98.58955209217558,80.2801343967917
76.83649926926005,54.80330722215929,95.03245389672733,81.27300494315858,71.24507647119775,65.49035322851401,82.2032546842365,38.93611644977847,33.889342347863604,29.532852014020115
28.88294299196087,38.18717522345004,46.5239315179936,57.963057023661335,52.17894112444659,7.749602166174219,19.410376716710807,63.29864702286054,97.12051611903979,26.57962613602184
40.90077367362732,80.98764150385693,70.10671831098773,23.576151286357305,16.15239222992613,5.802962709428073,9.121427875264976,60.66939634624288,14.556224772862357,65.65476769110742
52.397420268571395,58.446993164461304,73.7025905790354,89.4681174332668,38.41765552044174,48.518693620884925,32.94347383382601,48.08320565743873,4.069477234702845,39.0487361968095
13.48748464080477,39.05621024270317,66.22475475214803,4.525831387055145,58.51223250571543,95.77866361101015,38.88978306401396,94.4387397726323,3.298406045460256,13.591802694497957
2.5982293725780314,10.959787033512702,54.71151083286355,20.18196081977629,72.52003965957537,42.679593606315954,30.62576764059044,2.3146345355341658,46.487037059922706,6.696423528990881
15.280580931828325,89.54453137667079,88.16479545748106,75.2046927805861,63.53995574791122,35.64811586605511,13.5240785624556,71.21324844725882,8.300419747859477,78.78425762484773
62.685362125353336,3.5469585341666554,44.892670926889444,70.93779303098891,71.41228018277413,99.79567155022859,25.08398597217145,40.9839868299546,51.216788416760174,67.59107318023446
7.361826153368167,86.31873483680562,6.110295648660358,28.927169372447803,42.91525045518977,53.196896077918346,68.22824046021103,71.37904504916112,32.75005035089005,41.17982246066033
18.96963648501283,35.996152488315545,84.45563757121603,6.202487535278312,72.7627290571009,37.524140689024854,38.59285162931639,67.52196475396319,33.56289924741156,89.62276351710567
33.78538856953037,63.93387635014059,67.39812723165507,85.80780722249438,14.37412560197192,38.586081334160184,63.25494446185558,1.0238002575995386,63.56089965451698,41.08567524425995
7.787006430636634,92.21997238356853,84.92586264996466,31.369763806990257,16.258631176311354,19.495949603351047,53.630377991873246,28.533849517467125,16.30980061516202,71.02954714653835
19.169927116163443,15.170661550389841,13.85474424446943,19.571341492826523,16.283214582946282,51.222305744753896,54.9052939857669,18.90915205037804,76.6553370339731,90.91152752072928
91.12697889835111,56.69504756388102,3.075294050971633,51.60618223609771,89.08649570357761,43.88550281680058,24.8549557947796,16.698635294249232,58.20309197786347,84.07154587084435
1.929913222698476,76.44328623701921,93.43745403825014,91.02271992824473,7.603406330863449,27.07952963474134,52.15430327681816,72.84766841211328,91.49446288475109,51.1104776339579
65.34319241743621,75.75838327190574,14.772830585057427,4.354657784337535,80.15083727334759,16.054008660175977,2.3594713863201777,23.95513490931246,36.48406537675234,68.06363924467327
38.44089309151849,52.563191459950396,80.96523320704519,76.58040880308877,23.357089804673713,31.123886866755367,43.17437423249262,47.473761498730084,98.27149920671255,41.3665776727369
67.26487394323712,62.47394599064581,82.32099421806357,57.24732279387089,46.84299404952507,50.86833276877293,57.26228231899151,24.698899528567953,57.58276467140232,64.7197172294114
58.86917203634046,75.75269941328445,70.8705200549003,42.54491165518169,91.5956595465678,5.833327228480167,18.19956213541093,58.023382343532994,97.34019561875338,25.755243834539588
22.349875435464426,84.10276377574118,13.126221109287094,74.40804441050601,58.59372296875067,15.374402858395598,25.655850624895137,72.0573768059968,2.706065404711533,43.47421137695533
84.72094875733886,76.18130968758638,66.73986245608076,96.58244244416323,21.01176862323586,94.76572669690954,21.95310198156194,33.10747386981765,72.7976322412388,20.954573760183905
49.19403826093567,35.40049431812427,88.90865833268656,22.920621116269103,28.40900603188071,54.285535103133896,7.055795526542418,60.302084828712196,81.66215242927363,3.8184952679548023
82.25360189134717,99.67264010577331,42.55316448008833,14.364736507211962,92.04466238957856,6.344930366003787,34.78573211400901,82.4854774413739,5.3173286676487574,58.85398505753723
40.60125361882192,43.45026937193044,41.351685437859885,91.2881745222697,42.71439251099783,69.3087758769573,97.89657664519395,9.422428516449166,57.896966401624574,86.44293453507976
98.4685553915239,2.446470275893342,44.285830957941904,66.89530774573036,58.698548300678944,6.180287007903473,35.388040646361006,71.06705990412712,80.19422935894484,2.557827462319151
77.04893585012962,36.2616951585462,8.227189067620644,43.798602156196594,45.99321966253888,73.8874227046373,46.05366218369756,32.314494443538024,56.10387252230728,19.60297407292959
96.59502051125735,12.778295457384326,89.20255690299734,57.32595702642831,37.84380880484496,74.99627217200269,65.30872509563753,12.264995652494425,6.381359040546664,46.018505927042
51.43264789098588,12.1442615728375,86.91828639805104,74.5613905176244,22.327912693240194,65.10789757492526,64.8497751169107,54.56542076143488,69.34472408983115,66.58968168422533
47.369113229070045,28.153504010689435,99.79093217902863,77.30318987057171,68.61915004846021,73.22045446193496,94.98949800186242,22.626231926773176,6.059691467330863,17.122919366988643
75.54538093252579,5.337549417726084,58.518314149841345,91.98941808189646,71.82420262721205,8.796578101305775,85.75641403991253,82.13617926691576,81.74688950164385,5.669482897062428
88.02912630134301,68.8512188409563,75.11916364513857,42.684278889562265,27.488509160739948,72.67805523552676,79.39506871051523,4.289590953107614,4.303418330669439,51.90487177268892
96.4145795865558,7.398888420190508,20.267190630730468,29.3410910019395,78.90108430548304,13.668831972388295,95.16272257783106,9.865289627089746,13.73973810103708,81.87097130573088
32.455190603249974,20.32895554359562,66.75288182241695,63.96642667898419,85.45352003016795,33.950590727184384,23.07653854831716,52.09961259858169,27.51075905232685,3.523490931277129
79.87045738426389,9.289971449411938,64.97328487573907,41.57278992795304,92.06750962396303,94.27452535006329,61.70541946217926,58.89417840769568,63.33647922608,34.93694503590259
21.06455976355367,6.316773090303107,90.12087358416125,59.45984539489779,16.121241391836993,50.287547765914006,88.71967667221563,72.98866645227469,97.6359099631306,66.35147427933352
54.557434674544524,26.775166553954165,83.07927228390741,41.99857984559502,30.39236836132664,96.74264320830139,62.41381582781018,25.926072825219382,11.782285261993442,13.0742006102467
17.984814840919917,57.189896766036995,93.84664626177631,15.299578667817448,86.03533475036956,8.892245888673756,97.74204746068695,84.17604082132918,14.270766921391843,23.594677689275677
34.73973617503388,96.46855564468417,86.88334727016075,46.94267516589584,19.8540202827894,47.755659956318006,10.0352713906379,95.31423397737832,36.887039670098034,53.5492643786266
93.13583672064593,87.55566543496063,86.8693894898852,69.09178219410327,0.346845924349537,6.240232027687065,43.93305027932003,49.90393035948636,83.62191377553202,95.3231696364218
14.609069977308609,87.59339254453248,6.372332668871827,79.92838076676499,87.08273102516345,63.02102623992848,97.73629079086362,76.05313649698012,46.72309527508142,28.734261824375608
63.24008951351965,17.606703603765762,84.59619526959558,49.332627679654685,32.644944175136935,7.870700136851639,37.956802856992574,52.48483545437927,32.16106002558217,48.752742122071034
59.295427292740335,26.49071934978201,60.747839450311815,16.52378902104009,41.449752513895,17.53678025403773,73.95563750993044,6.946702941221061,56.120383220886126,39.993086306441825
12.073835270898648,7.63933167953057,38.04444517659612,41.46877096494316,44.633402572063794,25.883031006928046,3.040290107864918,32.61115128426211,26.052319744575,89.739667203008
32.59790437688122,77.84683399151851,5.651462438806232,78.62939288416982,84.82746006672285,74.87438516644832,69.48371146303131,8.748668962701501,40.115990724752095,7.188986403111564
56.298150451526574,6.981630148556195,67.76737747680467,41.285927061707284,33.78921445934604,16.396211881807478,93.46267325275784,98.88791192550134,33.260514923204184,56.61475913407643
18.717860898849025,55.66956708208532,32.820175053761744,69.65307936042223,89.22798858564818,84.66320532930678,38.27062851900027,22.902591207337718,80.41410224146459,84.6119699189944
80.06236564128154,24.787557232395073,46.777626498603475,50.721368167808976,61.6939138048048,13.190393883080088,2.1299837926929466,63.590041941571876,92.42557264380008,98.81175770625917
97.21565095347499,24.344563402874474,68.17284370551343,24.12231251093967,52.72867240336843,3.5244449070156336,2.790980439548385,28.434510194493733,75.95721921569118,69.87254975218073
21.475939996247206,99.07250552476052,91.17745470241428,79.61505080230744,32.56145071274624,39.504541896966785,89.2023305711089,65.32462153559258,43.90835760299835,37.99354756665245
18.69119647905759,75.67798069785374,82.54369156049984,8.421345407068703,24.371169628118583,97.94416419712951,72.25161070962618,21.040169087048245,50.43349774966638,41.18243525339439
45.49350717974446,83.69393582910502,45.059712910359984,52.48902827551506,62.405844277734865,11.034222778877723,10.668638422657983,78.52700659100745,12.507369392943568,35.16822197427639
74.77652771400322,57.198268534401265,38.778315744637894,20.889103424340494,44.68941600565761,10.171844403962904,5.459027705119657,11.08116028366355,74.68647111345378,60.361309980695346
28.16006102352514,87.10142873937492,23.977973884404747,6.706562854137566,91.05160099320064,75.11665107956239,80.48253636154794,89.51504000902803,59.64756793950441,73.9405770718251
1.9879908697280402,64.54905391663529,37.242675117596825,50.293393708324885,49.16387161140497,31.21616939935653,80.9860632805359,84.04216925407944,90.24399961374364,81.9467563588931
54.122062803289396,94.61737047963453,11.10463872918983,49.95621559349236,51.17949167011911,71.7281617225717,12.0521839792049,67.88073436383856,20.06111435751532,41.659310968317186
95.66005677673076,28.133858604563677,97.11055083647545,70.69009016757208,41.672328113600074,20.001058944336336,30.152040388863675,6.7414627142847845,75.97261219326121,71.67085022590392
39.12768554069456,59.5319545782895,57.391744395957886,74.47506930519049,78.92629969912849,46.00719941981629,78.00260645738895,20.856902832892832,68.46716617191898,91.62225920297765
42.013455418310045,69.01313479368922,12.780584279521289,72.77914886928968,42.48391981092704,26.52898777489179,52.54120709540063,85.9361595691076,26.58455338097522,92.08247944507053
96.8901717114038,39.29373050278067,35.28060092659058,40.9558732916755,26.934199974975492,45.15282148790869,95.65848607252994,12.197443430259513,66.73786395408251,70.40290027146425
69.46076116267284,87.97079824040533,54.703914362065596,63.168978722656256,86.20308742935097,76.90970925853038,48.1062645346005,15.593209630802008,92.43733805766496,63.69021928125361
71.91719228421252,97.98031631041543,53.288563664086965,57.69452426439603,59.682822136524024,76.20099404776617,67.69579375655125,54.400332375552075,91.84359876671189,53.152607552500676
56.27020053710676,49.37694913726616,3.5503368718632355,42.15617561169196,59.151021976900175,51.57722876737236,50.97833657415842,27.417743967434372,71.96265745161413,18.319766818212855
97.46092108632416,39.06406548043391,95.08410342291114,59.72126941859932,61.082220716392655,92.8371843721051,94.29654956850457,22.20756999439295,4.80731125340601,12.362965260541847
68.88664844255561,47.19379285564587,27.53756814749446,94.72478767062626,71.88397482056668,26.3784102448274,39.86590920676088,57.58134318481806,87.22643373201615,48.57110067893803
89.50327516051695,85.27367457319316,1.6184668931891188,19.289374368137736,31.306798931256687,24.03113511192331,22.979645517860003,37.257667645802904,65.777860700454,15.944415620745932
69.93788657332212,64.54684255181677,7.644400895028247,90.57720957855263,3.3844370833002846,61.38064011754337,32.66338602809932,14.055989676966874,31.043425318273442,57.6999925669336
73.5115824840396,4.477237251809507,58.019490324797694,5.345551398319836,81.05931608770096,62.129703421678904,85.27752041652292,53.485376754546444,18.72503617056993,64.57027303012181
29.04109221422465,54.216991044571486,13.778552067509686,30.838921290166066,12.890505388163742,4.654003956497399,49.793856351213336,38.70124032786227,11.620386299731711,52.56155975200407
30.3478698013819,1.7300122740969814,4.172479285350327,28.814524861152822,72.18197372105442,60.77777123868976,35.4252303502239,73.45167742737694,5.0236899257760985,3.6426712512613646
78.29846495760292,77.85353710034055,37.962646641271135,62.63651078809057,8.231529828732874,37.443615734901435,54.42600218094829,10.27554423205892,75.41032479507564,5.772795880233216
29.670628916989962,32.83122735424637,62.27611923401886,13.122495177729032,37.53078420284921,74.74425253205591,13.322970727684236,62.061324394597385,23.584299894327533,11.334118468148546
56.27700708015316,47.200748211732936,11.183980484161237,88.23476118397538,6.302606983153824,80.81056645452729,0.5359304625596084,43.64933269432477,2.425293604325507,15.364580498833902
24.935231090670197,79.8678105907632,31.332783215131556,82.85514084650413,52.22136796277246,55.21538195470366,28.058468369349075,40.60618750524041,39.72706518419893,98.98826137693332
81.69833808090694,4.644881728576156,41.776067162454225,65.20658196852777,65.31357727815751,0.17050315022650864,60.50057197835423,23.22876880083412,48.26070805923389,34.449501686312246
11.050135122769,15.854153559161045,15.946009778676718,45.841383179219775,17.143314117818832,63.63658101666421,71.16807696613873,3.042602820271112,16.92302309001269,29.197337364128618
82.94466397616644,39.796037644511486,50.60738984667101,93.29560421420784,37.16276184384021,74.88812796659343,82.66109663519666,84.76891943646456,4.404833616254978,5.226663566422907
60.27298005076018,22.99251635455606,8.52140869017709,83.0746554720556,93.02394910430536,24.898326623151423,92.66635593944696,32.641008603442586,18.912548309806887,63.532039068559655
18.690953482707727,33.79014257750631,4.651849634506866,49.93151480812449,44.238911710745676,46.46460011407888,41.21123469647681,68.10910397298471,67.91027618365743,65.21907851312807
54.20353855061182,99.8174737892465,51.98353671551348,70.18733544543112,80.25435689765567,96.57266234117883,74.05167995574547,94.75873997767074,8.22436772512064,17.544868957866466
28.249883684734044,82.54144375738107,24.789697275087562,56.69299521796846,92.71847450602091,29.811555339410344,7.467293019806254,56.499029808213166,55.50370305569938,91.92415409246131
32.34673347304966,88.39018149601085,9.537380789802752,58.794223838826454,97.43458249772866,22.31532510417408,5.752999877208009,39.71469025198663,14.641198790816667,80.04935465951273
35.15280415968803,93.70546335657754,42.39125874876323,33.097606943747124,89.83220196913693,21.085479047801016,12.479799198615659,26.82735663487037,19.568917358041936,23.031931680750805
6.331924697232094,34.093588031419564,91.51407395173948,46.208460462489676,31.740532915896914,55.88008343539963,44.85690978307624,93.40437926474934,39.307788326669865,48.58497309165374
98.59616844014174,29.70769577964727,72.41924466541549,7.812143078974421,96.2572886161193,94.97871013080065,21.12814384987499,68.20768180511429,10.082533605373134,45.83908561988499
3.1534628131224096,23.40624925720749,81.56159153470276,35.73486916645925,81.2395241746047,60.86901292003547,28.69249419378158,66.52813932565596,17.320350278221287,34.85204443423208
66.24968731842785,83.01169113081227,87.19139887586364,69.5828515362152,83.71755836394877,30.332312023765994,64.78801735123027,42.615832514527696,34.895241145135415,81.76347128256131
37.12276477574306,67.9551862285185,97.26277413964189,95.32160305061863,1.517298417183477,63.856977806745405,35.8522178802846,84.50487128674307,32.96690054983669,10.926448562115098
64.6010290946699,23.61719824828773,76.3246573514173,96.30641127630203,95.42388633182937,62.48422975977874,55.737155771802215,71.36721870094871,74.92714856757318,41.53142398277927
35.62482530875838,37.69938292104549,60.84079219394797,55.57228691248917,77.80902238487407,59.692513572965424,41.24037567365922,28.31832717810161,7.478230512642437,42.8031130549217
67.37506462588587,50.67117639327983,36.54258803022472,60.66222518095821,76.79674965078999,15.9426206888302,16.896925551981955,59.9578660025048,86.04507356663434,46.87256046141797
72.92355094683607,52.81400572737537,18.164323655771607,18.57211855009675,8.152473092858624,63.45667993449942,7.4019990255894115,43.01939546012656,81.62321707394548,86.13499910986286
69.05526403996448,88.87277285517146,68.66598739832943,69.53081080935307,23.256854107333126,43.016445251449966,23.623149530988783,0.6590162829713031,76.59916396919384,21.816687020150127
11.396198135815228,38.05661329472163,99.49499861219418,7.065879267438624,96.2261665137899,1.859205862303337,5.770046949104435,80.76234315017973,30.937236246313248,10.292317351227275
65.68932346546846,90.85240305005124,46.735868461891904,28.468568579944453,50.06770748054763,53.976448714749516,61.86119598898069,12.283034891970079,82.28817855407875,61.7808462821108
27.998754945409733,44.13675603197896,72.36793680928076,66.83633472854422,39.785801823725606,98.92667452184176,79.57176014661003,50.995450600261414,18.28020802892808,17.383447497804717
2.8801370569333518,74.63726747923538,49.50924499931561,31.03101315434893,83.99408171469138,34.97395908439835,33.974076823740084,33.62261930848156,12.440920585502823,7.493208585461975
41.4830671888954,93.02543199850561,43.19334233634766,4.984687411445432,8.734041411394433,96.55592183186582,38.71110553523582,34.20890412006775,4.4956333489487355,42.66492205710535
43.354310280380105,90.75757039632664,41.030561355991516,83.18704093509638,41.69420162710593,9.620574166259455,81.61910627593066,47.7364883413808,93.9310363005576,21.964643085814096
46.71741333524465,5.695286729568116,50.46246829316976,31.033000713456303,37.57007744220836,73.24501158673063,22.26129123735603,99.7023104019745,30.80108977052737,36.121661886798364
70.48241653907162,20.570429497656985,36.689566186537505,6.310522485867843,34.985138703039276,11.432999466283533,11.91602651948742,40.83796806314758,91.7617880177906,25.971108010245747
30.884380914245913,47.69054255322751,74.87733218218078,7.478816450286518,30.769224365307313,27.357157355527416,50.111811733108645,18.23292298165724,27.26135615193297,9.263646272341575
31.528051310392257,43.15542899531073,87.42720265915166,25.175879878875364,21.007495679007803,57.08408353221244,64.61901695332372,61.360633804936896,90.75659593363496,56.03472029242016
6.055225624126059,64.0891664837207,88.28853066451842,17.801594722152625,17.29108029905222,59.27796939767489,59.965442504647925,23.628770803952126,90.39290528460883,2.701841803948568
68.68212159922959,94.47090508254122,22.769871342582594,77.43001177801509,64.04061169196741,77.52113172341713,71.38730452741808,10.55491367129504,92.36760450107128,96.63753479943995
56.782609139958396,11.240471127794882,89.59091387314908,32.168404666703445,91.93948412086785,61.53114072274393,5.675118217302389,5.017417206592912,49.61534392841938,34.13305217349662
34.942511269378805,45.185866513424045,34.155123185510504,80.46957850398326,50.88516452498815,59.361470438056074,42.820161275837286,2.2881274019683873,86.5946286798892,69.51575104898038
70.51889789173546,19.241103788713932,30.930766548529764,17.38459978231528,29.797455234664426,91.23530869891383,23.857052394569312,43.11646483110637,95.07658961673202,81.03628725474499
53.73577492268772,89.41075983979475,72.6756057398236,49.28791795440838,15.916019772222633,45.21607522091572,75.91212595460242,42.672577987339366,32.461694189717946,27.910479553955515
46.924494587053964,96.45801858016529,30.469634008628944,68.80371335531288,83.01433650525942,22.526577869505505,87.27304840603496,18.554540007795296,41.887440568255506,74.87387091100682
51.13245436611265,47.87016818903501,5.296640560971011,65.19908538658548,97.14920564732138,16.178858502363024,28.133574080641488,78.40190537712093,71.9240187335744,83.24208554247096
63.63481252670565,10.401029772814073,37.3617772310308,60.112940993026875,34.91554014678518,39.999459680949975,9.521807906940827,12.927062791987876,30.03598217233009,24.13172338116135
66.00026045745994,78.52946667226732,72.1465600358349,92.48216019311698,29.095042555212892,71.27527551936957,25.342796199139684,91.53171926393024,75.38093089126589,99.24946768960727
28.895781914071716,69.7141350492399,32.695842027017655,22.852514770674436,60.149295297494135,4.25434849299009,10.40084890589197,58.757597764327244,7.389214521353393,2.0688682842089356
14.074336339115323,35.46708266103104,62.95590559951465,49.37192044621054,77.53289809534257,12.905338650940612,32.24221661134538,2.761637610492962,52.34983842885422,21.700048023554107
15.663418119051876,88.74074739689635,66.01194442631304,88.39925500724087,45.540280354966434,10.611346010363942,53.81985783218257,96.29726257427166,12.23134840837452,78.00207562769928
63.939088590300166,97.58318897827071,73.37360117263562,7.789376559515704,63.00731498609492,58.52501530514588,97.36809543982065,30.79412595458536,29.332347643667646,19.413102505575285
87.2873285767126,55.78538491301954,89.71304663109365,5.588826825307525,71.6549068023292,24.286465053126626,39.93702543513585,44.99749595778534,25.8625392486472,69.82598633062065
40.94962783455518,56.57279113442924,43.256449926843146,23.33022875582914,96.05922878561792,16.62594283013965,22.003992385462112,28.426869299455216,83.89320735626661,85.55304049829037
16.952016032946236,29.751350511377783,16.643207666245708,63.30212195380185,16.50373305200834,59.27707197430223,16.680174037083507,72.84212980337776,19.351725540619746,95.92142726342601
75.66024982938546,58.45060359833142,31.892571543188943,25.98796264498069,99.73824938253695,76.13099154523792,17.3039766138676,48.56802207195386,80.84479201591189,47.42475154002695
83.24894744194485,43.964232052484654,43.216725517398594,19.023988380879896,39.215665524122876,33.21549164526644,19.25976832614592,13.23729594025026,79.3960345907922,97.11091229821174
88.05824431209666,30.219102692805187,71.38914693281131,45.88023153582921,72.32001427265537,57.820460567659616,76.2267022537447,10.420395235945378,49.88830555572299,41.16222966816786
60.68314289137332,6.718519652390132,1.3122125561633502,61.35980687694115,57.241437797299724,9.81244131994602,6.102771143241991,72.53754133245748,23.38432555961296,21.812803967438576
86.07285593880847,25.270785970912492,31.578538343987894,24.85577070167404,48.66686170088401,93.519103045757,99.74027069430342,23.70814049312715,22.689633995622273,51.39218530847253
1.5414958448407678,19.78546496776644,77.98425810193169,30.069118672374206,69.80753687315865,33.68961853147729,52.26863911662611,13.779337463847252,46.49246471158478,64.98232443114927
10.723580176952352,54.204198455394895,67.08577033306953,61.35593048115139,39.57538502235951,99.75056931735013,54.42718943008257,49.942759699784276,0.880900739351631,45.79633160499438
9.257606705209875,60.16700217635938,73.17399735856051,94.57384219894527,12.61099813368064,97.8587755849782,35.756387869960484,80.2765287536304,53.135075461136616,56.69724439667916
71.2604684254733,60.85717243060165,81.18107694391948,67.47417274380882,48.889338312123975,77.88234493358115,69.02553594121204,27.878274587313044,95.27795257670554,41.64091877271886
6.958178354357902,38.81810010456791,78.32357188779623,78.29041435845599,52.19158706823186,2.0067095406966717,47.14563408807977,27.643161170080777,15.47068818625965,52.47619540212498
49.636437246630706,42.1229733685496,68.21831661527781,36.68100947554688,20.190215339993923,54.34749203843633,32.906128496454976,83.3881260260377,57.33456214756034,95.25956719465616
47.27068986362891,83.423842964064,43.96615323705906,27.22543593844661,93.56193563286571,8.68364204400115,26.51384037080429,14.783379456878265,96.17786886444568,49.9831152536332
31.07035235582409,47.62328135171624,98.35983288781539,45.426774320262254,22.747564664629127,89.51380259615162,92.56512069332595,61.67275917865472,86.05221394916002,25.317963280926026
87.04051699420998,98.77733321371224,56.90731955900738,80.71328287116737,40.92275940840977,78.96362526474029,29.09895150524202,95.50134829825855,85.03801163813402,75.87466215125707
17.0433201879996,43.96172300088649,20.27692093688391,45.629964179055584,15.49296868447233,97.2340376595683,43.6393259429842,84.13031495773076,82.1849930396189,33.758445778154936
35.246278439923984,64.9580944617839,29.28128551047844,84.6725408789861,53.57966461869441,60.83829531497954,35.03414021164682,6.181523377972919,30.90236060561856,81.62071708213907
77.41715000229291,5.03629989933958,69.35624559704699,98.8771980695127,30.763760810008968,52.2172804484338,8.617882742803594,31.99108765616254,89.06168312668122,5.684198898388515
3.0422314393284244,65.33399244188108,92.47395651994636,7.202666573033634,48.9272519976084,51.89738559443876,18.59343944822671,14.237446559261635,94.1340351233171,33.217797710869135
67.29504002463686,85.1426394415006,17.872012920589754,4.541015608370369,22.461691645820192,38.64483744543449,18.950197532638203,94.92406376871398,49.57924232990394,9.435990826063945
81.63977263615706,94.24578385332963,8.234649574578635,14.958970291336183,5.377512794871575,46.869006722914094,69.36495143896548,98.59415662220812,35.457104725945875,8.531782424583145
93.22678388381672,99.73206116397705,88.15310480420061,38.43696757343462,77.92266510822553,63.54125831353503,40.65854099658092,23.499302054003792,41.422901560585615,65.83895591724372
87.62966404914849,28.21786456492331,91.52779789128344,13.104220914543241,64.10862839596584,93.29476075562772,78.19675630706587,66.96990448287525,33.420644183126555,38.53348013536074
31.938411683368518,57.537006482571684,27.63793453158995,87.0664477618756,34.07393557110129,59.588433825603104,70.8950924334157,84.16317320471184,21.241844202454008,87.14789419851125
58.63641413229526,45.071798553214734,37.72857243712399,2.31462510270638,4.749422468232223,85.71159423173673,19.204976639603764,23.368028441447652,61.84484702528894,51.640513787352916
7.729349315046585,56.3817480575171,66.01879974978584,31.579271633582252,86.55750626971209,86.27799113025006,56.29169201201007,18.768063432097748,56.25968862453229,29.534322117228275
25.78700035480086,15.745295718984664,32.99300208424748,18.469462949420535,16.979500493567933,51.88326758482592,74.29088460488028,1.1211023247280294,46.258507103927556,72.08888879621948
9.422237874750738,85.61495725959415,87.71587082700529,93.15393301575324,93.0742218281428,34.746964149762164,63.3042923475723,41.19624569415259,9.584538668483178,62.40167915856997
31.518729015396385,90.95689433445877,10.757870271386272,66.9481004890028,47.85953785959585,63.9573873332081,60.00165080879809,89.94374623947165,79.68929647059998,79.95946208292034
87.51872134587289,44.966166311292255,3.798222096019521,91.20302564513744,34.038670990848374,44.58773419148427,73.9610887400768,90.29796490563488,17.49335627507892,64.3588276341885
34.71668396742926,28.042986157357685,20.84862067427895,97.23287103103934,74.17594768909639,8.14408673219329,5.678073925630689,12.774312750901629,11.456204339604813,16.701341709892027
56.18981030014264,14.083342765301232,28.6087778204969,49.70982436773692,87.68394060751858,37.78091004324337,73.14219473614328,20.435248052839494,62.30713954829474,67.0310037667066
43.338084811494085,68.37648247778044,11.292659128887506,23.431910804802627,37.07135636457107,99.4072138049325,27.265526315342836,40.80473309345336,39.864436123772315,39.15491976158103
45.89165242987353,31.22318396207352,6.569042934064672,19.372878619658927,40.73437521701872,4.851187002628721,57.18722545093541,78.0624545163702,5.980847535232947,46.31430302575681
96.95720518365583,90.95385699133887,75.56077135017982,22.291886168584053,43.315821934719736,69.66669119009266,24.230499469650745,61.185148353172856,35.55683549610582,92.15645757373447
29.615446826385792,67.101247484487,16.427656590225737,70.85933076220029,92.23230614786691,84.11887050712471,83.88175722068377,51.384974352021636,77.17803522849628,35.9964046297747
62.73244695231713,64.56853251742407,91.3922199066304,4.044572812300073,69.25639915143327,64.87259034753788,48.0559354300756,59.19318842226031,61.52492052170976,61.195914299083874
42.0062669579447,55.94021158982409,36.7999661448096,5.136107303271487,24.764611704565553,56.974823116329,64.29412120249836,9.619969380229666,36.27860229869968,36.348173341223955
6.1146181047686206,4.577633942872561,67.06058097213455,60.814294238315,18.49996975019794,70.75544169787575,79.40820434767281,47.7663642254907,19.18047916345881,9.472748535779175
48.9330831624236,93.1922435685587,22.540211476880025,64.20571467374066,23.036766342481606,42.93427372996557,89.53152550713644,99.20632895391283,63.179562080477325,45.35253420483005
81.33433290451083,62.793749329946,24.032276849186683,66.52629243224601,26.356388918551744,9.136173730887675,73.2062097069341,8.844614693908781,88.75553009463553,59.70615044596519
9.875296868168837,99.40619833831104,57.47092028675753,37.188050458859124,23.01834913340015,96.23717543033817,14.876857619040573,51.92466776348864,64.62727180159138,40.750329203759875
6.9591847396308975,53.735640477288705,56.06429251459861,80.59448887141531,65.85064471923961,43.230076998419605,85.45323695857864,29.56492616573746,81.29038546502242,39.06661846781844
15.363152039326666,71.0110891906213,76.87292280120813,53.36245877266176,11.593351065750635,66.53892371680176,61.85779158655061,53.9913296861959,52.1527838554371,82.0378513894397
76.44001113893061,5.620955786622217,75.7813305694266,10.546563000941944,38.73584897079607,53.13104368892952,60.94497583802736,57.381876003374664,71.79711067410288,2.9685172289470207
72.3995384144738,63.17361768234109,67.0687764663661,79.70993070673453,62.505357297036646,5.4673071977554555,92.13405598049216,57.74728981194759,89.62267737783523,29.558539674011996
56.501776890611055,76.46496115903572,44.9130565893491,95.30677862704583,29.085997394293084,95.27466009925385,24.88315556658831,85.22087853108866,77.31789782586551,81.17572653772116
46.82264040926324,77.85142948525574,89.06403862806171,6.003631300235868,6.527438470165803,79.25372261143234,23.95876184940333,38.974741467366094,90.98539533981457,92.05301486111638
88.83258147026221,77.01116522302854,62.257849022129875,39.13513387005799,8.18239228459683,14.909789446939492,51.31935546949619,51.63541626664959,43.113960211605985,41.22995858408282
76.66978238334825,22.628262729366767,99.01984904623572,48.751604483474765,12.596677630468633,98.16488762882668,75.08630665348652,1.0928398967748554,90.42202551270566,88.87942431960764
81.19422513018051,97.53984776052259,81.93698179343586,14.647076007831695,83.58430248681552,73.69013721717079,44.72407082285091,78.95506015797667,62.15672344817076,19.89301221250327
81.32623013506543,99.51821206249387,4.430981123832622,86.77089477828771,65.78635056049697,47.232165042830886,63.38913898924022,25.948770737585292,87.00487660816937,22.142706786017264
64.2717154745558,7.559587516160127,32.05939070803178,28.4149644890044,6.452241109764478,61.137005655957324,45.252472422271886,81.65550240405165,3.93765304378354,84.61913765848035
45.80146243159459,93.64464228117572,57.18757164709517,78.300853993816,39.10688791514198,10.673668201459751,61.03871804869687,26.56386663803172,65.78523819135361,90.32577413406182
86.46777525856504,28.944919430436933,72.14695378714872,67.0994482028316,27.858517284706565,56.0411510015611,82.22623026137111,1.078849626249223,84.79750788778986,22.28057679626675
92.60074176032506,68.92840817509648,55.033649776194146,59.804582246702346,57.80401116288002,7.36610720170594,18.04766960909233,15.483131819344676,17.420203364319974,5.932418996861111
2.3806043258343013,33.81109207361321,78.61304224621819,19.21428486965544,52.280594967231345,54.485525711930194,69.53785340059841,98.5682902572168,66.17869334649231,9.032413705528775
5.1554873266251295,96.77543233731215,28.26556527573446,22.07035205509057,48.11240233697149,55.26956887627854,78.74257393381832,31.980124594798852,82.49547142166314,26.138083537636327
95.87432969084372,10.150385830353548,18.391205123282507,4.734840474656932,31.451237037261315,87.44387851607439,44.711140748178245,10.882390201274717,28.794936963263705,76.14490771467949
27.716061384419476,49.774681695637604,5.391668378977011,24.071242978226636,13.779977204399074,72.5057500272294,32.32335770678543,11.875880362575053,40.5246327906392,50.999182779628285
87.33694396494187,42.80477919420746,57.33137445715221,34.54436094605141,74.23763828726379,24.955239221512006,1.354432392440208,31.03427140572238,56.95177184992194,45.558884224276966
38.879511896140265,32.60234522779849,68.85995206754953,83.31453038624254,87.98567688426544,88.84261421878568,79.71050223340936,3.7645041116763034,51.91676888845621,58.413993116600096
11.91000576093556,64.55339908801486,32.61497171193616,36.63926667148053,94.41509092328172,57.32426648480058,32.79386590359881,51.14885881219537,3.9189393037135645,89.02231134621861
8.044320020933426,13.105574342166747,61.35841848558766,75.46217827656065,5.861897061358046,60.637947857403375,35.73094694080502,21.374091548932018,9.867209808541343,9.043037956565758
15.650789908045649,71.6662418133697,5.2157230853329235,43.944228129548755,73.9908711588883,16.898136922217834,33.600616309881225,51.93106413968722,10.046657930436131,69.47241276365813
24.989319486736473,98.05921238047873,9.929334629680364,78.48683119938885,72.65034594069625,85.7773595969114,49.873933081233815,14.076421869922019,26.2267905499175,92.67908456554052
48.851835393082624,80.45587144686301,70.17547722584983,97.62716004370398,94.71096141455892,93.0965115016544,70.24995732190771,42.985722901749234,24.586411280244924,21.335004175839998
70.14979005657835,86.00167529095454,36.80697052172987,23.98415580575801,25.291459449776543,77.49906494949082,77.18631310005108,59.79168584012445,74.22223837867996,83.77723159618344
98.63985764853,35.96367431790025,67.13340311030056,86.23416119638762,74.21790382951563,94.07524526450062,39.25707204031583,6.199993833810802,57.27443860161445,69.80247107595022
44.150674328917106,32.48866064812187,83.1721120279918,62.18240863057747,5.4626288766484565,30.229990412234585,66.3102035045169,39.87493092510586,76.39760846452411,1.4468536073144689
51.81849423431098,51.70483546901332,85.26224374761169,81.72942615886548,63.12457207616191,86.11191683627712,72.06842502713152,30.252382098968777,6.989605741087013,23.16116803621282
52.18157013832556,4.572661476227269,17.216764546445095,65.15859022678052,35.08478240521797,48.88931428637425,29.691733167738153,24.0359816488634,48.521423747160064,60.58447608958808
53.94343554879361,94.53581344565326,48.62855723513465,42.394950727415015,76.89094395474751,16.391720294358493,9.662146953709328,60.45346260844965,32.37755792652695,50.24003394912116
51.77406571044622,14.37851730161922,73.39267236324865,22.807493944179036,86.33042864353935,66.88005990334011,89.46657206444625,58.854198576540725,84.99393107557464,52.793625252686596
0.8774755061917827,90.30130391680925,77.39805962669104,7.003522533116502,36.48210422175162,68.41202707058788,67.7115971781593,63.06998066776936,70.77891569099033,23.193042460682268
0.17248221098407068,8.35822220003557,78.46759807288775,53.5518364460717,52.55860926993006,28.692451375669016,64.81104088762915,15.888267043252135,86.92584708267962,67.50034707086266
9.766631812612292,82.26249276785602,22.816733438058446,99.03260945268656,11.740406236359991,2.749333162757006,5.890251521197798,28.570924486232773,4.642712240606006,26.64183709367769
10.155660342917884,15.196252587821512,19.253481772377334,73.80418050142062,41.69069652234766,19.984725908556335,81.78730575039265,20.96787779950787,72.08234895666004,38.943496647845386
70.48969089547961,3.81316140914727,59.00124682736959,32.73455413990166,36.08003932591692,39.977754767388674,56.60541560860531,54.05036049978419,54.0008352159578,36.89159158800762
20.491603251599976,71.94894502594087,74.10857977382197,82.72048000867352,18.312345978451773,16.756291105986854,84.78844173175662,46.106568920961635,82.50000290155658,67.20250221198985
89.47141047556129,28.02653001744283,31.913951553419327,76.89840001764065,89.44786247667759,19.40299482396042,97.45611837367615,33.029373759275,50.7160590925821,9.025276168321739
92.86063295770195,71.44961527843495,10.470515686242155,28.16357933534568,14.808783804016024,39.139066438226955,95.7100320880242,78.6014808868433,54.0209077901909,20.55419010401852
97.58933378958987,55.50852504728198,71.67463829100775,1.4307489794234685,63.573935753018716,96.17866143085604,85.60893463902075,9.39737444083828,5.176738094206512,20.049707068506784
93.90813048870201,10.880739023006559,29.96978313800045,11.81626385339496,89.01426434798877,76.42435154076483,1.09473738313689,97.48966887556422,66.85228650359667,10.842467411571011
27.188832191852462,93.21300733011637,16.636272431172184,87.73061903120576,91.19685798632257,31.97484012265641,88.57272082369565,11.654407781531873,27.313987560505005,20.759497883645906
50.97768447035125,45.23141747634776,14.772352839713164,83.65630353048718,79.32396998405684,95.16040689185482,7.50623138276455,77.30708125683694,1.9693922178820489,60.706026792335436
17.5454970196941,73.4447277798688,31.49095475267163,29.520900087836242,17.614113387417664,64.56467922587326,85.11939701767672,36.823018916083186,6.6437162506030045,73.21681708741882
80.62096551724332,50.10205720156251,59.26780659137455,28.51954262844204,81.74314092138697,45.544964464014015,28.017406861162364,86.52622291318056,95.72856089660256,66.03034469691227
88.84317051440961,60.436147496120476,35.84022386938166,79.28649871024712,27.65648124156246,46.83001989551471,61.00683385333676,7.416994878416205,34.6077289579847,47.51881379808823
85.12888392975148,30.277359235669245,2.066185159343159,93.7737469895422,92.23980274325089,41.07444678353919,3.806823114987967,37.47217101923378,86.8075628621159,5.243457109606364
43.33669486968349,20.036030400345027,9.690843467781107,77.91372567975999,70.90866814238495,23.299205254593968,77.11816961182281,33.54434065002363,95.96772340692559,95.9007010686775
75.8673884686781,54.25702034080678,29.05032471986191,60.55786770307615,78.52675610088865,38.66321922137057,11.17061222329715,99.31570382255353,94.32671888373227,16.807646083749194
9.757916957626945,44.021897297100196,65.9704482147092,24.267135033180452,8.503245350193723,52.78963840433926,41.06881716757719,98.55489948896256,88.17252406994201,66.84213704056708
4.024477061925069,39.01132134339331,9.851507346853383,52.574791409526064,58.27651134435444,52.8027350730221,81.74460023253015,18.9803958666388,89.48439124613009,91.28906154821111
75.32364143087608,67.2567195094623,56.065685350068186,23.351185859326463,82.11421268986795,76.1736902212518,69.53489965083351,62.994696069833886,28.90080443409515,69.77770959809885
42.53552743286837,69.0506632011136,11.988587082400425,80.80114200967736,86.15903527724993,35.87978571573526,0.6042696858066909,53.55194199109402,15.146989026035829,21.804964018895024
99.55492647395691,4.5920056091263035,21.16153273493815,38.696107951773726,2.8631704733641516,71.67980293039524,40.30323345425488,15.437349124073874,63.92625620879237,31.579629876402304
9.72542158555324,33.874449424367214,17.218852755576275,83.36972169940262,93.91592325551193,57.80918387686847,4.192751696450802,16.777970610442306,48.81055918688239,3.0205867011095178
85.56276815352336,41.17645502263774,6.722863557081049,38.160921798272526,4.333873330247973,96.18454045268344,67.34998608184691,98.92517284795547,9.874671869517105,61.27582408421135
47.99830655289917,9.68921611641681,67.13298173865903,82.41494051998913,61.451867967484986,38.52849260339827,96.89484917533214,45.272999362093266,67.75413160224109,61.29929808815666
82.71501955038771,23.590086669828835,46.34035473860345,33.331781516524195,69.33875276153121,90.12164642607902,65.52612623007592,12.58012920000735,56.286000748477335,72.55005813763793
81.71272821701449,5.164179722275664,83.10534408973382,44.013270461766986,10.73452911679098,82.06425472982895,22.437243111755578,21.47900387392543,86.30674008104391,1.0996289275621351
91.59920013620774,99.62420986170206,9.889083998231696,61.54884193426575,4.801186560919268,63.76642845894569,35.52330320665401,26.834806724854964,60.91837956883987,81.78412888244667
29.78500112861028,73.65572029698446,14.473293333807224,7.028761402991868,78.49121544507291,65.45144667421172,97.66505556584677,51.09172633186193,57.39461797217537,73.87109574003081
94.9799353462003,8.745015650275366,30.64577313504506,94.82070618154644,38.4670624797434,8.464993460641068,22.405241203235004,33.55481295063093,44.07517233326279,14.088660952408883
15.166696035762028,2.0249379790092115,76.58659869388082,57.36057861238032,10.711251531512367,95.02246055934323,56.152907305444266,45.5011785889921,46.27870698888703,34.76266092689786
8.196877759349054,71.92878001522803,30.57588231556988,50.78200146908023,76.2667816387642,10.693606349574392,40.045380868174476,16.649955110136272,95.43812269791161,63.85248929042168
43.161551737234916,43.91921656826669,40.84187074986926,83.93939711199121,84.91630701436206,56.32333087435071,76.83152979282217,32.67286905875062,13.844600940023932,49.57968749403279
82.83229686418426,78.6796709064576,30.160356629716457,86.57627298968276,58.738619075880734,33.00708004491545,86.73892719798872,7.031659271775403,44.621881858218714,11.509426390126244
47.34211306334456,92.34760378183837,8.022429180102996,52.2260404529016,16.123680843464562,42.98519782898518,34.08372743502967,88.97102734758488,65.58272339268429,8.73453751365899
82.92866775305141,59.93003890163725,93.94336228961873,92.72623257936374,1.5222471491490808,61.018301083681706,66.03963636993826,19.875247716857825,43.30106455903996,78.14562991080916
72.96868057943053,18.710842291725307,54.853899207118886,6.4737766076480625,70.08024813019439,90.88513778823216,54.90476975177273,75.69001354287388,28.321562704075774,15.596711801780982
20.942838613893354,78.21940360464525,78.78331881854967,11.322579225121753,55.013967482531676,45.75671235723014,27.844449005543336,34.955178820334595,28.735737076285485,17.209267393044357
94.88816248994638,95.58117431743744,65.8357092185296,59.678823001444016,65.07971417200795,98.77295553064411,27.19408028130017,47.43973189397933,23.365604625771574,83.09231253567576
6.078116862940341,58.023128705995596,51.425427906197505,35.40658617935837,81.31846701995957,59.28120653514998,53.8631647532304,29.126103946122683,34.390320058308966,61.21396345632171
89.82797075437949,68.19974472807336,8.967825665938012,46.422516618919886,43.422777699297214,16.055394264217448,15.40028735322998,69.64412711073699,87.1674775583567,60.47156081539724
30.4443448990374,33.747469503667304,64.27335452703043,32.80792178971665,12.451546883362042,19.00092948312523,81.08098964824715,84.45464192747075,50.52245503229952,47.934577136334
50.01480831643993,38.152769466031124,15.537035593683212,40.47253114449356,93.99832853908265,71.61110355892511,6.900483920040202,28.62701847395881,24.023872807781842,56.899501440229095
42.235187270073446,73.46544978530639,41.43831693562766,82.26463471462995,54.52621272468573,5.0397794243381755,9.457448620831633,24.221764366359245,38.45267170265324,60.1769690371811
17.18345569169162,92.77710984068192,62.911314348043035,59.34761998543047,61.52941190885402,48.034157622222686,34.222630892726755,68.1440265463897,10.583041207856802,96.78262348435803
35.81468664016931,62.89883872243522,78.22290004721233,99.73445492834982,93.34114295517512,14.82191098035166,11.809175819713335,19.515306056772086,90.40357397387379,22.297330746757925
19.293443629279526,78.98479084853474,68.50451757086195,78.68791978209629,93.1583656310263,43.3218635177845,47.57000212554925,63.983976560977226,40.8197832091432,21.45624197004591
20.388647546052386,17.163501741537303,67.15335290546288,27.366625410182664,57.20946067281736,74.99174220717195,39.96758904418704,9.442807969363553,98.03912045930757,5.721848770531568
18.705683602638036,21.195909025797356,14.90422091752075,26.434511772669623,29.76114247214261,45.881292824143415,72.1809795885717,62.01371599606872,34.753877326251924,65.81987988093223
48.901738034659424,53.203468683339004,34.61285400715879,33.58982701170071,99.71136340127393,16.345110898092695,95.30041552097204,51.34067340104331,83.6356047227121,54.90421808222619
79.79313675113156,17.655419224284053,4.2912272660194155,84.32594806477427,68.0817089953536,25.19253703566424,75.35585847391259,11.390571557630835,25.63853132914532,11.123920384663977
56.8970033761241,63.49950702209236,71.94768931764645,2.72876506505656,40.84366768920565,36.75395886521824,17.944866288060435,64.91036348645997,7.615289337760222,36.45389351181873
89.32065885508419,29.165318539469897,95.2585981317419,23.01812788712577,55.98368028535897,6.956118348641471,93.5521285464403,44.65571570340758,3.1733361673800697,17.866320533120383
63.65444885767242,79.15326186668919,26.411039017907576,90.4918420344267,41.583405026802964,58.43376360811219,39.21334325530672,21.71150508170857,60.616842664478355,33.148174040086154
68.93401156326044,80.81103466143435,8.769670916230933,63.989643608325196,88.83051522966474,60.75337912780502,47.41893609269129,35.33841557021773,31.15736716735894,95.12641693946101
66.76072297270032,46.378745575535305,47.55700767536536,22.68470955010564,48.24993748657461,6.215192713256745,42.15762373706355,49.210210563892964,44.351988047582836,68.33188388805289
44.945919318374116,18.081063503763527,85.66982231275688,21.914496823258034,82.35283759812472,40.2311321174162,28.054702328771896,9.1554227264382,81.86470356007953,0.7569100795141948
68.93388222000829,64.67749610819325,55.19741952717797,86.26181017594305,84.01762978230039,41.40006828847249,89.5044287797484,95.76094831283542,24.810808569480216,25.250807378412365
6.970774646896116,99.27870182635864,4.67771501901133,89.37575082770465,82.43323377352483,33.38195685526012,33.22388658966161,66.55621562121212,30.865247673491325,1.0361547077779032
85.98514719156631,62.25908979425233,97.4272240527946,25.613109096211527,72.21886124756745,55.77397403311119,57.85964696795464,10.2534981287696,84.53361850586673,71.48684987686808
77.78121434439174,3.577469071400785,82.86499099626006,42.05103580765323,85.48777168075819,34.595749006011175,24.003358437433022,82.28621843284594,49.27622733435041,46.942180205547835
24.522995823167882,1.729397576708258,13.159407705151017,83.45957386283172,38.722957962296924,41.640927947780604,79.73753747701804,32.25549309461454,82.76651670524876,99.40186918143893
76.80324542540824,32.03619704923062,92.17977565035089,77.10074386098854,11.466320614196036,79.75235474416056,77.41986595291866,59.67995367131839,37.44760034663164,73.35832610226582
1.2642601400018494,19.578380686040486,45.06882886051886,81.39161065660845,84.24542043725145,16.210935543020145,29.631213844704398,27.714284157957326,39.83699808271085,51.79129427078819
21.724657248088043,81.30512071433081,37.18979905749412,51.83981907879688,49.816841568734525,61.91146953034209,68.15540731434537,73.34059449146072,16.713836177825627,80.47054282081352
6.513723867089594,84.48056670360005,46.10533305271882,91.15490483051731,12.737603252785101,50.55944016908456,70.38735330949497,72.30089750001024,91.63458535949664,70.48036512340761
78.02269166178947,25.861877131047617,83.45719568709472,32.59515439544353,11.531252218200795,30.507163747934907,56.251141610476616,55.2043456872418,89.67836940126095,24.377617763598714
75.58741511783872,32.56447769498927,65.94796782867857,15.667213434751803,15.92423940098927,72.75346564904108,60.05983822716702,24.09255924715781,98.42170145647735,53.02582748275165
81.36360238018307,23.624696771511466,5.924845239972754,70.87323325648647,75.09732596671059,55.1188359541148,57.44546382907958,25.37038075121455,40.24471271697115,55.59987248340709
0.4481693325528835,90.8382547371264,95.7604371116171,53.935441600689636,71.08566734662811,47.73615269606953,8.186440399484562,38.28627966949429,81.86149417586421,45.123169860780344
50.1232726678408,50.26493346222822,14.778413347831776,85.4585768809481,20.381868018488326,66.76693147712001,67.0265344713785,14.50121673962853,41.49537316721186,17.9192622855362
70.48361975173366,65.61370440820198,74.55679517353511,8.115924912471495,84.69234181097953,80.22903079813608,46.97750098386913,33.76557131909236,45.42987889209728,22.3369051657887
15.540112873901545,41.54820866996033,63.6136530428131,84.36924034380668,28.12947955282449,97.26687900335762,43.845728054141354,68.43546012483125,82.99993935948245,28.10474009559616
64.97907275126246,63.101419350453114,18.752804794656086,29.32946532088222,79.29855833149475,62.93503683763735,85.99992187818007,83.08452800594213,17.736677088639972,1.0255149378163742
8.411009930968572,38.58553767217361,17.073207611304962,65.4855667168183,48.88059077349419,87.4439985400383,2.322671346111771,33.258229049336144,22.03109344617523,91.69438921695094
18.132585610431317,33.96784377292255,87.03275937046921,4.012878907825579,73.1548682538566,0.10915410229569433,25.131491795875515,23.359025825436397,31.472824039581504,68.60959915834789
47.5796814994601,63.44800731734802,41.969492349959715,60.95812963036007,38.13876630735658,53.02356927258912,12.140349984274634,83.26425783351343,78.81790325000576,68.96173157844709
65.3565152681102,59.10620780489892,65.45765141741386,71.7271689187336,34.714059709477596,21.46475487701981,3.534104460972576,89.07040273859212,37.26515493680827,57.23306138091213
14.586912695389609,29.35279541679496,50.40710038566733,36.87502145056203,84.13595989593323,9.419245708313717,27.567699767594757,41.00215233120643,35.81682082807616,68.93108081610592
18.52233308309379,14.934845031947342,72.73535170759595,21.541070526214025,3.5302254514069653,53.19710170643921,98.84762727946776,2.690415384963385,99.88163452552418,98.18625498736364
20.4446367065663,36.857669383813764,47.92423750393306,53.7630676603545,97.47369472575073,74.6826506149094,27.02291732075738,69.4961620894152,38.380614309947944,38.51603376344933
23.870080469897847,41.51976391419092,28.73799152555684,83.31908044356466,64.81795582653734,41.227252247437974,66.37058197957714,78.40332361831295,24.777053631558697,71.25255868765638
22.655384852629123,62.868433342460484,36.33833709964964,32.35473582966508,43.24833881994421,67.0107449344435,11.829889004072147,1.802425316444023,62.32136782009433,35.952900437752824
39.51491084976367,91.45287636368637,85.90776944503426,25.246929752127954,62.80545311504252,48.971925384094995,60.184763004722996,59.503085334151315,80.18799519550008,85.4288798746826
65.37896508367228,3.618479753292514,46.8034692922727,27.893530863768767,12.27409464589828,43.7085865959426,98.44814831383133,58.836875824417504,6.960783372315927,85.8028606890035
43.80317831344696,24.366101254184493,21.344933224460927,94.91321529166645,51.40524552935476,29.025664043586062,29.183752346046532,37.8707908747914,61.8892231138475,90.2266425423485
77.59739087498882,19.371594227956034,93.46053880772533,35.92769157645597,98.50955233397977,38.25935145010045,84.80756163755828,74.97673258508377,3.5735455880224753,0.5463324241878342
71.92685059486148,50.22944086937836,79.6600456498377,0.3604239888287175,23.526943784670685,34.97956307944279,99.75713803665354,42.81790381143607,52.63323509795179,29.819144499609486
12.652691404907568,42.97008070431598,5.566614605619913,78.16812079596197,72.22780990363495,64.61871840148815,58.8554088720744,67.6775951791364,25.69915637578092,13.392435120159607
4.884162332074393,72.90376238201884,99.89429619805178,69.92747953353901,43.497137583170066,11.601851127913953,30.940110042803536,51.711730463515195,30.664169767318572,45.39861978901568
87.79415639996061,24.241591254486384,69.49266964401023,12.856826460296888,65.24581484879536,9.263636868780601,67.35312598991563,24.84646047028439,46.70959639823826,49.54496426792978
7.983106656287342,59.449836574975855,16.026659904058693,98.49042491349125,20.488722869177543,66.00129942084604,84.48482062686188,60.650086301013175,92.7107460745587,25.59040428296555
14.833918071971308,88.38572635999593,23.716768129859645,60.80622853051112,47.04649826176024,54.629806987888074,17.13502429619783,73.69084948458416,71.06673065878765,72.34464920450704
2.213327555811806,91.06777399183046,69.24454812415469,50.077949094060145,98.0092713859275,43.02000967426576,45.25157638414533,97.39056734370037,93.68455962844963,26.976971718896937
62.83363652986538,95.87846047250311,77.9761055279122,38.2219267622891,19.52871510160096,15.244288440790354,31.918771012384095,38.01089468024135,65.99710045586777,85.38913752833585
58.237056315834856,77.32611520799885,23.903594314980616,89.8672755563638,63.64450278487571,41.10271118693115,28.335899696237988,6.44725446663511,0.7107747087859662,17.765936814178684
98.69036664352556,90.5987906258915,25.696885389927083,24.39634814185633,57.55977487667954,78.97317633200116,86.08212607401727,98.79712212213518,26.55851973476776,36.72352947652836
88.6932396317172,23.453087198527424,30.712069487206083,28.576890021990188,56.50515862904033,88.9621235789257,42.16540068218385,62.38066594255363,90.57725777203738,62.223775842430506
41.08431774809097,19.758094435047703,59.80183648366367,12.24108066865669,61.512328965161714,70.25765699642201,33.90763418039128,94.64504581607692,64.34455209677448,60.53350704632533
37.1585840912535,0.6488083780526455,17.181617830127692,75.911909558426,50.22379736882281,5.991217588088082,60.35105414260137,10.382708601111934,98.16472365702748,7.802911200514351
29.68520342799851,70.68443574290984,10.42431988847775,59.55492804058533,1.6930750257658,67.04097766011185,21.940157963738127,34.20338398704577,15.59640192182956,84.62586121909482
15.240692003788137,93.74671878137444,67.88640890855136,60.90661692544983,90.00968114631178,24.098558954629457,22.989349056807896,13.39366988727243,29.674783310651943,59.80649334297752
13.808365660200906,18.69353450416764,77.90979397931702,21.847043101946362,82.69788274840309,31.525124302640506,52.028873087150465,83.55101545820595,36.23676595170363,86.98595487071684
13.228370800960542,63.69435754268788,50.09294044165055,65.11683891270839,17.416768092112132,19.58732079599845,40.927272864618416,88.03427414293161,32.65578181673106,86.76355782278685
11.411475718677854,74.64597592217775,36.383271026838536,76.54584472468639,41.3273177378869,77.57557906202047,29.498238392232444,50.13116998750205,25.199153014988063,54.5918690375031
24.05120424055369,92.76142351480566,43.20427135264764,35.78885307256893,77.0548980693568,64.8602122637279,5.39511322741022,18.660621766203043,44.346571575677785,91.07814573114379
30.666863031311642,64.68602240172217,38.84078338719519,80.13471439617122,98.00623153872844,61.18350545991809,52.077423863852154,12.711896903970853,64.22981233693712,84.8407798813456
96.15789710389159,97.02937327487523,95.99849082376753,34.879058853202096,95.11370464417864,66.79726096692761,81.66092056010751,58.81641100802067,31.125692288669605,95.8122944561771
57.84732510018857,34.46731410125478,76.80899052191403,75.81384615092877,89.93591996761742,23.67722614039034,85.13772052860578,50.63763245853006,7.969992331425568,85.04983985594063
98.7595774513281,34.99285337714076,20.808721485011027,3.3730107457718983,15.837389729913964,44.46444143253616,23.54399797260802,69.47891023676675,70.85325268931634,82.12038510011494
37.246694782567324,54.30125100143456,38.41891520539801,55.11646014736527,91.44751060090049,63.325372154898915,59.96412039474883,30.52072626199912,45.901655578126864,46.93604806769115
45.7626632589441,38.35018811159071,54.40122913631098,96.95265606398866,87.84449129510794,63.659402761830044,85.58813094629404,40.23679950243623,55.64823060900632,21.203106037792775
32.457865916527915,0.14257282875326238,61.298586206368846,98.12446006823907,37.69499111663895,79.18518627551305,40.87259282762648,2.1361073851157375,45.54006571639151,91.0708733075486
18.288765089655268,73.17720250869874,46.81838960287671,28.17525783417406,39.452259453626205,28.710396668811057,93.21368173075285,61.01430450755289,89.03575034549102,72.25491864460757
14.316470777757917,75.17170414784835,81.01266350119592,44.139909108035546,45.990892195516075,77.03361216968224,90.29785291295529,42.314352134647784,55.874499716638006,28.174786419852026
94.50791978078318,74.69746046867705,76.76060194582317,6.297790798663305,65.61756309664169,44.01844806169357,20.81338974188094,91.97646338134479,92.32768398517497,34.09957227556425
98.68106817987558,34.50206666104666,50.51579186281667,87.33413076045997,26.083561598301575,67.01726920589348,25.896483290020377,64.17862977048048,51.057534155600024,68.60785118572205
4.490949650873155,52.22894733111719,85.44293867817304,56.85721531402142,2.2948429439944684,45.571938006528676,18.044199864596887,39.86944914496938,29.258816224028184,47.781730835367085
15.034587473176654,35.997351817666946,75.10895304423859,38.5100678940517,14.122952459724225,94.86101697909433,19.605435145470228,26.358918087335038,35.544258717619655,8.148256184636827
42.35240923010226,1.603640003064577,77.85818487206433,11.277055848915307,44.01159075767737,17.930226474164446,90.78620871734981,90.52849426076388,52.212929358478554,14.1447945745657
18.63334763444073,56.244894127141876,95.64007794334167,94.67672854968892,28.200256942620182,67.5005088582357,93.1137909192623,1.6265074117443268,52.99894378050086,74.56486835123111
36.38803936268833,12.376066608401104,26.646694120920266,53.02190478209937,76.45165610361319,57.65350007681589,5.1897241185130945,32.69124672523922,68.73377015489488,32.856952848183084
12.909634985963336,8.00413240914406,26.76481623668492,28.292792908290387,10.669007054927137,17.27310409477446,59.36033556722048,94.3505583788035,22.449487218663077,50.76494284020392
45.65117567217902,75.54990686967872,88.89522556906401,35.02151301315095,91.74652255548038,6.600633581166793,56.42315628575716,65.40330069815741,65.88428999655017,76.66214782535258
27.16946161692593,0.9506202418105625,77.22263733856795,27.069718092214767,89.5327179943911,79.91443889716636,39.054764672445984,53.27190712832991,77.85880083807523,75.11755937060525
35.190505575866084,95.90084436087261,92.65455414356273,60.18098088569806,90.87568169332881,15.745133364626518,63.1697592823107,20.353471792042743,67.65919894669901,16.701502688727388
9.43126514627476,51.52553641125769,6.313016032445306,92.99635757805099,73.96099986033266,18.650668278577598,94.73678255108501,83.3374774254387,48.18281098175908,9.83938643990353
42.81280507101417,98.30164307061484,62.77570772615966,85.66938033265644,10.69999714835993,97.84342239890394,17.025488272214616,20.41990625927761,99.1680651116834,59.115229296509
98.32576109615698,5.7997572472708425,14.462833812344744,46.03808754259775,43.813757136956674,71.72608514766307,12.041090971645563,24.825353152124997,40.48131591292162,74.16328739312395
32.88330468811903,58.35295488659133,50.38971982925826,82.64993623010078,13.140537180546374,25.04868416012225,3.3390570828975674,19.185114287185524,10.659061457982922,14.903992199541038
87.6429274842435,34.93270359759112,15.574693185344424,42.310548127632984,98.76991927610827,59.094896015160124,36.38333078401435,15.814946056952195,82.1504215407343,37.19552873272748
84.31991416236852,84.34824928142858,12.807850898487928,25.2307140758638,33.30384233986733,53.41118384025133,33.762847707786605,95.33124959788029,21.22012188804182,87.02779959676407
95.20584182972107,36.122273523428625,1.2168345382033152,98.34151152664279,58.53305418900621,84.44732675138475,43.08196881586439,60.20315961413084,71.3285572902442,94.4223141560321
79.01095122670945,26.04875790573491,63.023881238290436,30.388756797082184,77.93930542442217,72.93207478326244,50.331003088094896,63.7837132010094,17.897628271512588,45.406976094968435
65.95968270588149,85.75531270999133,35.90226166900861,32.37242309869084,92.06160842256455,83.17211254931858,75.78239940304546,95.43254656787835,1.6877390857939378,7.951593403083301
85.65844442274576,37.4653091653261,10.518828487897169,98.96928677865222,75.554772584136,21.150658797736245,39.211339045751835,23.057505512556265,15.979860378902567,25.769645620237736
7.564468065734964,1.6833319860561469,32.283777773130986,13.392749316565489,67.45037787662376,64.02192043670053,33.061310936123355,0.5917538597692062,37.69886965758219,23.296992031553298
46.28306571988078,39.028910083933376,16.894409145158495,76.0533988009695,46.59817820381513,4.024085841838032,82.6878820259627,59.88836495702912,10.66182471297983,23.896372054105697
98.92562386150588,65.45222690109419,94.16948315016595,93.58127584827265,60.5400133750524,6.894061227922011,84.97966706536563,50.78448532241586,19.767908423568205,49.388170537925
76.96001512947322,25.435953880638184,32.00048857613481,51.17949942754186,9.416380885282983,71.35270327045973,23.276596429335317,47.76503773982941,76.46262776843929,58.322565169157116
96.2075378037223,43.19875924251573,33.39535232893899,0.25217617028200356,88.39225419612625,2.442010264393135,31.467182271130834,6.1880211246199135,76.98836079771307,12.250958867993534
77.96343561334791,5.671513828222552,83.98580033995856,37.50589441131063,54.37773088398854,57.97650089005092,82.51163709100882,45.44348665747845,81.74882271909767,88.93560065283343
87.48819674421442,58.80927915139572,64.77557612860042,11.156899238482708,4.01350504349427,84.040509844453,7.940824429776483,28.75595650906989,84.11552365475924,61.997382328111485
70.6529632303191,75.62949238603937,71.01716074030013,41.61876609336957,91.99021256598975,37.99418084180286,32.584678039073786,27.45646772243131,42.04358946137554,59.72517302680054
76.05020044172399,41.33125614011103,63.60018039889606,79.00267616422848,48.93019738368687,4.484043683991279,44.83501070408612,22.23815801790928,86.75496606935285,98.72789983842841
52.31780098395007,42.023263280146004,94.61962839485653,43.87115488838005,86.85891415610017,71.38474496287269,18.707161520057102,33.252835975457074,52.593687501404304,62.81439774931253
92.4237700814133,8.828249858491644,20.700083155804517,43.192512134592256,85.68879542053568,92.96864524641508,17.99141966106982,35.31330751434124,47.05971169360082,92.8959149301185
82.50389106233617,20.194086451198256,98.90392417557958,55.67894769188466,81.57515874571149,71.71713920582678,42.486205801352874,30.87757763619975,71.85363289957758,28.625697235979175
84.38849656656322,15.467530312791267,83.09561775565132,58.16905847476802,6.140301929535608,57.84472430027753,75.45217247348558,97.87527157195089,21.38184113599072,24.012949034649754
67.30091009630523,48.16877686615379,58.897258887634216,85.62963087989714,24.706664542420885,23.002882987906005,84.02329795476274,93.27310855094872,78.9497376827472,51.65186868244531
30.4579947087249,52.925554095075015,66.2371624396249,30.83554392289515,87.55478724654307,1.5375624044496994,97.92350925361734,57.45100995248622,42.94658265662032,50.86089476366661
3.562979539013933,94.894013128426,64.88258765006141,82.1671264368016,89.89910560520939,69.46721084790532,7.3984050091719045,98.10548384103099,12.729541400376043,22.648364948389688
93.56551294095445,7.323150427723391,5.8396224059153905,56.59337486920472,45.80688623688061,23.102617584429296,21.66822011459927,99.11980103191901,11.931191351696757,69.96556568999478
58.61203488054969,59.98679731550472,21.80164985319386,30.052954971714698,44.004146765420224,85.81626771823575,75.66298423841977,35.59397100173025,16.49067438467001,2.963381923669328
29.814297114814025,52.64985273282413,96.14708845247492,29.51260440060771,17.514063388614975,46.63641188326113,54.05987060556618,44.51875457397445,89.05727342437824,69.06304725494526
14.91351078475378,51.62330979358292,53.43644288593793,36.11375171057245,96.84107886911512,53.06355823724562,32.76797739624182,95.90617769846655,99.09378222590475,45.71778861233001
82.95231655007547,87.31592873828265,37.8353603261912,62.269324261997546,21.31384753590432,75.39365442663667,20.558966124724353,60.86261992986866,35.69737992012835,68.9007510845079
83.65201944475788,20.55384706954865,76.2038463389075,23.081173135994916,19.093678435076555,77.94306078033432,28.047755164244805,21.29290828372725,29.21438522052976,47.708063064151894
81.45079681305315,4.077327434137146,52.451894265580954,92.03335616722674,66.07289701491743,64.26508330805682,42.92889503009519,68.93806683365004,21.877097259433732,97.7333782884695
64.50826919667863,67.22715076341925,1.316277143189759,57.491258417790036,24.284430300044768,93.8431815412743,17.715121950603276,20.574618204608754,82.38164771672454,33.46849511031178
36.60153875918759,34.515746413598016,73.62375967151179,92.00157769960067,93.87716110143897,98.22984363204193,96.42259558767506,33.93577436718458,20.92074824188761,98.25729370023882
30.4070284780257,1.7589916212524592,73.22175600528612,4.64043585791547,1.090699531779482,94.68854443746169,10.758844459987438,22.756016309535156,92.40901299302698,6.497394247897537
0.8554770118170185,25.13740072904138,16.51487121099744,34.26113704614734,0.5753262323301311,82.41791853439435,98.55774344892191,24.498021593384223,66.73503789712827,68.37607747575566
83.36075586882403,30.932677421681188,95.66600884242133,2.2807660687623077,50.487680143559956,70.56252202442515,84.18932860006726,0.4655581566782252,89.71277916691946,45.42192067849121
8.743269749364247,61.683837678424204,22.390813154111434,27.225181509796982,48.8062459913472,66.33258578816675,42.31516175137391,88.07088321994519,55.400985439414626,82.21376255297002
63.07549980407676,17.25857940492721,45.77493673821993,86.20064722685882,16.33640219009105,10.37501769205339,73.98163343882102,29.59904952757938,69.06798621824967,78.96160697169981
50.40749468400884,41.3054347953398,11.473596126091469,3.660971584220085,49.451956297028445,27.148434681911247,67.15152436963861,8.637437952279448,61.945810065770765,80.02101828759373
52.66893589263512,48.247544441783255,60.32823194505884,43.614709991574486,41.16611051699864,0.5688223529377034,21.328691794893096,8.698740568108853,83.11954563237968,9.47385993025197
92.67128453077733,45.92373913640909,37.54511200572125,11.756707047322779,89.03295253423687,13.740987023399187,33.90700861189464,55.60182764609522,83.58608111858811,82.23656998612947
3.161501127124211,97.39407666667817,35.31734622097055,41.68406592603677,0.9253920216963474,43.922947716918834,51.31225628054579,99.29205505339371,58.979299984512515,21.404015744376093
77.33922246287723,4.550423779029611,82.69768772209473,83.88515842643773,97.62698050329523,14.653655078907335,63.78441798877269,14.502246727019163,63.25076493297723,2.568026385903477
5.205239836730713,95.09681864523994,0.9561712850478243,62.30710334025191,62.43927642958425,90.16634146767579,54.28949813566215,9.962178094965946,92.18759204978299,21.77387196844114
3.81536059353772,58.19372139940333,79.79467708924226,73.67563453314231,15.184344564527564,80.5699185335282,47.298746100647385,43.830388040209066,92.98664839649695,47.92851046998328
42.98176981413819,79.57277149698383,57.14485657480787,34.910411544958095,4.676001381116624,7.161191208951823,44.315227345490015,56.333125384079544,66.42497838951816,74.21113599114321
6.307517434296672,43.039261801607545,98.6098513480199,94.43976950101415,53.81056585592319,24.891371546726603,49.82644992950179,29.438035887794044,0.7754278173163542,21.86324808328537
78.91439512929121,45.38378812569805,58.9443220604249,70.92620937795002,23.48901659718201,81.90718846115088,43.435151984597034,30.252209251386642,10.4411214753941,11.300754809027136
52.95630936483372,87.93264990158237,5.537913414795792,42.17988192845309,30.116553700125927,80.30461265598736,54.133007754571594,42.44765018489495,85.79425317744162,64.59672550239422
2.9038782659774443,89.59344962919022,5.064532644372632,42.64648002270549,24.513216483451362,94.54505501177889,88.79852990466668,31.4145615150606,8.47141163708015,98.38980363600176
4.050068648191951,23.868888143129762,88.31529863718319,91.86841779432976,65.01723135725108,99.75477616173603,63.28293130546116,91.53315835685167,21.35191808550664,60.087030208561806
61.26685297394794,19.924187858461817,84.12141455110532,57.64046934353918,55.352896211613356,97.62700632411219,72.26208749885402,4.195457129062897,23.05466802216518,69.10573641234218
80.61118176584048,49.62351738699511,34.589007558202326,70.63792099030417,7.79744235218115,41.01379857214415,59.74831337307766,23.457015987027464,60.023476977990484,56.116744374642
43.779953127477356,90.02770271276917,61.80324841811372,41.70352245131708,52.65265331751754,25.032844380203223,64.30176824140023,80.85527962274213,57.66327978837642,78.23484442285039
55.45806715356244,32.23550934061763,48.95913570556003,22.369276476471413,79.11897655632998,75.84101904270625,57.834982844818015,83.39581246649568,28.94175234204003,97.58044202094447
79.98294540499016,65.20146153391313,96.71640551360522,72.35592919944186,8.119459082032431,29.92728927440308,2.6866522195823195,11.155507896420113,20.761136556844285,54.41292294041848
61.05061740418192,70.81516877406011,94.99609008768915,60.78237721413878,88.97389762304199,80.64003601313297,99.95983822000198,97.37634500127167,76.45320298574758,41.67905117427259
22.476023765881948,77.86746648941558,98.38390085407745,50.134288042477934,57.83066494477291,53.39547303979244,3.3609240212896685,69.3354849899109,93.54561556059761,86.03430611601264
61.30520258694786,56.392445792096325,86.64487806342642,62.402093999446386,95.06244692703166,79.39272752349538,39.51480082336537,27.25930559835956,5.28056799164387,96.972834375999
62.82794590652136,40.24551782789696,90.95515907751013,20.828558606423364,14.814121772237565,27.587987971701043,10.511567829893343,45.603786481445454,13.318046270486283,12.918164086956796
73.41069808811267,96.70159887989729,21.72787787671364,79.39387065319563,99.35649993533153,50.80273155538209,9.692845044093247,29.713861956796716,64.21639887057074,57.81709654738779
62.087418755680126,61.133075330285266,83.10067889897745,94.81628050203058,64.42728659696768,56.402379360218205,79.35269516744836,15.002224985441936,80.44414516714257,79.24599925459974
96.9242130458038,72.85652116332709,70.88571132042748,89.11031441677028,56.749419948106286,94.31080677201321,42.5925779358077,29.117806474891516,79.11886687763996,53.33394051563908
19.728830871706847,34.49828456958783,96.27865088280701,32.14357453070171,51.52796241120854,26.65975768304173,80.11387082987649,58.00919374896184,71.96831530826893,40.91969681929487
95.10906795670763,66.99491810030801,57.12618284426194,40.600577328207585,2.3654373098312753,93.66882392848946,27.27864706808315,82.59696948354687,88.7427954498092,65.52298211354206
53.83394903500162,25.779766216412593,8.516716671055635,80.84022997975612,93.96391915495781,80.48589154657158,25.646279180623477,36.35290748895772,21.734887957081284,27.012809451334828
67.1956140494912,24.509691752863617,59.7398891187153,59.51171308246038,64.39944728541982,73.08940540866953,25.123138181446215,34.790154054784175,10.729094649194714,34.91337429383694
9.946159745218985,71.47222018094264,68.65809280212878,54.79144436766492,9.162648449929122,78.68702691851252,61.614562640791924,46.80007010813226,61.53629700913683,99.22766588813447
38.0575941378107,52.13947362629351,22.03210287124283,92.66419675334451,2.0952170294524897,60.5425045880057,81.49993898456,64.45555999643463,82.22758915234324,63.646533437449534
76.93791464631727,68.32766104223897,39.41133835127284,53.60249609770508,5.078363923675133,24.408001046248586,45.22610100752406,75.16162624323093,58.20435784805732,87.29272983110747
70.69110150989903,26.94384907480917,59.850341405167995,51.49386795873099,60.93957634322407,18.949496883985272,37.924889064108235,32.67995047994739,96.29974874589062,80.77685130371435
4.013938816541018,59.87233410567304,37.41057373165055,4.201859126635965,61.40154148945852,86.63414358503904,97.35795542016493,58.635246782513896,79.55644613917895,65.22725543940241
54.65942634972446,44.393364970311254,37.49477172386639,6.941695859013763,49.96672917814411,72.51394025958332,11.67540360116388,38.93608412808825,70.07918009092609,84.07290824587731
8.827819296840945,59.69602868455279,13.30866391727974,0.7420307880650179,30.676582065295154,21.320428276094905,48.66326820448925,71.6399850363386,6.025729087173359,28.7158495433571
99.58564291781623,29.087973224421937,94.0746723077666,91.32442257836337,53.174273161464136,61.50933658744015,40.84877531814344,16.46749205170208,10.774223873168209,63.71164488122984
89.72965885332947,71.54509636491238,75.04943844950965,40.838666001770065,51.63018208762578,44.75464814142238,9.812659658689038,25.692486505129608,78.48376325911943,59.06034895239809
2.1080660428536957,80.59293661594656,0.1243438866102009,46.856137613341254,1.9415559876565625,15.865516996309392,26.820036208821918,42.60604198427498,19.823792557702934,62.24196007933448
85.86495789026309,25.991647385772364,76.56132840221652,84.5386947592462,28.246923032749805,53.185710935716436,2.844121257911203,88.94147899213677,2.8835176078990554,16.86319271467752
91.94296005584076,30.062055985564207,73.97949926578588,60.92463103757779,5.318534146714948,28.151909246641726,87.6954288982957,57.33257893506902,91.07606857469649,27.724303999806843
35.35482225634551,66.1154269719093,0.9730960155522994,60.95015963905811,90.01547514476555,9.624412415757156,60.784952899040114,96.53961189814116,89.08053737012341,28.66583187925391
71.95016550477659,69.55851743035441,36.96042976137646,29.653442935481245,72.52231627851354,46.69582985454108,81.50184978702507,10.327768528108383,21.848382723149186,60.19461625727632
44.21037462077789,70.409968439745,60.674769032553066,83.39083739245193,99.61151701929123,59.01085520935618,52.15544524029898,46.017541365093486,78.02062580729546,97.2546880439786
65.52324845763441,68.26985047758369,45.275065185803584,16.58299760394938,30.21712633052879,4.690641038115051,59.950982942189434,41.90785300453842,4.7979661211655085,95.40675511821482
34.031740429819145,39.28077169525388,77.79861187205073,5.31495921729479,87.84858477569102,40.20927494109968,70.08544778091648,60.02061764059684,28.505800382326306,22.718955298969657
32.25592366332683,39.48536744036784,42.5458332634434,19.160335751853232,60.305426793248174,25.76619198366853,90.8011627464215,81.19646087075782,62.36669082566249,30.48452430667725
42.443388885757905,25.481762364438143,15.386296945383704,26.77372187745647,45.31254069036049,3.0650590707232417,9.175188782584575,84.14480255830603,76.31789961583854,3.606189227916712
14.556775865250115,15.683369989636297,97.64156242738285,28.231105785420674,22.25731112886351,12.56625496115058,33.09483947357269,67.01946087055083,1.0399188788189573,39.881558985939414
83.11389644353827,69.25773793969057,24.20399927760466,67.05135986187676,73.83921652861429,13.903415881837756,70.90261907000006,64.15363642455536,32.620861327374406,83.46741216803636
34.869789536163665,9.318878597231283,71.76923105413323,21.782458732864352,90.41407489043,18.287424811797116,95.83505630013927,94.90295420448075,21.4345560063674,91.575173898614
40.01495539058452,93.77922867867817,14.315631166407194,67.66583044949846,23.530839807537074,80.33775714379212,98.08074284900054,38.36874016384246,99.87804057487236,23.64964795679436
89.40546127021446,82.66863036714514,32.901261378393265,9.113217323379974,17.539033497361256,43.94918664781392,63.81030091372624,83.27833141884882,67.0982232385235,26.57944734888392
49.66238140631714,85.7505739957256,44.20276084304238,14.720246109790903,69.6221915004867,14.708599227038688,19.359847775486728,92.15037270922942,40.567145287974384,22.084981650875367
54.42539093508629,90.66688146151903,19.22320045270639,50.8821448490995,97.69731627255192,10.029696692788924,11.920891141395673,49.153924426519694,7.565260198068502,35.01035675745787
95.64981247770984,40.86049707232401,44.99595763686095,92.18958025766426,74.9955101104078,29.794045872903908,94.60436442804254,72.91025786033003,59.86702575069638,80.47593985905446
88.67263831449893,84.6700723350401,15.716282299174999,85.9567588811114,28.45807390476489,79.80155187044524,43.39276894625075,37.70198566709061,64.17014709360642,64.68574698844601
16.94667088884395,15.806130029164933,55.90065389858901,96.87534424428031,41.99554241477856,36.44598479396435,19.48160332626848,15.887901419540407,81.64059275031352,78.59409178637
47.321502991810505,2.1641794608235676,66.3713252520194,65.04790652781709,38.43176354583717,15.989736029393809,93.3892515777601,58.65038814724252,28.857685291936352,58.30311063353062
97.12962274285455,78.48913946638501,6.243428402801077,67.5814866416092,85.20950180470454,40.411618154615994,10.452427156431188,19.647165084953187,98.14280804800964,25.77330780591468
37.236629822860266,7.47966479969393,87.11321210821681,62.50229989314921,77.13707788722239,55.53115572870575,72.95710968570751,45.7599130803869,43.94657393139495,22.799418021254414
37.157310851620004,98.85246673259216,18.514088504203553,62.28189228581973,58.897543476152016,2.958418363801385,62.526302754333415,87.28793133283332,29.594375465949362,0.9000705863749792
19.503023178915434,67.4796429601556,22.53624253203238,14.712034506758464,27.495911039690323,62.76418014401731,8.773466438089184,8.60181875636805,34.844933400145784,78.09821368740725
11.432311411912522,75.34497102421055,66.13498400830629,54.373895616392865,93.79885277220562,39.51007530147893,33.87487956394422,3.0428535664649647,51.95860529671238,84.71212261647177
74.03047907559818,24.580385627786594,46.875106043441406,38.606793345172576,65.33152247691466,0.9725875131194384,14.993068954001066,60.64778473818876,93.67015645071272,76.82825996284163
77.00304687015165,67.38653939196881,49.93955991710657,44.253721577729344,97.04766464417824,67.38893989463809,60.44985925331613,33.106132659489504,73.51587979194005,7.440205772849073
96.90129635029999,4.321993725495721,12.815498456313268,52.36005730592373,58.011703304203074,71.23876355626481,47.711303167742884,41.79377069259152,57.710964946378226,76.2221627169866
77.3418210905363,83.78257199236009,80.57358218764082,12.83961718022516,82.11927583636141,62.883978855868286,0.4275124660490959,40.57105886583315,16.28103879798618,4.5767453150269315
24.33524940335987,16.962409303157244,61.705424610421,35.948773385211986,81.31053793945267,34.193021759842225,97.5710566283908,8.662022900956357,14.935331089087168,10.559306570639116
4.011657828851545,69.73580668337705,13.538204330945602,6.344956087660359,33.732877683359206,52.96048540659611,34.95846498895404,0.35664326795945556,50.2196913813564,44.04753729326673
98.54373843696602,22.448050123272832,37.3999367025596,97.9668130422399,96.40207229572282,38.71577061334354,25.820439283705,89.84232428642643,72.87087046016492,47.61470089248401
34.04506955436057,6.845316942604274,81.04099327350302,11.852802882012615,2.194146759756399,70.06217301596945,22.244295579410267,21.77985609037464,75.10121727551102,81.61186366186963
31.197154243242075,48.14936785493943,56.83550459866207,25.85247385449545,76.87109087674142,58.35801862336887,15.881589617356784,42.60789918642883,22.59143838762584,67.95268920409106
90.59552097493825,16.928621027278943,10.864877913293046,89.12929267033972,96.55570857640438,8.179911382744976,99.91370762165099,97.19257966710786,10.009951284725327,15.332017863121628
58.50998985449861,72.94439883265498,37.27770457892867,48.27100462391418,33.890820328372286,64.30935582189974,29.510946788160485,82.67625819836523,38.44609892537895,22.61467832288013
21.487117384913457,23.756584338348485,24.26943984557346,13.56372015206303,64.8110587790972,68.72384143378015,40.551349722428164,10.793085526270218,91.81725432440743,28.567518825868675
88.90962427162395,34.24725562358289,51.746555365372636,38.42305380393489,56.22232498442106,37.07021806146994,87.1355916178089,50.85190316125857,54.53672526693823,12.367263745485834
99.33608550547433,56.743925126447294,84.33611288719895,11.586799419138583,76.15073096765236,87.57857809597044,64.18875035428782,73.0079026495016,32.009976683177435,28.76448863592307
8.667856115083072,28.496827757731158,43.62671348044198,20.02159970845018,86.61779216450523,84.30143548449627,36.86944117452725,69.83927849992125,32.363766833912166,72.8598155539733
86.22516283024872,37.79881162099616,43.33420303683231,5.202984694984503,60.304456929954796,17.516652389973785,89.8328435923853,76.08418524044703,13.208704522218495,24.140147010728295
39.0515697684394,81.56217710403867,90.5350902327037,43.822749454909996,81.59045863814569,90.42663084858685,74.97242022136001,45.745465488803525,47.3223736106158,83.53596470603864
52.407244650670435,17.920984956102572,57.61854125072724,80.66361217252597,31.228557588925522,44.08723714950775,22.790050754169965,17.592292933028208,79.13626785148384,46.95169951252078
91.48159757649807,8.220158948193369,56.61910873974069,58.596917869989554,22.85870587048169,72.37496526342933,64.37389945999205,46.48724439193727,96.85586915273413,32.293576124438886
97.33791957751173,32.835778513301925,26.19098918753894,60.63453054846117,43.06676895328402,81.4097006967236,92.23984982924016,64.7887249173292,50.15949999579754,41.24181045488731
26.216391040879937,42.437676701387815,60.77227478371263,20.05840300832403,67.77365995807833,50.51124210696899,49.64608784504125,60.85920866051679,16.721491584268843,70.94967405934915
21.28507709599138,54.265928213656764,57.59104674173964,34.38938432523665,18.72469489387236,39.91019393708157,73.36124028316672,7.052205378860743,68.29503998028645,51.679270324599024
8.051655859151186,37.24236961750071,39.6851470341864,84.5242103840832,68.03521921518914,91.54513686150983,97.11037439891592,6.495243408219176,75.67913427452953,0.7278663975058053
56.1797852662138,78.99117002228051,99.06955658991805,8.785618432651454,39.40936485720673,23.08535529354232,69.0414140895213,96.5257831155212,7.16997494231022,92.2323846585075
1.3604395450668272,3.9319487668473263,88.18909649480867,85.79306536685337,79.5575273892632,25.69700777191445,10.243868976608061,15.180545503977106,85.01391296312289,6.5996003001851715
41.18982976099366,43.1767538198558,74.95862900768155,48.36900262647856,3.6835817103303303,36.16203140134371,24.455955093128935,29.446246401172193,82.93223899958573,93.86213488143858
7.3384016652008555,38.22559146564046,53.73455884130005,83.71474313251173,66.79826378293944,85.94657779705656,59.50964373426489,76.76344821561655,47.254105403911794,2.8152823620054668
40.522578292933396,64.7578490806859,46.20598018946303,31.800641939440034,64.98223366499677,93.8788264213076,27.55558153719061,40.967707582317495,56.042251861586834,77.09793349574484
3.9932189265609264,96.6276251897396,18.489739522319937,33.88429515830208,94.09354761253144,22.006771475486186,95.75417053891398,18.14648532600327,71.34080637109192,53.46747081832882
83.52172606087689,51.037540662886215,30.57374740146237,75.16048683231428,71.33675535640704,86.38701476312454,40.53520340221738,46.72323823097815,67.67481250628593,50.572618060410605
20.973899393856588,98.68768469417205,77.39607998232103,78.49961733922201,79.63018964232812,25.82029594685693,45.7230405732365,56.89499707633659,1.6535978193209067,7.2778502544004535
32.8308710357912,30.224939491319745,45.374895393755146,22.964467799014677,90.45910158531683,97.0641246749888,70.16020934701173,45.27666092780757,12.243530384848578,23.874501033791628
87.0047996606392,3.0868132542461013,88.22695165695013,97.28713248219056,67.50519182919878,59.740789198158225,52.42497313418741,91.89460754721091,16.25905557812457,77.7547317065192
74.6266061332205,16.566316747641274,14.791113634552877,8.449010424482895,29.01536349599746,0.7086467447382394,38.21459668887683,28.469929509950433,75.56758890720988,89.1259829922494
21.90383616420585,39.51248847745673,50.83470960136365,6.850296310213089,86.9773799583522,3.4129904071177886,7.6637875154578765,66.13321606996709,44.008356289238,52.911868105297955
7.189941865749605,31.63339091885522,64.69656840213088,59.55042152861027,74.7578119475975,14.748453080470847,59.64455895078638,11.22947214098977,54.55026263868251,35.334339636259536
71.56737768553396,9.705413098337768,51.684845630792594,72.27407677716215,42.443760400089346,18.757315781875672,86.75800307940347,39.228545766402654,77.26874368954842,5.994320806421083
39.07025506881093,43.266010769071684,88.92268915849871,96.08861292249739,71.05291726499621,76.76191228265967,68.57624417600562,74.09932515849736,34.09822690640908,68.21785260663404
76.60799991182212,33.81157716595627,98.95632818291398,40.49457807988615,86.7688877181142,22.276587641694988,38.14950100469522,22.481694058946545,74.8890227318773,27.844661068628263
44.52947723752104,12.261922045743844,11.583465834136975,2.5291408989633113,97.56521313912715,96.91416200498598,12.772606462312941,58.977104565441266,44.22992746295596,5.50137149921468
34.60024129722764,29.61171306119089,12.9954904076921,60.2896339446407,95.23515039590553,63.61120572029383,81.63381869042439,15.343702920906033,37.71801877742066,66.58517290986221
45.12054082123965,88.64360553553905,13.032411356012108,28.969602059877186,32.53278267641415,69.25175092535177,94.17483622312048,10.270169136137108,33.30372640547401,48.57197935337584
74.85589856706767,30.204886548934017,68.11770960705276,43.29471211954022,42.16937137181817,21.781651928520752,38.82729907962648,52.323274892504266,96.49448154923829,1.1962149701723934
90.22202865403742,71.39554232420517,37.26760954958379,48.846948224993525,10.953660497737127,89.27063140950847,72.86421891840615,67.50109960860287,77.19734107089789,11.092403910634708
4.9767196588575535,61.20470796577556,73.33146612659061,6.451261073803383,24.7544287018046,66.78145728199314,41.07634398907557,11.336706623448345,2.0195940773529375,69.92019292459442
52.411154122695514,42.718116240837176,40.54714728869787,48.59817845641028,88.24212084869502,86.44056243418639,50.226693885219944,91.7776252372915,95.74154865182017,6.367133306578854
3.28354290838776,23.902563680366917,62.76067213320636,42.631966680431475,36.0849926279359,95.6481097231227,83.64763806164098,22.577226269746685,77.54396297266733,86.59630648429902
46.84095450243587,36.901469934594544,76.98580056788936,71.25442652865932,62.05526585948811,12.564097710959643,8.342434221115358,11.997530815930002,14.917471445425557,31.132627741993268
88.52828290969003,59.210721347104275,54.82159106549206,64.56659112123447,66.59656183070332,9.658723026894567,53.03353487867051,20.269890835021055,7.633812541131713,8.866647043642462
36.159026642030966,35.07532147493549,53.95035904500061,18.521571815056102,78.1829275143312,80.34078265896358,21.462027467122248,16.957245653184195,30.81940936594534,75.97573781680654
93.24504210806433,21.489643357423184,8.823432528563446,20.613891821039697,18.280003024563097,86.61260590941703,33.98059454957624,9.0674650612949,62.41815293460618,52.44272344530238
63.06084716506094,11.64627488916321,41.07817429094348,25.100617877437326,30.48131346144355,58.37614208779856,64.44288246422742,79.78392347787074,61.65466891494674,30.66400323792976
93.41553437930064,87.97669379095653,54.57771532249376,17.89504402971773,44.83363414581806,36.60005477505206,2.722841233684836,49.5537774744111,27.58501251492205,40.609834166926795
75.71666254125196,44.031297575190564,46.198082566641,65.72131996684672,36.48410612382735,65.26296360752238,59.38250989731627,38.85194403786828,44.56749786574178,2.1412395604825885
10.34351666487623,62.520832174293005,90.07820001884255,99.44301792002706,98.29052328596897,30.566407259245732,28.34422394537497,95.06279269841332,21.18901557137355,66.2698537539429
23.115136756267706,49.041036113680526,90.65306321194893,65.21083405159366,83.49408032137124,23.838569215346816,66.94843608080721,37.10083870647908,5.0578685166737465,36.57736889634445
39.41704545835062,87.25665183579633,82.19173805887617,60.66815461912912,47.9686754620486,48.81452095272655,14.158135191305421,16.69727260471894,51.69704674268787,71.40375697281297
17.010688201207603,54.69348524482108,37.529807537311996,40.992793335107244,87.9268626086468,21.61538276063797,73.58116038161786,27.404289192659625,34.69911342520381,62.81711459525472
49.49116047766605,48.07814179491133,71.72991516875344,31.25802588597607,34.76529475832968,48.37036083151729,64.56397197629782,23.896653358859645,54.288243229793,65.1254185909738
47.13681557014906,92.46009904217127,39.52884610696098,91.10737569064791,78.58283238902646,95.66065054635719,97.12418328803511,49.87412795633048,94.65073224704517,79.28927110044324
95.62591980273812,71.96895960453546,23.259359897575905,96.9001874142153,22.367559810645364,83.97840356173904,91.1235363258148,29.150512395457394,14.33703116953211,63.115807837625105
43.37278828959777,11.154990734685732,34.29026435508816,49.67761755877278,77.2322045226366,94.16309195000223,28.330286319970234,51.606117218636186,0.19620183109553269,41.87259292418924
78.56268042879978,17.770446119681406,7.096463328553549,29.020049550655745,45.64534031957284,80.63289748473585,2.731657272543697,66.92934249467889,7.687821328212518,38.99275617346356
94.19105448514799,78.71228629394419,33.17775090046472,77.01222076697677,10.749932099224235,35.47509359462767,65.53685611117578,77.72987857132578,46.2708296101629,11.958210676485582
87.69888309739855,83.58513211799543,46.07422172611716,13.245679086687845,27.32624545555823,81.20452385515591,60.28873890046725,71.01577812672308,70.69320298023236,77.94434131562417
20.866762451159182,54.51908290902965,95.548089478083,76.55882376436816,40.227462402356466,92.2915743553214,2.7428768766446066,20.559071645636095,58.0763603317189,76.11084417546218
49.60298942535443,55.44552278666393,31.341058621962492,81.89483743113387,74.92929116644372,94.70357878370544,12.267752920259268,11.589971924275378,49.4894607373747,24.629836708552343
34.77397822959257,63.19329628514445,90.24535392055206,12.490394462716736,7.298271473095086,68.31978506849971,58.470170453598556,54.24501591012509,35.39631310924124,86.26819126981447
39.98586951372155,43.911577428263946,22.885827582349705,97.68614687965638,65.95469950926396,21.136664381511316,91.1827264043492,19.891179120814517,30.997417153150096,58.900325779062825
36.080682624575125,68.01991234839039,19.096889775924943,98.55122903884784,71.60136409328436,3.972915336469085,90.6500276513407,8.493372177151326,37.62861751049801,47.86868423945673
82.63592101750041,10.848125756641569,51.89954564321649,93.67194793273512,65.39213699257515,14.720022816015577,15.148505461207485,52.70943429794171,61.16349540090713,1.749630162549587
45.21390551224474,96.12792423673864,67.2511369297406,49.60348094062643,76.06696381675556,96.55469178939454,38.45739464052495,32.67941851077955,16.77539558655362,38.27411858643163
52.36943322446882,75.01548237949217,4.4332250802281425,24.607414227682845,17.81686160228383,46.209682419276945,4.320286435217402,75.61490119385039,77.13620830546257,64.06707682356631
98.24473570470747,63.11742040090069,22.10658650472167,58.2009280881913,58.710335506303736,85.49860148320575,46.92718463629291,31.419163054841803,57.52532400931103,8.974783768838346
5.997927219151644,31.63220570094807,45.568366650131644,41.993383847143576,94.11449472038798,46.50441535582911,75.30834596732056,97.87171370558137,26.91563776114276,45.95673088875483
48.79576397907488,16.095548745672914,33.10043359831815,20.59486447171971,61.07842698045377,66.08175834598394,78.99727113656114,75.85231912607081,50.11529628112837,99.3435951361596
77.4061706946116,40.934296382894466,71.26210793483219,42.36764096178476,61.1336346952953,2.4140777122333645,49.8989466596573,5.769322148886213,96.27786876851664,71.65386372090676
15.116195818822654,66.15767405740584,51.11605960413168,66.38898356775906,73.64396421132689,24.986494271936678,9.58696747082184,50.88727403562762,2.049152914519403,54.68708875016044
61.153159461477394,63.370974342311094,16.035910560390022,7.091331078599106,33.3204232125859,43.62692800425892,38.13639751815664,56.262050121411036,19.952264090122917,53.303288493907665
23.946477953446678,38.26411550655715,89.44653793150906,33.34180014460165,70.04759013215406,63.063104715416316,93.21019599743644,69.53027106815976,44.838023990327805,4.3765082258194425
86.74041132245675,61.328639383312975,29.290567548335954,1.7794890012825193,91.6233833313215,17.15211880531785,22.96125565197147,49.77967970337582,63.84397217798281,95.73144374079361
32.709966540007926,81.37482955675476,73.11311089644235,74.94955054616756,1.0895473025342994,76.455146427049,31.97544499127265,48.34435984145732,21.222826628548518,92.8177660285043
32.90628169009096,2.6284772337607065,77.99157791054098,64.06912676167008,87.01130411088653,36.44047061362373,74.68271754630709,36.79386116776128,93.14039483761962,68.24047106754465
59.81938785178935,45.06210479302757,96.31577002561022,6.2672134701965865,21.86183312588591,81.74352692338844,73.35807888859381,27.146138389917375,64.25720124246422,9.901164968154996
18.35629081199087,75.85552284667911,49.85074665241014,96.47375596019678,45.59232737003752,9.79690903950673,91.22022880249324,94.62002119767344,87.74319489564306,20.78338967494382
28.488863890306103,54.61444704633772,61.58355154644322,2.2621557127100678,85.2347800952638,67.9756587682372,38.81186907203754,31.759666963437194,32.93179302503185,18.390953587558524
41.66318501194115,65.147608792907,33.48762934795337,58.99606464760886,82.3912127456629,29.33283332065102,51.459872387429115,6.342132458033067,82.89539343066295,51.957848510121885
35.36378631401104,51.6676392605342,67.81792934120665,77.63674617990559,89.19274781260559,79.53831741226179,46.73924612204776,16.728473929341227,37.821921689944624,20.780387450198557
52.48772180055824,99.1874544682311,46.33834858663197,78.7896313044723,94.0416792632526,40.21704270424106,92.7752171022453,85.72766360412896,25.275177246120496,69.58005615441982
59.964014406896624,5.462153648903822,43.765236472442226,3.4285135593203786,44.71569567717586,66.53496322635665,76.93305888246348,58.66334591233839,91.1655339163793,54.5229885969389
