feature_1,feature_2,feature_3,feature_4,feature_5,target
37.454011884736246,26.170568373590598,57.19958782835928,64.8256954077822,72.02679239473956,130.94166361466023
95.07143064099162,24.697879907199983,80.54323292999864,17.238636210516624,68.72830044131277,345.38152048626125
73.1993941811405,90.62545805210367,76.01609297901591,87.23945633548149,9.575419866335766,156.25959501037516
59.86584841970366,24.95461998495061,15.389990469377368,61.311623906924154,92.25724049058,141.0345577302155
15.601864044243651,27.1949726128631,14.92494697414739,15.720388355695425,56.84722021568196,25.929410420258854
15.599452033620265,75.93982624179637,26.817436774491334,96.23380574812069,36.372552113568425,-65.56634412929832
5.8083612168199465,44.973984245054,36.10747263410372,51.83654633353206,75.65385834953067,-17.505728849047316
86.61761457749351,77.67105569551812,40.84555814084826,7.289845187165501,25.736545840163405,162.99533987663776
60.11150117432088,6.536615756438524,67.96972168333453,62.68329044150672,69.35098370463204,276.94433292052463
70.80725777960456,48.75711936733843,5.66804321658354,25.31989070128102,3.971120757224722,131.24119830678222
2.0584494295802447,3.3613600183282633,3.4672704226066386,80.36934518773025,83.9408037609272,8.00407740511588
96.99098521619943,6.265320345535452,39.191056294390904,81.78220735661907,44.81708470213185,342.8767904581902
83.24426408004217,90.64374533444109,69.71636921379805,97.89473558546618,63.66929143579417,170.89895869273715
21.233911067827616,13.924537111759516,19.343534295648258,50.186953102450374,22.123781980668365,70.28999049252668
18.182496720710063,53.24206822752171,64.15044812562518,45.495687972773716,67.7073712658448,40.91024814078645
18.34045098534338,41.10956026007065,25.982813794029948,75.34756054464806,77.22402758932766,11.79876934855778
30.42422429595377,34.73433262588427,88.60861088135164,13.247065634192657,47.321318688439874,151.97048646445725
52.475643163223786,89.98333456872724,89.56899442666165,54.69155137931242,61.77269240617943,107.24156659901736
43.194501864211574,2.18233967754895,29.72872042813265,54.624760013085094,45.63259238223986,162.92078890251787
29.122914019804192,66.37896861755891,22.99937539632405,8.947312281038721,89.40913692578455,-6.213231042630324
61.18528947223795,96.33944342135504,41.13039720662313,41.798408550691356,49.78691805143192,65.6786365120731
13.949386065204184,56.016818346184195,24.05315851801487,85.3284798567202,84.18087090288189,-22.39472100303793
29.214464853521815,93.68224620330918,67.23838432917036,85.61536219946603,80.13520582702486,-11.429174711751722
36.63618432936917,5.225787928602377,82.60646845482856,9.9237664919681,41.050482134835654,236.25871032721432
45.606998421703594,41.87933190741614,67.3092130911217,9.072088274783086,23.008449185747505,150.84456607078178
78.51759613930136,26.015779096205115,82.43504472493495,26.26954770019353,40.6082132559771,313.1811274643522
19.967378215835975,73.08209649807299,39.69921622074742,87.47660625539935,82.62173757752201,-35.77538733798903
51.42344384136116,98.12970904972467,15.631697070886085,12.890258507349895,22.763253581939235,-17.121741830296678
59.24145688620425,25.65300624442478,73.79509473975922,71.99968026274462,52.44363458577494,240.24823210837107
4.645041271999773,65.41746014740745,36.047450514155386,10.116561961310321,80.60967479607474,-77.67466862677904
60.75448519014384,19.809763275974014,67.12708252291326,62.31378537478254,35.34774751283788,249.41722446629527
17.052412368729154,56.53302545716099,27.064394198176565,35.60672991191448,64.22096370026973,-7.852872432486507
6.505159298527952,46.39324866883362,8.122963480667266,78.8913962965867,24.56315740488145,-62.83305367789877
94.88855372533332,97.2005329631537,99.25817954877634,23.36904488253636,10.927944536815993,252.75354588113717
96.56320330745594,60.85272726964666,15.620150793059928,63.920182938995985,79.43842250928563,189.5174466381403
80.83973481164611,34.950637208681876,98.8420993963481,23.568253457588494,9.896862340870683,329.37692442256287
30.46137691733707,11.409578488793336,97.72799325664472,71.36602831121537,27.13813950795846,192.97126399988065
9.767211400638388,15.124682873493455,79.38181039080396,87.36780345607488,85.51094219974401,142.31276183426883
68.42330265121569,22.53169299512351,65.94229620819976,12.680179912676003,34.64692870786672,274.0745487281293
44.01524937396013,25.0966661340298,57.78070502510847,86.65956885955035,97.30453495141612,165.6772183489467
12.203823484477883,85.06160578411378,86.61015453778347,59.35752544142979,97.97343347738597,-23.317399574556877
49.51769101112702,56.12227882825249,28.943952161948793,12.711049086702397,26.82760204535567,82.60472730285416
3.4388521115218396,52.33909113743665,46.7681212484877,42.7541855359712,4.097822224989045,-38.6486995383138
90.9320402078782,11.476887186921747,61.93899693665019,16.08602934850979,70.50632842053791,347.1993770303412
25.87799816000169,86.0139693349435,41.11904758694911,70.03478888665695,45.098650264834376,-28.59971561781544
66.2522284353982,72.28143032084837,42.7486454090268,75.88681344179497,10.07528439595763,108.90276108801778
31.171107608941096,6.766836190000158,33.02846675020844,10.579652027279895,70.75228189780428,140.7320208082794
52.00680211778108,70.78350972297687,56.4231816684536,50.613985269464436,3.1174909111921223,107.14390643813161
54.67102793432797,54.353821734264606,85.0574528015116,81.46250560259172,87.01966904922422,192.64985290960772
18.485445552552704,8.172534574677826,20.152837800631286,93.61630415509966,13.865252911330373,69.42910124593836
96.95846277645586,45.830064152865646,93.44330387534414,51.351786674177,12.7311878746725,325.2249751675154
77.51328233611146,48.469628713004695,68.90876537482296,95.02792236114071,17.567229796858452,248.74246036667083
93.9498941564189,16.577454016327575,82.32732126800302,53.56889704560298,96.02663584920666,369.4820423472482
89.48273504276489,94.56981470002823,55.619069263001165,39.419049459990795,69.3169360253846,148.83937819081325
59.78999788110851,84.99753714806619,77.95167014240634,84.82031285528954,80.13715354636368,139.82281822054594
92.18742350231169,66.90223373291083,1.620039733946721,49.2982710458089,39.7634985732753,166.1819378470586
8.84925020519195,46.22955610006072,81.83804247795352,47.190251056452304,33.631272750495555,56.433220842592654
19.59828624191452,41.17655415845085,4.013885908536652,49.03124894098283,23.448400678316993,4.053790817679751
4.522728891053807,65.09734671509541,88.99133763628625,84.67850018697453,48.0648028312409,17.77364698351347
32.53303307632643,54.543186940690546,99.19627472386433,83.19415416880521,55.18287335341685,133.5025783917312
38.8677289689482,6.227310588188562,29.40674621767778,40.35199924402112,63.17748436527554,141.95410051512937
27.134903177389592,51.25026487703317,21.031855628579365,33.3299859870525,25.71185039986945,26.822787300898916
82.87375091519293,80.64036172328395,76.53633638580408,49.19280240391293,94.86540809029907,194.34359506383927
35.67533266935893,45.923987759695805,25.302634092025322,57.277250973710906,16.975849820713584,60.48466672647302
28.093450968738075,5.195657755426842,86.55623831722035,23.833721062799697,96.56531747664123,198.131756520599
54.26960831582485,78.6278199384033,10.28425921574767,79.39550847155907,1.4856122507503788,16.3765062685458
14.092422497476264,20.13637821359744,12.595519637935826,48.648276573242285,48.11256918168456,31.200287461833323
80.21969807540397,25.862083488803876,97.91515551006155,33.40455484199596,33.336783811656275,332.00729205080296
7.455064367977082,16.47063534322959,67.38388982700046,10.68209929639906,44.91234139302508,86.45180336376981
98.68869366005173,33.02150648714976,84.68872244289528,23.884516040360694,57.0664578980789,368.3841986419466
77.22447692966574,75.6751505688635,32.4329377351518,94.92811717559837,43.558915801270906,144.94650918621417
19.87156815341724,51.93858595039374,67.64837495206044,30.50996868195266,41.4846850301595,63.65699302039723
0.5522117123602399,20.488127415071254,59.42418273085972,16.885928936703532,73.27234154133066,43.2689566469883
81.54614284548342,87.78300781520409,60.3150120122947,46.06727916549932,68.58762750864646,154.43884593150835
70.68573438476172,87.95818549515292,68.25324595377215,30.70877433602487,83.32712820358479,139.31985373203793
72.90071680409874,87.05784250460069,57.53591731290986,3.5159250271194153,24.995898123949555,134.09964199171617
77.12703466859458,23.87962113815393,42.906236930266594,32.314521727941724,60.952850975406356,238.10255802347805
7.4044651734090365,45.12393441809881,27.592269438054686,54.41086239394686,58.51947853928539,-19.415689763089848
35.84657285442726,98.49896561408751,76.8581330913202,55.17123720199669,36.973781087268875,26.684120268483042
11.586905952512971,77.20124763099903,22.62724300031862,35.65589211768887,48.605754190268094,-102.85799609036252
86.31034258755935,2.716742122555982,69.23543061544142,44.73027562526006,31.378214330572874,348.06142461612086
62.329812682755794,6.5204591260492055,23.333282264932663,96.55179182347663,14.18443976169852,203.90715645705131
33.08980248526492,46.39313768123328,62.53301699544539,37.73484772303116,21.380121066273283,99.55408069808573
6.355835028602364,90.92202058615601,74.70782671290289,25.822681325998296,10.55136464012011,-31.822008062110644
31.09823217156622,53.870179795271426,21.87138889065392,24.34670440667601,68.30695751901241,20.743133321532966
32.518332202674706,49.781250803429025,5.994330086130828,45.776461270413414,66.07273931091515,-1.4237287686239455
72.96061783380641,10.547369995663058,13.097374299417408,75.9520148716944,95.06063715798729,219.63948300229086
63.75574713552131,65.6780104724294,60.59969672710255,20.59881841884732,72.96784136472412,147.2898880778201
88.72127425763266,82.21031606002255,84.94464062257356,70.92961271407681,5.204583875613144,232.40773398204863
47.22149251619493,38.04200075075623,4.499682123542437,2.1149823349416286,88.42451739289542,78.13567610274212
11.959424593830171,77.56118509253275,73.41512590416463,41.8932977983946,86.26751629457257,2.9708989249113333
71.3244787222995,96.44766539008116,34.13186459500521,77.58650652027869,44.332032077269865,72.03303732254378
76.07850486168974,20.376645912768907,47.85283699195225,33.873295577443145,58.586305052792156,275.6510835234581
56.127719756949624,52.33296311947413,92.88595498455656,56.37371014453995,97.60783324725189,212.12639213409736
77.0967179954561,28.713795808457554,33.19715047358455,20.49792328259108,53.23043638481663,216.58389263170812
49.379559636439076,79.28544190338394,46.5336933939486,74.19953911261723,90.53218283760897,81.4668918509569
52.27328293819941,57.75933658811575,1.3682414760681105,5.227910326875962,8.303875781018643,46.62348298516987
42.75410183585496,63.45824175503038,8.159872000483837,85.25426448755003,19.105186870868284,5.234384958507535
2.541912674409519,79.79141596158941,25.859159113478402,19.819638642166815,44.07549434413178,-96.63922471742842
10.789142699330444,39.59704726624549,2.7852240821074403,87.43980317083307,58.47568083373047,-21.871054459354042
3.142918568673425,91.50900684070432,63.1375326048251,35.25292413005173,81.62278518628003,-79.21321170534631
63.64104112637804,53.302886724614,42.63983568016225,72.26835744744866,98.82621151431869,143.24060084639353
31.435598107632668,15.7954822835348,54.814520272802206,31.922529778618845,38.885149647411644,143.21386059049507
50.85706911647028,69.58991181688025,17.464718589632955,90.59116712346476,4.741563614008493,46.735778875276765
90.7566473926093,79.32613504382545,29.593202943661613,12.663712551837436,80.11715032953248,170.78604305597455
24.929222914887493,31.67616770675267,66.38244748527251,17.85197892725987,60.43807190828081,116.71387786770165
41.038292303562976,85.7179256998753,96.53027236303998,49.303012515880226,19.854285886820165,97.49166614021601
75.55511385430486,90.61432547657664,5.04167736022092,8.193843903814614,49.48284566214202,67.97932435313697
22.879816549162246,27.690448737780894,89.03843208552661,19.598018470176193,74.23102455337244,143.68783556969964
7.697990982879299,98.3521472715222,57.68812013112085,94.37663822120143,77.04117870686437,-76.76894801405618
28.9751452913768,14.071152804875842,56.39195667556237,97.64896611478872,49.9618411998762,140.49043729420947
16.122128725400444,20.201566840248997,50.027853520776034,37.62593293304219,30.521453012885914,87.31526235697632
92.96976523425731,18.422483923802613,6.9394085904183385,92.32860210139357,97.37425820384935,251.3378150928897
80.8120379564417,89.39897100078704,8.987685173616066,54.48246756734317,66.33626109564929,76.56117780164699
63.34037565104234,65.42925523249619,60.09120056590861,26.974246587376705,40.82375193462987,145.52555216237548
87.14605901877177,15.210428322227287,34.09585714355583,70.23987210805987,28.04632242046524,295.6096464390014
80.36720768991145,44.032341836834895,91.72680665776807,65.89018065748571,73.11029830035622,283.2978890016313
18.657005888603585,61.529802506980204,40.659053735947225,98.91253191087334,24.21834455937677,-13.50232926971589
89.25589984899777,8.34640849893833,14.328145870264109,26.50472874092833,17.17099889736882,293.77703701296394
53.93422419156507,88.24163684073388,71.4718833502036,67.20595026617355,52.98338889620703,102.30569956507617
80.74401551640625,80.36035354415351,29.335342144100984,5.202375502944689,28.998739264414187,101.66321569013283
89.60912999234932,50.52067735766382,52.54703073558932,11.36460386967194,62.890514492361504,240.95399397300025
31.800347497186387,96.71266152591704,69.783278550517,0.3918374951093262,11.793867487423348,-11.469256110119964
11.005192452767677,41.77609792750997,90.02641112020704,99.94606810596731,65.49411045673216,74.9960912494411
22.793516254194166,98.41103190364979,79.2191194801676,80.22736971474778,28.329652799770223,-40.99798248680606
42.71077886262563,66.79199988036271,67.63610678727241,78.67230147335408,0.024293443451273156,94.63260123112066
81.80147659224932,63.467127325394145,67.96331823951436,50.97260752881797,12.693605767417637,208.99573429361809
86.07305832563435,16.5954895295785,94.59246440320865,30.006708290543994,93.3615377835094,367.5159450905234
0.6952130531190703,88.1927758304644,29.582409749653603,15.126428446267592,86.73546391153579,-146.1775104659164
51.07473025775657,42.74896879206152,0.11120941961874076,28.467473884646367,23.360903203623685,68.72218585029516
41.7411003148779,16.223340578247935,27.19545593981987,37.597122192913915,77.83719045454912,129.42064091666435
22.210781047073024,1.260751997575904,21.7891379626744,75.6310096980294,60.857159317397425,111.81407574196481
11.98653673336828,55.975568363838256,66.18345851139982,53.96617889031524,97.09047114498695,37.397229856984325
33.7615171403628,52.739962212267635,63.3711599765529,7.748362655548268,37.36056595340591,98.7148229914853
94.29097039125192,71.93536223691585,59.34613827047238,1.802900895891224,68.14606125171713,224.7552562990205
32.320293202075526,89.02580530178021,1.62434432094537,10.233217953406315,6.353572242391858,-58.800410563312866
51.87906217433661,7.9406584643029525,72.87780544506475,41.049871369737936,39.6247346816406,233.54222498360286
70.30189588951778,73.14964903403623,32.353041248549154,93.31929170490183,96.38176611881805,99.10036517766801
36.3629602379294,18.741194409758222,66.50559890066312,63.74024812092216,53.89808744501205,170.52705924637579
97.17820827209607,85.8177053157164,55.65784285021533,80.18258998755151,28.787950333484456,225.92635954938962
96.24472949421113,81.90635138616561,34.27309254279072,46.637459450454855,12.027096312860685,174.30773545578737
25.178229582536417,54.07937549855444,13.457626710410775,36.16660831950428,70.35283401815305,-14.270074615976288
49.72485058923854,71.02427986233116,9.441889766048096,10.840037271662272,64.48560434297268,6.869723131007369
30.087830981676966,31.43501131837484,83.15183331122236,87.5933022186205,37.39387136037746,161.58051612781853
28.484049437746762,47.116789893281464,91.8397542081558,78.31600290279029,95.09413518658343,138.5099623822046
3.6886947354532795,82.16368977104716,64.97880467642996,16.811809759772512,2.2202812987850318,-47.90233630709043
60.956433397989684,45.92651971732139,10.343411486048337,51.22605638762605,30.37238516318258,100.23917125992514
50.26790232288615,35.77982653254418,40.20272168882407,48.73748079212449,92.10694862995814,132.48106875307616
5.147875124998935,49.421244725029986,72.89392001051573,62.50915526865286,32.09354383194404,13.010793436660716
27.864646423661142,82.82492524372184,77.9820884010068,94.61868939912613,25.225283385517038,35.75594640265929
90.82658859666537,33.520804737087275,11.82186222910886,57.97714417624796,53.42204099312473,212.36687636669984
23.95618906669724,17.37615931357438,0.003071884538241587,54.02172667786186,82.3801749920538,25.346691347257437
14.48948720912231,71.20140203307808,71.2137045880605,5.032293293466394,10.314676087836105,3.6493072741947525
48.9452760277563,82.59782127080818,35.659617598620564,6.290747601802393,94.30207096457362,30.23805018774121
98.56504541106007,10.063747852353334,25.448133161826025,18.734679132678888,79.5072881181164,308.36005498299306
24.20552715115004,23.98741127559447,1.289746978952544,3.247077169174828,18.125025555155194,31.24082533909261
67.21355474058785,14.19719897609939,54.02994067614997,74.33528955700123,71.20079611981626,255.08165530529254
76.16196153287176,34.79414115821666,85.11507354259817,72.3330303993963,38.495872263755714,283.688652290968
23.763754399239968,45.035097890541266,95.76316462725879,13.605623443164294,40.22946780763187,126.69594364064037
72.82163486118596,74.88263369633064,56.574495061328925,83.60789007952809,78.32900924388665,143.64610937184366
36.77831327192532,65.11475848816741,51.44613277398942,15.478603484611197,96.27848079807322,58.32740823952205
63.23058305935795,62.092856747843115,8.50563854892411,30.11755869973588,12.665587284719393,79.77051843422012
63.35297107608947,35.23749466096544,54.887280154259976,24.8976899161365,42.06302368788194,186.8843755441527
53.57746840747585,84.144755308476,37.99790789653946,37.23070985730478,48.09416080843035,59.39669399398835
9.02897700544083,47.128716739816454,60.71352808835769,25.466376588996187,37.63118169549976,15.085452616956168
83.5302495589238,97.91049380151546,38.87263478765467,48.8950926438452,36.3189123716225,113.98181124728683
32.07800649717358,63.41421382957368,24.029912345036674,40.74078813546854,5.226866756159653,17.094577755281087
18.651851039985424,12.626474156450273,9.49652752283765,98.65694907793265,68.55386205626233,54.204163668450896
4.077514155476392,67.6177562075434,31.491844458889574,5.592635012822567,43.62144171200454,-75.4218693746349
59.08929431882418,32.5104015431699,9.664483428775227,14.218137638735161,19.479380264392677,123.11881498447488
67.75643618422824,68.63271966860974,17.689695082398394,5.282589390860249,81.60335023020684,102.0135309248185
1.6587828927856152,6.964114816240574,98.73361585795459,62.58411949823758,80.25607481516279,145.89549261089377
51.2093058299281,17.48814371759594,44.41035569066186,5.450927741371958,48.63916280888938,179.0835133901439
22.649577519793795,85.57372589057863,53.187176650501655,83.64397373761233,29.845066114776053,-31.366890716040302
64.51727904094498,22.71795570235149,87.36185287372153,51.19386306819278,63.80927257964524,258.4351532117543
17.436642900499145,83.704112524294,99.55689004906878,52.70076245815337,28.815213577740305,35.77735714334847
69.09377381024659,27.927608845441043,58.27144493446815,56.15945077121942,23.600793032371204,238.0062936913759
38.67353463005374,64.28819100587077,81.24738210441717,17.081370630621073,73.05146540263266,120.67720878147085
93.67299887367345,69.4150573509831,32.694102433667524,19.769030311448756,4.0325239720950705,194.82058650435908
13.752094414599325,51.265475314505295,30.57439574472911,31.88173228730047,9.476847103459395,-2.07078182639205
34.10663510502585,30.531067669673128,40.27037209945602,59.34964158218514,0.6788174023589777,94.68968584575363
11.347352124058908,21.264437637109612,67.25072626736491,21.011777594021453,15.294318647542616,103.77077380868104
92.46936182785628,3.318935456242622,68.21916892550988,11.633172713326124,6.899000871045946,367.8098041683018
87.7339353380981,30.39464012407238,31.52394346494508,97.01168864184322,99.58023677799186,257.47440158148993
25.79416277151556,65.3162790531283,13.320992413662868,2.1981814809622913,28.880996995408957,-47.85616509652255
65.99840460341791,93.83048184484826,63.239625646550856,80.26974053360216,14.926801266924727,107.54504158404539
81.72222002012158,87.1204482263052,12.832586218876452,78.8035149575022,24.099625799591795,70.32776352160991
55.52008115994623,76.60647765353026,57.84925082293301,29.7214113845096,93.61255715401346,97.4497895477601
52.965057835600646,78.84473432532987,69.3422128056309,13.56266160073134,52.016022302439566,109.62256400336769
24.18522909004517,66.49849034759953,70.06114963944516,14.562864670542341,36.48180963078569,39.44074552179325
9.310276780589922,26.0286857566003,75.34721106595967,69.74316172371925,87.33914579092193,78.389899139949
89.72157579533267,90.71950307058299,87.28594215656645,64.28065910861737,39.499027054903245,227.11581917264104
90.04180571633304,67.0732311905834,49.995899196478845,78.27456742513867,33.50085699576958,209.93817566408137
63.31014572732679,56.04406309804399,73.02491895295712,93.74811723991047,20.728252254973555,182.48398294502135
33.90297910487007,11.098946921348107,61.91727353658367,69.1927363266592,37.77968239094115,172.80591298833224
34.92095746126609,44.70555438064254,18.663993979768257,15.585153655144346,31.6684356016926,69.71444601162148
72.59556788702393,46.03582712019263,2.568964486940817,24.344261676541066,67.73039592981411,141.10352464891318
89.71102599525771,86.45636095226699,28.454138567693377,84.21937308731145,28.958270467072712,150.5273006146576
88.70864242651173,54.66482201877885,44.30337063376194,20.93060758342086,57.71997464225615,227.606802382544
77.98755458576238,38.04005489704097,61.71059444286563,7.252231695448142,6.589216503197271,252.11329835327516
64.20316461542878,97.68003285106593,84.99593305032053,70.32800540422505,19.128915669651438,100.78250483633111
8.413996499504883,11.072059332631568,19.624571670616564,40.2526355490142,40.74052716113488,25.744924874545042
16.162871409461378,42.25484283119446,12.55497898984771,92.00400525459035,93.69492539086954,-21.994347081257963
89.85541885270793,4.202467517140529,96.34799474743275,65.02550710936616,37.72519857156954,386.93439300451655
60.642905965958995,73.99041207669303,10.80445593764071,9.041897779166074,66.4074121199834,38.58041974879765
0.9197051616629648,91.80765521991506,47.84910701071892,94.78565672536607,25.508722242139815,-128.89089914798922
10.147154286603211,28.003732955048942,58.55637287933019,25.85572636402459,12.703357597323173,61.88531791173331
66.35017691080559,85.83416767991208,54.137442090743825,33.72124904062858,5.853660008005013,116.77601821719647
0.5061583846218687,29.221823046189776,8.603215703294321,40.2260413683542,30.541349854275136,-32.95260219732918
16.080805141749867,91.07701616439152,5.702691400361937,5.122429640431325,15.766102679690796,-121.20973518219814
54.87337893665861,75.3961903596784,10.548342746103568,49.65154222306049,17.40104480161242,20.016306797788694
69.18951976926932,80.49067768414386,58.55876838726125,12.331849107529225,76.075930838695,115.10470493521252
65.19612595026005,1.80065556004545,54.43448876343211,40.097032668835176,1.5838070944874216,256.07011288182235
22.42693094605598,96.2810357074026,23.374079203674427,35.07097879920843,55.78101257354344,-102.90998554367059
71.2179221347536,72.66709920703232,63.777414184559156,77.28400834265034,37.94613805934648,155.09709228667813
23.724908749680008,30.47510953861333,82.00675020556494,80.3170511632731,50.65499999085472,131.6371475002449
32.539969815926774,82.9394664858847,4.157895984659376,15.3412882389088,56.28302372146029,-72.1638217282697
74.64914051180241,28.152119841492997,49.81299435480424,36.65511873792262,31.336769445727818,245.75243232131024
64.96328990472146,87.2753839566128,68.93104121026903,37.33531610318317,29.51088601842853,121.4129285883476
84.9223410494178,11.258039041193701,25.23119270696871,15.141044393608505,73.34018493349058,270.2031912437293
65.76128923003434,70.36859774607957,30.77709052931491,79.84535050511906,87.12769881211571,114.1148135186283
56.830860333547164,54.069847664491036,61.36379029893838,70.72283283354233,19.25816324585279,142.5962537780633
9.367476782809248,9.653447019544082,89.7935293443737,19.038178629703474,9.761876053514895,147.6728761088238
36.77158030594335,24.189382825883897,80.99244203028994,36.6721908593799,89.77958063920259,183.28490602673645
26.520236768172545,1.240403627731479,58.31302190995835,10.580502485651422,34.989546364739866,161.21457310429525
24.398964337908357,46.876796546450585,73.02217177572491,62.820659709304394,55.13173906628141,97.82912079307087
97.30105547524455,30.126526076000037,36.482247020779866,12.137192454861967,35.95431445200035,295.16362635047346
39.30977246667604,59.83574842977588,64.09655280987577,98.59341686249178,12.58023363460513,84.93774179540571
89.20465551771133,29.72378077086172,46.6181591127557,78.06820746878623,58.933164494772804,276.2720378419649
63.11386259972629,29.99191115069847,18.993613645756092,39.023854958399504,52.514085176962965,160.66030279225672
79.48113035416485,74.31931987316034,70.17382738772572,57.85639322793544,20.299355919119723,192.33542491753659
50.26370931051921,4.814283597835345,55.646463734882204,91.13418162164088,45.186904465227784,230.48246966108823
57.69038846263591,90.28949951919873,35.86215819535914,55.40992803958261,79.69475040156459,49.097323821651756
49.25176938188639,85.22638743911814,91.13391900786307,17.44984863979552,59.04261031078914,132.3290241827776
19.52429877980445,66.78046832264066,2.0934117826733267,37.87033555811593,9.691732706699485,-87.15071399115585
72.24521152615053,59.32215701073843,31.5773151249496,84.31448650297455,54.802149722913505,144.23293334692514
28.07723624408558,89.23024981396523,5.688139777764656,64.42130159896179,70.27382992895869,-94.78160634414866
2.431596643145384,18.533017952871443,76.65273162216272,65.07243843338003,79.27034057807514,91.2489260113278
64.54722959071678,7.896916219082861,70.21074541137926,86.68214856884892,62.91175786342668,266.99225555059803
17.711067940704893,23.95101699095381,33.13522187363171,89.39730574625047,15.265816454078374,58.39712975290349
94.04585843529144,79.45782787001903,67.5662902207073,91.97925717794362,71.01732665901606,218.27087058341377
95.39285770025873,3.4670266726483323,39.593722619594985,9.48491932531561,67.73418460815164,331.29348502366184
91.48643902204485,58.280683508348964,75.62537914224343,54.41260019631009,2.442688294063322,256.8710367273948
37.01587002554444,99.54375161913099,45.41836627367061,74.05095212183186,41.174766759024315,-24.563103213132823
1.5456616528867428,85.56960938375394,41.22797278316656,75.69268451270138,33.29502469623733,-93.81526933118856
92.83185625877253,52.14456890435895,93.4729915488301,60.67162019700039,66.94120642536434,314.16403145555006
42.81841483173143,6.364090928664234,25.087909989070024,16.678733518367416,21.61358123109207,159.6357318002156
96.66548190436696,83.13735143857099,12.044733999656543,79.74205539416643,59.08719229742585,158.43526205510642
96.36199770892529,59.89785081772106,58.45431132594582,72.01113335149458,91.32059618141723,259.6093143284782
85.300945546736,11.493299705956684,96.93218122841789,8.613577154903629,79.78023722086077,372.7265133502981
29.444889206958567,9.38572848233562,37.783921372718666,46.380982467437626,92.14577362165303,130.91161486711036
38.50977286019253,90.96268194365923,6.203676362878152,17.39773995218036,97.850596693269,-62.53349222556658
85.11366715168569,66.92002629380784,33.93052673095674,33.74770457129719,1.0670127006162766,167.3525121309048
31.692200515627768,82.92867993167555,50.593165431955846,1.8081092205685434,62.27412763774775,-10.089938164723872
16.94927466860925,87.89789002822673,16.19230066322137,40.032986841075825,41.283939775890644,-91.39693014494974
55.68012624583501,57.17723520483222,65.8102218056492,54.987692115621044,85.98544903351217,147.54121527982
93.6154774160781,51.74463517550413,99.77493890102006,61.95825928270868,25.181470200913168,328.84055270691476
69.6029796674973,43.042741032099016,45.17394759814438,66.34903451287101,98.10294891150761,180.12475904944404
57.0061170089365,31.69465877911193,35.472855673021265,83.629131310246,61.370796954374725,165.19779327527226
9.717649377076853,43.459596085871176,40.070416683446666,21.546290727573002,79.35374022288309,-5.280031396692632
61.500722669916975,77.38796557301563,11.514617839520113,12.048182243846794,8.559955282276832,45.58107640598159
99.00538501042632,60.19234310151316,88.32736014262238,85.15371718979256,18.345788475886504,317.90076935457745
14.008401523652402,89.2523289954846,41.4825655521352,15.661281489264988,75.84036730342032,-66.3480119694839
51.832965236373674,44.33800143791877,38.72744114248413,97.47600813361953,2.198652203932361,124.69375382184028
87.73730719279554,60.7089578718754,65.96902729304743,84.2538229398637,81.68779858937827,223.0662364471398
74.07686177542044,63.130755309198875,44.203342093112354,50.08766058895991,1.3949018691911452,192.2021935481385
69.7015740995268,59.16971623063255,64.8233468807846,98.14214249220252,65.71188390612733,205.45889986122356
70.24840839871092,70.26337730855164,6.144629013078751,9.737672910800422,36.50939202318059,86.6621623475306
35.94911512197552,23.74334683748063,81.37233437222274,30.306576117510165,61.149485271919914,174.88711543338968
29.359184426449335,51.23637775457907,94.05039528794026,63.822441504061146,69.60314069891137,125.54446908508062
80.93611554785136,10.422480280834767,64.8765386159386,35.00068684731787,34.24752191863042,313.84398970802727
81.01133946791808,38.45113276448126,95.45659288588108,92.83725519807918,10.796244811083556,321.95520159457726
86.70723185801037,48.76670686212644,15.143231436996329,6.562608817781756,6.964586774826564,187.9281579137911
91.32405525564712,65.22242595454725,47.74161894803537,54.941183206096454,58.89360225625479,207.2981036963016
51.13423988609378,95.05310525862035,60.180673394544726,59.08662673951145,52.06553537341115,48.85996824160991
50.15162946871996,60.06510665483559,58.17366474211867,65.27281237772242,74.22010091211325,128.79705363536576
79.82951789667752,74.35939161765597,40.14617790890432,25.566622333181442,50.97355100039371,166.99001578628184
64.99639307777652,50.626605949520275,33.80844093662614,36.45664275198644,42.244579003087914,159.73194437409063
70.19668772577033,63.41040313763313,12.68240225504188,84.36805296649777,39.808717823623084,110.36318093514731
79.57926694361011,7.093221613377343,39.17424505622782,19.494276897015983,2.6446902597667465,280.786476500391
89.00053418175663,25.439158084184697,16.266081510548513,82.68678471733621,33.55572016966571,208.10727038943207
33.79951568515358,36.185309320513866,73.43656764922184,56.26554229027424,97.60201575244942,142.15438012634797
37.5582952639944,47.249335500651355,20.883093549458998,76.21875111940821,87.35555762270889,49.48256752642798
9.3981939840869,4.564874550238374,5.856530528453385,71.36073662634715,32.93780670342177,29.249449607677565
57.8280140996174,14.002409755331769,55.236613781723435,20.7511495384879,58.77954050663722,228.87311693110587
3.5942273796742086,27.68143077913058,59.52297327194016,56.88127364338729,84.7296745535494,31.441658869180145
46.55980181324602,97.15326909010507,87.19130612805056,86.77231528050923,44.12743367500687,81.73391202011561
54.26446347075766,33.134700710305076,57.69816124176819,43.211623680192936,1.795786375015096,189.3933939946336
28.65412521282844,48.20410581120825,34.54808537234457,96.65907702233167,7.451046181864007,48.19967989518228
59.08332605690107,19.609771273839293,80.30118815263205,45.221510010171805,51.039272134870664,267.9479878877065
3.050024993904943,61.07800710757682,54.027889318742105,14.278563666788468,96.94393756758784,-25.92358880610943
3.7348188749214417,28.068321551597432,7.928028463119174,38.94346800776732,69.32095422188678,-37.14043789914088
82.26005606596583,20.699257843842677,56.58505603132467,95.17024063905372,7.091619143856953,289.5508680780382
36.019064141126286,51.65726284459791,90.80185454216624,31.97208493398542,18.936087579186278,141.85669721996618
12.706051265188478,0.5505799160420821,39.631262549822054,86.80981598670628,77.132314321685,97.54088227928054
52.224326005480435,0.7664032649225327,29.632580189980008,88.12506816818897,84.14397599562447,209.57121833128355
76.99935530986109,21.906880910185777,14.346945701802005,35.01865243319611,61.76945861885908,215.14141019213963
21.582102749684317,3.672136250082114,15.144552193535732,8.325765805063213,64.44231696298166,100.89229843489187
62.28904758190003,10.802575413069137,43.27714843418189,72.45579091588182,2.8337450383384644,252.24240436968137
8.5347464993768,33.88606493387516,59.56798241615295,31.1512299013986,82.85302595815085,47.980579080748754
5.16817211686077,80.25856795798128,8.061540516960175,78.29236142575724,78.82752081708297,-171.28686427453368
53.1354631568148,57.204864336930086,93.95685890251657,44.26548482604331,25.903514410334715,198.30027381163174
54.06351216101065,51.26677259564164,75.51336174451959,48.52667423426216,70.8676719965507,167.52327051865754
63.742990149820656,29.348882320812166,58.66239182836627,77.79094067485369,21.48546064249981,212.50995433207697
72.60913337226616,93.17537194328163,82.84386709389908,38.23633310616279,4.033016105151299,151.75800412119014
97.58520794625346,39.70150412371917,8.01867568121133,44.31273453229145,20.113654259037727,220.91419864499298
51.630034830119534,8.70927667957715,47.68388777331244,37.619046876962216,17.86288767542995,215.1200808922269
32.2956472941246,61.70665161178013,63.00931268616634,36.734051527728,33.77479967348472,52.393249896800796
79.51861947687037,11.38383934766014,82.86529061182893,52.594657690145944,41.84494971754581,329.3089081951182
27.083225126207424,34.52231428016921,78.34695600492677,80.87994445011508,50.853889149770794,133.15706636764816
43.89714207056361,50.74119387178089,27.706924971339962,36.176831192256586,47.675387550832816,77.9988662292721
7.845638134226595,87.42225246851758,94.08801695592042,52.42547205377367,27.067460596528935,-3.7601486511146085
2.535074341545751,49.35465803401187,12.434584143087035,67.07273254426008,2.9170668574074465,-80.32257961808892
96.26484146779251,70.22587660316643,87.51336186211522,26.9439446303655,60.51016222371507,269.8301574975551
83.59801205122058,99.28168389990704,97.09402496046185,27.752280490239258,39.57448298473544,192.80535745666126
69.59742060936979,13.148911989798162,17.715352322262557,93.34131270234548,29.86721573875497,211.46619385475412
40.89529444142699,27.47315255195195,72.20660642037853,72.35345733310886,86.69410428305123,190.90426154367037
17.329432007084577,39.45760755976464,4.028551877799846,57.71866762233089,74.67433077981597,-41.35846313928328
15.643704267108605,42.18281785388314,40.542282513915495,64.7720054420612,85.77655483724422,21.17161329484912
25.024289816459532,41.102107526554576,51.6283299197674,2.9299443103418366,49.4982794712461,56.98436486566852
54.92266647061205,90.76110025565549,58.064522590963406,61.81029655616969,13.093125212677748,53.82015601343537
71.45959227000624,71.40326444668564,93.59372482485595,50.95088732242019,69.62214361212725,221.63240160737956
66.01973767177313,60.79052140907037,67.22506872941946,54.574967977943565,20.607377993717524,182.7620190363012
27.993389694594285,30.93727178627821,48.1277951219237,35.94238268308171,44.12296690917168,98.7916533535846
95.48652806631941,82.37903842212947,80.96750362658894,8.14738977129419,6.5000788948888495,252.3630211918926
73.78969166957685,95.5060511484989,95.05328209544089,19.33392336120522,82.53084024229824,168.13970688723276
55.43540525114007,82.11982825502265,2.2066148682290843,95.07447132126717,12.594064104750057,1.050106382383226
61.17207462343522,0.15651051914729042,98.25212722560387,40.8699562270934,90.30975070493096,352.4386998376426
41.96000624277899,63.6401370183407,8.613213906368033,46.66831558308642,86.42306022615571,9.053855008611865
24.773098950115745,5.1135381442100725,81.43867792687614,5.270978985343899,46.4582764439246,193.6015585827822
35.597267865126156,25.760722033372186,28.033475255141248,3.756622954398059,74.43682043039907,97.38438782097913
75.78461104643691,5.952470034777169,13.217965775387174,71.71814470467577,61.94450738181533,216.793256432053
1.4393488629755868,60.37954529493877,43.98556397138349,53.80946641211113,80.30756423377449,-70.90898808188822
11.607264050691624,68.65899134926067,64.39565794476135,50.87059842162667,43.180510078591205,-11.692545828703501
4.600264202175275,11.448763806590511,38.0951845023475,24.312453042266867,78.580848424435,58.60705426356594
4.072880231897013,38.38388830449795,5.456540828269896,74.47507316299222,46.245681706514794,-48.48140810453998
85.54605840110072,45.6236508955542,59.94611396587166,16.82365791084919,94.09657878427939,264.45081600324164
70.36578593800236,36.90530217609166,90.24032761106747,18.993474366102003,48.637210082514756,262.77678308906184
47.41738290873252,12.102500048519305,38.32153659472517,46.07121713482755,46.261927193372955,191.68817842246983
9.783416065100148,41.89477901874754,21.633277763082702,28.62798621119409,78.50718615635127,-31.63832619943443
49.16158751168324,75.11780478084181,44.25773459328154,24.746298123314638,82.15776917608379,65.76399884998807
47.34717707805657,7.100766453325546,4.836271104878087,64.52376445533316,55.44891143211708,134.99088208575836
17.320186991001517,8.018001408190345,82.04875844802748,65.09717452185446,17.97978134950754,157.25895762551923
43.385164923797305,35.47712918359842,82.63408109501867,82.45170697999292,46.77582309575795,196.53827942967914
39.85047343973734,94.1725711618925,58.800046342962844,41.77085669729759,96.80725029096784,12.355242308211675
61.585009805221645,66.85726467229141,35.31028889383895,7.308509102615024,75.29861930391851,90.50988085472125
63.50936508676438,67.86699566725648,79.97833644457833,27.366638492145768,81.11626038791321,174.9615634547119
4.530400977204452,36.1919990837865,55.46870247883672,98.00054631968169,3.282549881924013,20.411991139430167
37.46126146264712,59.36607912085384,82.59323085500162,59.62585752327021,46.78594626341599,151.3153016195626
62.58599157142364,1.0131184027743378,63.14587925830206,70.97370848010203,64.66211336575553,287.21563156057505
50.31362585800877,63.60960464095422,78.44054732127972,0.7357829625414536,83.00326836280748,137.2890835218512
85.64898411883223,91.32869475762368,59.856299321776,51.820573218252086,4.927365358277147,153.51289613204247
65.8693631618945,61.25734683448192,41.41410682156662,3.7528657531803122,85.24388856418732,118.4116719433817
16.29344270814297,87.3698593466345,95.79458599261376,56.9230212091448,54.84009367419117,7.580297562706221
7.056874740042984,72.39730554660937,54.11138248788448,92.07708496360753,19.731397057605992,-41.30749542367175
64.24192782063156,12.055841640369025,60.50895185405384,96.84191305004079,31.72552164497,273.6508144781851
2.6511310541621813,90.24533072858418,22.048763941474924,54.055267538892416,28.192955175156076,-128.24723095859025
58.57755812734633,6.644384435577488,62.565078942727645,45.8204805252216,53.08590342884758,258.5824722414393
94.02302414249576,53.39674725477638,57.160764948294386,94.5017094248494,5.168567991113182,257.78504868335125
57.5474177875879,14.213712379345766,18.483839794702494,67.3609831996695,15.853615849992353,174.62871186024745
38.816992620652194,1.1706610730904066,5.958709735314372,6.489927953840946,81.26930433757823,117.86134034390155
64.32882184423532,42.2034260127639,60.43593197147711,46.57255776674975,13.260399074681107,216.41715142203256
45.825289049151664,29.504070765415623,76.36922693503206,24.02450184643039,23.339626945812697,191.12966420642107
54.56167893159349,48.6000493797603,52.34013709220082,46.98043214486815,45.33706056041573,144.13176509109383
94.14648087765252,57.71998867345508,22.67726253196457,45.54655720063617,51.71208881133305,178.85713483378763
38.610263780077425,4.373907230894735,66.65219766930349,58.2144802814742,76.36104796141586,205.1069249171704
96.11905638239142,12.300329512374564,8.010572660960225,35.677049034925126,44.73324266661878,284.1372104935149
90.53506419560637,55.86423964504254,44.183370480195464,16.427044945592804,78.98646210355388,215.47454324664176
19.579113478929642,34.316735317265824,16.33667583984202,50.37194345899563,61.834630704545745,7.101680217092182
6.9361300875165455,72.9173487549448,18.445905105988338,83.0202884345762,11.309973942382246,-89.43033941102081
10.077800137742665,65.22916485919397,20.229394915820365,66.40122280676023,15.633143839283859,-84.64740916660993
1.8221825651549728,84.56043629899068,38.67070570439779,33.836786592521584,43.70337254497708,-95.07025627050056
9.44429607559284,69.24928266692253,5.115020562039763,93.55230227588572,39.68893930890396,-107.8145851657379
68.30067734163569,42.99310773901481,39.77934409290982,91.22075712491822,74.35442696372945,174.69915048133015
7.118864846022898,67.29666223944324,51.170744711470086,20.934839938409876,58.07371397973519,-47.7193969248686
31.89756302937613,27.538117425541852,48.329428496632524,3.9417585120362975,38.81330810022493,116.8910595862723
84.48753109694546,30.63134987782127,38.27841004030405,74.13087083507622,17.076028345038562,274.2162284459437
2.3271935735825866,78.89851599207933,83.91466080707525,82.76102613491533,22.683710232549515,-17.128487658191695
81.44684825889358,44.64195164015822,14.53266924205041,96.78645659513553,57.550101846905896,168.2127927400346
28.185477477339994,79.83803405183525,50.5696743781374,88.98363940883107,42.34388048997925,12.09108175047035
11.816482762165625,82.24223736682784,6.20414169565543,60.053476820641485,51.492750886067206,-122.89560936301815
69.67371653641507,85.75623376612837,7.1155678877909745,53.00523392123808,17.067743530223368,61.92688372295052
62.8942846779884,91.66352358412072,57.38658496770963,2.784105126258629,66.29062523445658,99.50244833893183
87.74720135270529,43.098522051329624,56.6018424887821,24.665644684477783,85.2538740855967,232.5159080339124
73.50710438038858,31.886681832113883,87.8033512844457,45.96147517329264,25.79395067869006,278.41218007405627
80.34809303848486,58.21987465941139,55.78736756600732,62.85039000835678,49.15142258318266,217.72943337399667
28.203457257130648,37.117242343762754,95.97910204048502,55.725183331841066,97.55273290209018,155.86111286604415
17.743954377972283,60.1074166800233,4.869484839992976,74.26359896816905,33.32417405507277,-69.9163024432188
75.06147516408583,70.55858626438246,9.800768478074106,27.976693088704085,59.50463449237612,92.43251052566562
80.6834739267264,68.84050184921368,4.40658615703814,56.49526076524732,9.019570020024437,91.91693111641527
99.05051420006733,37.45528870201213,18.527685033354004,8.814224339079214,60.601500247944315,249.14875987094476
41.26176769114265,16.68602016987528,54.12701109416781,41.366552358320696,8.963177330461791,193.71067663508674
37.201808579278314,43.05293384622075,64.5572181427428,75.0160832954601,95.92354353238221,130.38471916683088
77.64129607419969,14.259414408190874,4.55851579486688,69.3400853429044,71.56626520723114,233.14700311040184
34.08035402530179,89.00970351838083,94.59708898455993,99.0642737172179,78.81597881357064,74.94125941388339
93.07573256035647,34.58774607378574,84.2165376650381,27.7891125987756,70.41043607716368,346.651305464582
85.84127518430118,15.445974722332378,29.661248215709314,49.81892991739792,58.97290360764658,290.864535309253
42.89940273750184,2.5447759905750877,7.718753022646796,32.95304137739967,44.99127810855054,138.95941835874777
75.08710677914974,64.58223862864843,16.98870732190573,44.060311405917474,85.83733797610624,119.70763084794214
75.45428740846823,63.69023174547432,12.694441375497266,85.6950129869388,95.6835667543063,128.35063596392206
10.31238688359326,34.060416658129164,12.328377929894685,68.42090751884867,49.90361729040813,-4.152703399417671
90.25529066795667,7.171188884765101,51.85616886657339,88.24411913475817,93.1535049155262,329.40810110707787
50.525237244785714,40.9628894895232,24.58474424934003,20.351110833188645,58.33329099885175,99.31135830592048
82.64574661077417,31.12174950633936,35.81397165291445,87.3361117841438,53.83841868964332,240.80325862332427
32.00496010306117,67.71206397350093,98.95053333843225,5.976227417838443,45.44827329553567,117.33154103914666
89.55232284962005,60.57792494526903,68.43142489253448,88.85992804371524,20.928776153011984,258.1291664837394
38.92016787341631,36.459372819754,94.89806670470014,32.90737794607279,0.37196608180591895,171.94718203591515
1.083765148029836,21.78925542549901,14.255655503311559,31.458763341406648,24.150622685606127,0.1723285186920407
90.53819764192636,98.80359661555919,38.21394748325693,51.20885766986639,50.97231716035652,124.9166716255776
9.128667678613356,45.40016211961149,55.47318032823543,94.06901877232318,37.99599522597526,17.144799320084445
31.93136375904149,68.82742357802371,7.675806188873802,4.778136468140537,44.84852280026338,-39.37359019549045
95.0061967050805,14.055296757836079,0.41874436279578653,35.22309750707453,98.06482195640496,284.5194015031339
95.06071469375561,48.55896996593978,67.04343337969175,85.65719886833357,35.027237066932756,291.05006092180463
57.34378881232861,2.7536719869465487,64.18195168014353,39.60544774354668,45.21829393601079,254.28719917649238
63.183721216979926,50.545511791044994,41.07888099996118,19.9156897597067,13.351555135281956,158.71769706841602
44.84455219783198,96.40174071177023,48.96440760320326,42.47941813314118,4.795773243698765,22.868144367860715
29.321077169806454,38.420671298580025,41.54430005920896,38.55525014916693,77.54095145924947,71.56106876527392
32.8664545369916,3.8996012574911587,2.4005044844888856,91.54162014667034,57.06831750719786,102.80698495055964
67.25184560770384,3.095579091934353,33.537160621746246,76.19343757430971,76.0704806043895,237.61719996355353
75.237452943768,38.798675994686946,17.708225539728982,50.51155557440063,14.986279888655163,169.74816240203106
79.15790437258485,16.002493646319405,9.842418910136875,98.8370566721571,57.18287711826909,200.13018764466042
78.96181427945538,2.335209632818591,95.67204338893498,46.527753127592334,25.364247434137553,362.4835778139358
9.120610304869036,75.62136139501769,59.935972504216565,5.823783082027523,22.806181690001992,-15.900625062396564
49.442030470258146,45.85230088818907,72.86562842366027,26.22743218149849,1.1526014052985256,182.33421854710986
5.755876001664428,28.924477197265453,31.53637432661175,43.60704802193126,13.034072356907188,7.381121586869627
54.95288823237355,90.00831830164807,39.31471294940152,15.690262414612011,30.926811149969534,60.44341198982517
44.1530501373377,11.613896020052561,23.692399389672346,94.7565126324043,11.687876059093904,143.16921259033344
88.77041827582998,95.59188289553192,9.696567096542474,76.68488978177731,98.58584404109375,87.23823665556074
35.09150125520787,31.396671737735282,17.90316374415838,26.828720042777267,30.863264852395066,69.90101239104615
11.706701642760587,88.84036723086813,79.75140452964858,59.08045335179158,13.032394670232817,-24.182738692217278
14.299168205283586,60.294287647946156,67.75458051837758,72.1449157109572,19.908231282795775,21.788836861923023
76.15106317174723,82.67073597414874,54.69288759854769,94.1278928906798,58.77032283414765,156.58503003626126
61.82180633162611,98.40131632104642,47.508987286676806,88.16353491754107,6.404352386478851,61.42762382236271
10.112267612279025,28.840543781874572,92.24342836561244,51.51922261382137,86.24341301411569,118.14567546584466
8.410680611499743,96.1135485407593,7.273494777866841,77.46526197930176,96.14996792371473,-145.7710078274458
70.096913145912,38.94818949024204,28.060081323791596,56.2144753827585,24.674742066738087,178.36634039948666
7.276300636419353,38.55119047369223,34.9937853570714,55.27038900455401,45.00952685908594,-12.485514261601688
82.18600592903562,34.03871042545057,78.24258122127878,11.47419583381919,2.213445102949707,282.3158098784835
70.62422271564962,54.14076073475852,99.25146201619714,12.613765801615207,64.07102247272215,253.9561460498006
8.134878064189976,15.41450431784871,24.067051475715306,52.95336150224574,41.39260580525889,27.963639722196127
8.483771408519193,55.37114853580112,87.43073341370805,26.886154497900662,27.005846610155572,46.72903156371866
98.66395785011754,54.1704812410004,83.06227604317912,2.103690246046863,20.683711061660848,312.08378474063466
37.427079575612034,76.190181260487,22.46573976417666,72.28392039002122,65.40230776587605,19.435222453792782
37.06421470668909,83.36499619375856,39.933258019922256,3.248659669016496,41.62170310323145,-8.939723793979821
81.27995672575025,44.044135031242405,40.96728692925191,59.52768411040545,17.9659289029912,197.30306781043257
94.72485773838586,30.233324935149376,97.82206685265584,53.91937941273144,68.91090814868241,373.76479195903875
98.6001063822871,25.933489731709447,18.089190137889833,96.88146905778045,56.507228303669365,267.3028993443952
75.33781852589416,19.462383670487192,79.91579711047821,48.421313934764164,85.86720549294962,310.1230625997249
37.62595855309158,5.764758219902488,33.419271417310995,6.360143637779736,11.74758988764929,157.31609656827627
8.350071669866876,34.244797883471335,73.08703457761604,55.16879678064617,78.56666019444562,79.03221806087097
77.71469159274368,27.024769213078326,42.001100429566286,84.10961706161014,67.3516786817259,227.0239287925844
55.840424973580504,96.64173858664074,57.835976311654,99.68492842814399,11.501093682809781,55.4245832363694
42.42220092469763,55.77088262500439,83.26117733261312,43.034317368907246,69.48207298717207,144.90421611181142
90.6354385094736,34.72770390305075,80.41655649838842,32.02987424967425,44.15472888798304,330.7803784267742
11.119748230615134,58.0467600993696,86.64231835397001,90.66532969519989,94.49847855558431,69.16369752694507
49.262510429085914,13.91967013456955,5.961732534465902,19.124212907612137,14.161135061789931,138.44782953095614
1.1353644767419069,44.40437492022029,69.20505530397449,61.542891503292665,64.2833390815738,17.837040586884104
46.86606419941263,62.62343214210638,13.998737672176286,40.57144241809477,38.1980045462946,27.445077292862937
5.630327568183735,48.889783179245136,41.5818568018411,4.108236495555529,95.68146705908778,-24.158696978367608
11.881791626807193,40.177880065432426,54.858841505468845,34.72884743056978,32.997489529027646,31.650848778188937
11.752624677710488,99.38483888996981,40.273948474683074,26.52285225026746,96.21859094918001,-96.54854474964594
64.92103021160635,88.0314762148927,51.961167580300746,68.60911539434869,90.1485851100749,99.21186403134304
74.60448792654233,62.34059581594401,99.65263087986192,94.87904976919181,27.038323531065632,235.37472275911006
58.336876509715964,56.93773611822828,13.521731371285473,26.804718737863777,80.35417768264277,77.0587396587152
96.21725484745419,62.06604798245841,67.54560453364256,81.14659391516817,99.56042018035059,274.6135509124238
37.48705795237041,20.131210782243325,39.600096638561524,5.535981693840952,25.266300217128233,135.11552080020743
28.571208628186074,39.51377432643186,13.300979890732878,53.81210100398132,43.67771693233197,32.323993227921534
86.85991281894603,3.945953289089932,15.873676337430954,7.055006370989458,52.018073656675966,280.3275634853773
22.359583851945263,47.554603748682666,94.92731062456168,93.40329911306394,29.49311358038643,130.62481734140158
96.32225394406113,54.302458395766315,87.9601496711762,76.63512805573902,1.526483964602976,314.6625001856588
1.2154474689816341,22.77497361032096,90.70419604150219,65.79499112045923,22.012924419752665,90.29246126984928
96.98788267076391,96.40288471655137,99.15327758273865,82.38963816246643,28.193688434175847,237.73024454196138
4.315991195057611,90.9454610937242,20.831539000851794,64.75197955701631,44.35997013181871,-135.19954551890075
89.11431136980711,72.21432354559059,35.543933736406174,96.89443971742911,17.110247841340186,151.82314747509855
52.77011090862999,53.33866287653626,66.92190299248666,71.39579478647715,87.32543566916726,150.17297144322032
99.29647961193004,86.99691596476849,48.38025398606472,92.46586095822468,70.4911132731336,194.40758928613675
7.379656473539886,13.065234382346292,41.83895333783335,51.713189201063805,8.520047755966198,45.122222126504305
55.38542844013208,79.0509794274885,35.781124933559305,11.706441298186265,65.00924511399315,52.443355479198246
96.9302535619099,12.48208139668483,59.37806319434522,52.81777214230171,65.36564764056205,362.9902679853602
52.30978441701488,79.42106625494054,57.5593428640082,12.68728280630933,95.62211736436277,86.73335252792546
62.93986381352625,27.576756825135696,16.14578340642401,59.249347917640506,0.30208713561612477,158.90263623701668
69.57486889846172,87.7090581018189,47.173983751843906,48.24930605276629,24.79324498058072,107.13094145883343
45.454106476777326,94.40420938253979,55.347177620984986,62.25753978327817,92.77914793753155,31.500942976219118
62.75580800840635,14.879596940511563,57.02869387313905,1.0046981054831594,93.21339153982831,256.47989658248764
58.43143119231002,46.267560506539354,21.01071929123518,19.484049165536412,72.05864193706374,115.50954331774064
90.11580104909889,98.09873781626851,74.22713922522868,49.13304319121309,76.576332104754,170.9085052144152
4.5446380341457875,48.34074359731466,2.5199094821069634,95.05035615891349,9.148295792964712,-62.96640922028742
28.096318959223034,86.35475225145451,35.483185554316265,38.360904035515844,51.38758347782336,-31.492366620477064
95.04114840765587,58.87315221313199,78.02126485356335,42.43720260536347,23.15829912889994,278.51650076909795
89.02637838909163,37.53299079196019,56.389292105540235,71.46960890066222,18.121804361361725,264.0630745587147
45.56567527857129,28.57835555258702,26.116243251086026,60.3792757286118,81.03032991233326,122.67382181674932
62.013259780153675,20.322309108608728,69.49531193430477,29.892615009833325,13.503813668054743,248.46640897495695
27.738118298113267,76.17981913776973,56.73909441560734,41.08163955674278,46.86516369963852,31.704826102535456
18.81211597237613,38.65405068230279,79.62436094563871,21.769979885723245,93.8578239586033,95.1057151643126
46.36984049399822,51.12754622007512,73.50251861898234,96.60214591302085,18.583205556534253,138.73439907349325
35.33522280260528,49.23254800011819,61.01079220362347,13.063438155735973,97.79934237382346,108.01472289537395
58.365611185087204,57.727902923313124,48.8177675310814,37.18367845664194,99.4287985761059,142.12049793242576
7.773463696498483,86.55771456245522,13.31821256675234,2.583897222001119,55.561715468240294,-128.13120550918453
97.43948076661665,98.07393435834294,26.133301788538375,22.17794919335464,17.014274017715792,142.13409674272074
98.62107444796028,40.758420857381694,41.90994729170853,78.04711383801549,31.610488794089562,276.8344313592579
69.81617140197451,82.7518922106303,59.92992870063887,20.117523228887947,42.44928326765351,136.1782738457137
53.60963663441204,76.45277946547176,51.37078552153048,8.00634025289656,30.932422435822293,96.62943808022756
30.952761628632775,57.352895145557326,28.818452595952948,47.44531798445233,28.063557987651578,27.63335682892813
81.37950197069486,95.60471436119332,0.6464357789710551,0.9969234734518495,97.22297092163575,52.20598647482828
68.47311725538793,20.04745155284028,49.623922190081394,8.476615442633317,15.336482741574564,253.28395740486684
16.26169393448913,10.92642103096214,28.56259885622431,80.76258695629751,73.33279087168623,46.127584297964454
91.09271844938425,85.39619669554222,73.46083007105351,77.14733448596064,0.041028943917487126,233.1977401778679
82.2537242923169,43.91498166337483,2.394626527048349,91.5138820404896,59.61826694023769,145.4635583918662
94.9799913291924,84.69688542070605,58.482781130579085,85.45154359107495,91.59430039540524,196.99944659431077
72.571950838836,89.30902051954149,94.14742375060654,68.3175563239818,28.793409409321903,179.9097717513841
61.34151959357899,6.245759361907144,17.440926711149952,5.233285730066283,18.55259752577192,196.22962341636597
41.82430362906189,88.34647629860606,47.16494907505954,78.28486179866574,65.1679794878427,29.591492302828385
93.27284833540132,44.831905536942216,9.142199181713817,84.55108108405605,71.26014072983932,193.28966651878795
86.60638895004084,51.04324890042322,62.56819122613526,79.90821457719545,68.80305189519814,254.1926240633096
4.521867010618941,62.659251109321026,55.05316805962256,50.847903530802604,31.931688002137403,-34.95527007954894
2.6366974497252005,92.63826067300867,40.736552421283236,23.290183864948165,25.22024021593309,-113.31019057154272
37.64633668780496,1.911609442976403,52.13770214737412,84.53299756887267,95.59187999620443,186.6746218005445
81.0553330781833,47.68434683178171,89.65746584690102,72.71628097401384,92.32995082699294,283.2128608681678
98.72761293149445,68.77220424305607,19.629430231106703,98.07611743888516,45.731660989282034,182.58332733038785
15.041689110352818,72.27069576982285,2.2564511705347234,15.569259775593292,84.61938661543734,-101.13228695374598
59.41307153521351,69.2532431537108,86.16648846991009,22.566458305205504,45.2323477634296,171.85518614335837
38.08908566310215,13.443512940812186,57.71170823879065,21.17981498815027,42.43890180725104,183.3849485234285
96.99143978146031,29.93955883716812,89.06584554618424,79.25397676213368,15.676294759929466,358.7111766473426
84.21189231357087,35.87155254170135,59.69452234131726,18.690729645011817,42.64060564919728,261.7466799235567
83.83287047111378,80.4437207679505,81.01610899597024,6.665982982330609,53.7416938599807,218.26993502811408
46.86931597949703,27.875987241455302,42.967336335514794,99.85608065856286,2.2504327428686466,148.98193902827578
41.48195023376652,21.070496386720315,74.98599312882688,2.4817211445149145,44.41130051754064,203.08882896095878
27.340707193070624,95.74480190380962,91.3041466889856,83.52440601588657,78.13562183952003,18.43076567135955
5.6375496650927115,0.88632851134689,57.21229637222063,36.53668415506528,68.00460563742699,83.16404727668099
86.47223762550531,99.78208556819781,18.078515056237954,84.16154597578152,63.5156988863935,81.64027350621389
81.29010091300776,67.68212988573956,26.879761503019818,55.4620491211145,90.95554284372025,141.16215912942374
99.97176732861305,82.84692994491171,19.86445768974058,90.16312294863602,1.803200982523001,163.23024462982363
99.66368370739053,29.461939634619316,24.685702759573292,92.61929864146266,55.70475861922341,270.727273849589
55.543170560262745,1.4315277667059978,30.64154493510364,0.9098181280775997,78.73488484097071,217.13894306339617
76.89874151805105,73.78695185615301,55.51337867531885,7.541217599278827,54.13353827012672,163.51088623060025
94.47657298824281,83.41445970006758,58.79916294638328,25.035872957085548,32.389555258037916,206.30428897190717
84.96473906774115,74.04761319535191,42.649974724186116,66.93154163635016,13.625056509197787,172.3502984832082
24.734810174319765,14.285028730083859,61.54207798208354,88.8272196511506,88.75630718161914,139.89704096003877
45.05441353100935,75.34279222569691,8.157492561136593,45.994195129396275,47.076239238760294,-3.5273961212106033
12.915941515149498,76.8922782107641,8.778823705815997,60.697311627426544,87.81151969857014,-96.76248941325258
95.40510272587224,65.85405156700548,17.182946035765845,18.849985279556115,58.58521224331683,172.32507275899647
60.617463445088006,76.61159327955862,51.80774980403447,80.49668338816853,67.41921166150007,120.33500774873734
22.864280550346272,84.59214396777321,21.399467869831355,96.73281113534698,80.426115437845,-70.85761831344594
67.17006844058567,61.360411423745845,28.328440349257733,26.85989329145975,65.91555446001344,108.16655161916508
61.81282404578958,8.860471396967906,40.03128361729941,49.48259516005463,39.80548406789377,229.64518833929978
35.81627180328405,48.76278096672109,81.18661240103798,8.61161105063738,51.363338392865096,123.19136725349209
11.355759219962902,7.764933467160507,1.3862135912860118,55.91366564629684,80.30455246758798,27.27007645758546
67.15731955927996,40.75430310324308,64.93788202366224,50.27834418466806,37.36502963729842,239.46623126727084
52.03077009037933,40.71064891256276,66.88765310406853,14.44364841550776,38.81214567684971,167.13677118653678
77.23183917356393,6.600984414024158,79.86557803566366,44.2066213118075,9.569011605800116,341.6156390783789
52.01635011119934,34.88205339694793,93.27529390603132,33.410465208656326,91.45844352217478,208.64282851170285
85.21815003185401,11.099809879131485,2.0137848949289827,52.18308753051893,9.103631494544173,241.014559974106
55.190683877448556,80.82352100092221,15.378370551321618,58.565433542879916,64.82091774485559,18.135427459486777
56.093797153538624,94.76880259644707,88.6171294055993,0.8495578607209509,41.31944788027977,105.42113419177585
87.66536026583451,7.231647525793861,45.851856218701535,76.10059829495553,40.561939025544234,306.29770517556983
40.3482866212397,95.51152072917014,56.459063893346354,71.30142918617408,67.95518365726839,22.031926505945695
13.401522845064074,52.25765993367452,66.30272037231474,36.62863862065222,6.709373262987873,45.21637280104791
2.8782676313338973,29.95656779538739,67.90666044956374,5.2935935568818255,59.37057829514346,50.81551012415761
75.5137255673619,7.686207527616351,93.17404033165082,75.49325397850504,77.20317859723548,342.285555090972
62.03095513534647,50.06242680704178,99.69494174116697,95.51751604781325,82.82127578865942,251.4056547647449
70.40797680992236,79.45155444907486,72.01574609309402,24.015159602201418,17.05303893937753,152.84033939371182
21.296416150891073,70.70864772666981,28.72212092051508,32.35246137370379,89.74190500781737,-56.06518861916817
13.637147558676975,5.022601146397376,87.97524022943436,18.381288948181496,65.61460918474422,167.4129908269584
1.4544665667881929,7.290183536790352,4.922091454076161,57.693612334483966,88.18548008206828,-13.88157692851705
35.058755880659696,40.28732826326371,23.10808528744962,15.484139464745494,48.52807171101983,69.14982698161784
58.991768685463306,29.52904940479433,89.73857174637149,35.619394346137945,54.2033345097202,248.7136878996243
39.22440450997323,23.238432305604782,25.619151443935493,69.70130139342629,91.90382770286712,115.66220849005535
43.747492202372904,28.10044989087136,22.065105962174847,56.01159830093484,89.99095433546718,122.15423923415983
90.41586944937484,80.34827432968846,13.812529314024724,38.64625643279352,44.8160873369002,119.18126501357746
34.82554670233004,92.92280536318539,85.91117576469165,42.02496018075419,27.441263163568173,41.838421718732775
51.39894891598108,40.510269452756646,50.00582591910867,56.21108826232295,39.31704345642642,147.42833599452234
78.3653012741143,90.61110021324971,67.48932030541548,0.5864727887161303,38.77643285297497,170.48319704431015
39.65427823212701,32.1495701247882,23.906638407502967,7.8509868453609855,28.686687498279394,83.93982487865465
62.20867002278735,47.64369863437916,75.80404210112165,88.12580677630116,26.857960433296657,199.09963899179616
86.23637087467452,22.602899781599973,76.00055449620984,7.787898909129076,86.10629364797194,332.28555056069644
94.9520623657642,64.0476042175844,31.259802490830012,70.68035962105051,6.986192068466169,197.87839514126313
14.707348092903793,97.89811151748088,41.06826330102828,92.00381641090526,67.76111820995942,-88.54652497573181
92.65876251614944,60.34930960433786,20.969027743020085,27.06836043017311,17.28200514564523,173.2158357446215
49.21162930795382,35.78140841135489,97.65610233229043,37.04914370595142,34.45058933940632,244.69952402515332
25.824438829895836,64.78174459905284,64.56025770584117,56.892140584471626,6.154303413483686,31.273121547249538
45.913575623826134,12.292067846538757,93.45438807155155,88.17089696385847,26.997363685546205,250.12064624582612
98.0032575285477,88.86590802653987,30.338554362913317,94.19055872604201,76.84210711172422,161.46097771851245
49.26180939928696,50.30839507798363,78.18909129968897,73.9563248111268,88.50153245472586,183.57915633499502
32.875161028750824,44.93497420396421,76.5858643884742,8.661976085469403,22.152715190236705,110.38587345170797
63.34008543167258,58.58647884535192,69.16556518665415,66.91541555348508,46.354783925892185,196.43268773908264
24.014561877819308,62.47838627894025,96.56389752668004,41.03037218726621,47.03240479372064,99.50452757661772
7.586332810866391,7.177580622651303,39.355533610631554,47.07009994910616,87.35753057597341,71.60809084747636
12.887972191064922,68.26172212234025,13.07173235897573,4.914839034517704,76.27990528758055,-88.09826600320169
12.804583895777244,24.193168031552958,67.17088592440608,19.106213934635818,51.30772183680499,96.49515693121567
15.190269351229436,71.39526325065899,72.93098004772062,79.05136075336478,67.07472004717734,4.941885399753276
13.882717264941014,82.25347943841967,57.506057345881466,45.395883304785976,84.73550539093668,-23.93310853120999
64.08747448032146,80.39585075525203,20.681789313339628,30.166224163114887,0.9538954025544943,52.78278560939242
18.188008439914483,55.25009674078891,50.445594166935535,38.401907396495815,40.28900310500486,18.60063814400809
34.56672833238632,52.016989231075115,31.21897365691294,85.43995133256801,90.72431672770787,40.941936140246426
89.67884099060119,14.287596133941172,42.746652816668906,74.8999017404957,74.03130308439513,294.7060803046546
47.39616402628724,77.53461504031355,64.52185758446639,27.231539718108277,54.284137433407466,91.31524654401333
66.75577385210272,27.140938044671437,74.52147426908346,11.750184021237331,52.964452703513345,263.1222443446868
17.231987120162984,49.669542281794655,23.22246909013431,25.19982216440717,34.777009760443775,-0.719317578888921
19.228901880867078,28.42740929275167,40.532536064695336,92.07564510547337,52.052053364151455,43.831940072059226
4.086861626647886,13.382836299969314,26.91615709916292,58.15888378497554,65.53831994634533,36.51085495215985
16.893506307216455,62.95576968917366,19.86316138618691,53.34802087447829,41.83630384287931,-20.381789323848643
27.85903390319586,5.4332034822903825,78.33872199958384,59.63935996924615,71.4153146392174,185.7023668526131
17.70104842767468,74.86452341262,90.92526944369924,36.60282657465152,86.12322272603859,58.713488744422605
8.87025337570556,31.758679526111667,37.02321856845767,80.71070203195127,15.468484818486116,15.996616206981589
12.06358711006008,0.013469300448532007,75.12789243737669,52.32862493002498,45.154702281742445,135.13156400973514
46.077876803272574,51.11291392372298,89.69952893644111,11.674790276879554,40.80200912850811,167.50077154296548
20.63337184057925,4.6851908527603126,84.61242105302316,12.906512482906296,68.74648040497281,189.9304050725046
36.42698610480755,27.616955782089946,18.28133885392259,53.685914650261836,24.986746525792935,73.08729020781132
50.34172708548569,70.69764874557161,95.62918815133614,93.65702180708392,64.02509149522763,147.07027940225316
69.03948286293652,6.268962162186586,37.66764404294625,30.835212167619876,87.74892417314881,257.0173846517877
3.9312139841098936,83.93384923560023,33.92406611738363,86.95411688592183,41.81315997936227,-105.1573561754096
79.94103989090426,0.3819922658583108,6.2431327277780335,76.40955865788793,91.101569997922,254.2700637575306
62.79003894909078,24.682386920190226,48.6173654104883,24.781244290690687,99.31637389334784,214.30968653020767
8.17590319488719,74.09040561520715,10.90136156409287,3.6340748316242455,10.609204994795206,-102.50480610409767
87.35786241067773,31.627014972930677,24.853982092742598,10.184726514238275,23.305318798485864,231.77751856719027
92.08724005318132,10.189238806601352,31.694262176728138,72.84939338474402,95.03797514820931,305.7419452317374
6.107795985486375,36.02339188004279,80.8826323491684,19.96697380406467,95.83276864813868,58.32682266316682
27.687764814720374,27.039328638452552,87.54886503958966,37.12709205053938,9.77072753867585,173.19227095167437
80.62012797930613,84.27119021605549,30.246631746146967,50.16991660064248,1.499850037713668,112.34520395685476
74.82596903836584,31.334791758514314,85.86981212445738,72.54681684501628,16.110002325642224,301.90151666024883
18.45210193563773,78.89324717760073,85.72309373697911,11.323122325912538,99.60127833822483,23.818382447351766
20.93493233367103,89.18721448107347,76.46509503848735,40.636640527746145,17.999961661068685,1.148000704170391
37.0472102791382,43.381741957652956,14.669511401518154,48.50729091426954,50.254760672202316,41.43276851547891
48.45229851910213,90.9943143854392,69.0322846900729,54.08270639715397,84.8417726430511,56.75673950985704
61.825477153029595,37.73180539631929,94.50240645805688,81.83606413952167,2.040161068820634,234.3188264774825
36.891363956977244,96.40784164901082,68.2540478767157,17.16781950432169,60.44889822584595,9.686238802059052
46.25347161331479,8.928952452557294,33.16168491078339,80.78314518266222,27.702544886962432,167.40594876884563
74.74709381337566,68.70192665032427,50.05793174308313,69.28784276966522,86.23349164397315,164.04311754239194
3.66832028905979,49.38140404569287,64.57250433510536,55.58708141989593,28.346114926407918,19.20470241128433
25.243694434402077,38.76488054556471,51.05704087285036,69.95278704025719,68.67557202819089,70.32930892338386
71.33495858845524,63.27118787486009,11.995294173096982,41.20177389516564,67.42196324473969,96.63583363261927
89.52068376871993,70.38570916343312,31.206404465202063,13.839758596812457,22.149354885964,160.1730918170695
51.167744211566614,0.43632696503090873,80.23960305536325,66.57652402653673,3.4799199868350117,277.7906194667239
53.211348526531566,16.69530887471987,86.14180460955174,52.46723066856222,40.92495737853973,269.288079897776
10.717201133977605,71.30460506343186,13.730003271557024,63.93748005427755,28.91931519658697,-77.19929913803249
44.741236682345466,66.63854135782064,95.23867523987246,33.799878102849,80.89777496137086,150.9039676726762
53.261726645502314,96.60475051286772,32.88226178486093,90.6866577339836,80.03641884553453,22.284504760738887
24.247050363472965,76.1037790250783,66.231373873072,58.736986857557696,45.70239521926255,36.85689164696371
26.924323094938096,95.0772707731338,75.18251459566811,8.540248429087383,60.65122253232189,6.713014246216934
37.728416310462265,70.25405015348069,81.19462346378835,44.980399070442864,60.42595159869252,100.93038058034966
2.007119777772637,29.805220863944314,94.57497022259301,75.63560547436343,82.71581484276234,85.0655343207988
32.20791655831783,10.536492225085647,31.29195480288226,79.41345617322723,42.50024141231975,108.86826372055799
21.144800699654464,78.18238633449356,85.85064545515544,49.45970527637588,27.544667979050907,29.00710860771366
32.74973521779147,64.4149221475916,13.168690343620703,89.4747570831301,26.503491814054748,-10.919193511724288
11.976213181925122,4.818601239329623,70.50409063535928,26.766843719429755,53.61922792822041,132.65542674516806
89.0527280739895,36.005046590097834,74.19777295139859,41.05986972382666,44.91482027322126,325.70760901742466
59.359245355404866,95.67998154842861,67.77232412013204,89.859691056897,44.01207709849362,89.18903082546609
67.91023191444896,50.04011457102012,25.2314736135153,89.62567164715789,9.113733908970723,153.28611146183601
78.91712386073382,43.272913601970465,87.30431470152034,68.57127688246808,71.86037406901956,276.81124401477786
49.84421989290573,45.7699605159294,16.8858463370395,85.89805471222202,21.37366879819107,80.20474929476529
8.69202880874237,20.88827240051637,5.363479152083084,8.877326695623267,19.695363020872136,-20.94531601891549
53.71065418185478,36.87071708647952,71.74649906119122,86.49949762077763,41.27583202773935,187.5869968356264
58.68411180208791,36.98132559871766,47.54757152327337,32.061990655022676,22.77783416178014,178.68085540737601
74.54394741843299,5.2355020187472405,84.90980199586761,17.833151242821632,58.38582673080154,340.6011430155472
43.16595462296794,76.75676285179182,38.3397141058259,23.936983634204633,37.14633393344715,42.923295523031356
12.758030279556376,41.6504431903879,16.827858850771282,41.79685080138871,44.89117225927901,-17.97246778249924
28.377590579872447,82.21798868164232,83.64421924698698,25.119200460446724,53.716932160402884,42.63858593043574
36.30822963986351,85.03480011198954,54.89096316400717,32.0567586016499,20.353552248180485,42.6745020794918
64.59172413316013,21.199405469865805,18.91957923903549,13.497848607164208,15.57516228655298,178.8166946311715
57.077830466891186,65.73534821701286,72.03839985864458,29.617676555899852,88.04219028736048,159.45040445166774
35.60967258978462,47.22818041629817,51.111363848950056,57.22838145420012,43.372370283142104,85.02761064473583
98.65152487929797,88.0156737921485,60.431298224031984,44.185370809106395,41.209360963253914,217.6661691834805
60.577481935688716,21.57406791764541,46.089833820658185,34.67187612359112,3.561215027284148,216.99921729427945
23.72267917359945,67.78132003100443,82.87089838180064,74.6452128857114,49.797630258739325,61.99666473724626
10.178247262040374,60.775212225272256,82.95627156830498,89.3509971393318,55.416972161100006,9.873895461068052
15.285913918433202,29.53014775718328,70.93888218243862,75.6789222902397,55.88408709546665,93.3882941231521
24.595772838450813,13.660090365117261,10.540137739646227,33.200070211767915,70.70311693228844,74.58194487218701
16.06813732595557,65.16397604772766,83.88538619040689,74.44421678375537,17.748183499101177,48.97934749829901
18.656702405130577,73.85974581323308,67.10129805329098,15.19801824740512,25.22231342306188,13.360951421154512
28.50951686938471,31.562734376335,69.70241660042996,13.031798809129091,81.07304652304127,109.73413741655388
17.33735952947548,64.48326040223138,36.298284040387166,34.562703703615895,94.7170616843394,-29.711566862206148
89.67654246264252,39.51309076115032,87.92795561570067,80.7702369044057,13.593274736732063,326.00895560069233
8.023374566164222,71.32068832826177,72.53716002348575,24.634824724230185,49.76495545052182,-5.66168015493331
52.451138957025464,19.92152748940531,11.259046652919446,6.325340889867959,21.417625273958684,146.54559967297396
41.03968269896615,89.02150026361744,40.77780344061627,13.170953520635509,6.007316835498244,4.794085179127044
98.23786169086064,28.74095964655797,88.63803619601417,85.87449685295802,32.550333812613545,374.24696094022534
11.203890216805235,36.77859877561529,4.719670169737899,63.37832847472876,14.368762518421274,-32.702279226895094
39.785559904574164,5.8091952080349785,96.14166196420496,25.320116336997668,70.99330734342463,242.0813548789444
96.94704332753689,11.15122123212764,67.91625683195628,55.52958253281813,53.37254136714444,347.8551594553423
86.55071258939803,51.58619027123281,63.13759776433766,52.75796224253504,14.383447099031088,255.49625079353572
81.707207094928,26.75926767279715,27.05592564879914,65.54359784406613,0.9241588405514367,233.92644649651652
25.790282704493983,83.54802257421944,24.879178873917706,23.31875544216163,80.81570490242127,-58.58817914508208
17.088758739006582,1.4693388654953843,94.20582194885955,86.44029871943977,17.619440616424754,173.44460084415965
66.8643219924431,37.90940486719362,29.827245423412275,30.936856208001284,60.621664222076596,175.81241952214785
92.93759891275857,33.73455467690927,77.55052967189994,69.41316539762369,33.692191307674555,325.01028115035155
55.67628930139298,1.9327630917601035,39.31217982070792,1.612464637221489,58.54859383150356,227.70035867540201
57.161268946989985,12.436839900051023,13.925407078470398,37.26571298941472,31.565362698232402,186.13872296269108
27.997909366028416,41.36426749186353,1.071529769535895,35.17098179588083,8.693956069225417,-18.54182103453501
76.94929331919369,49.28645844474466,54.42573370152508,54.348442858301446,22.29500085577536,206.91755553335574
18.704374855752338,40.42897472548691,97.57788185489326,7.27362617771965,18.80585664790756,119.52824176550398
32.367923640424365,53.093767841209385,36.91361938092045,79.01313737261083,42.80193524396439,60.83492605170151
42.54364386164168,59.51316749056815,35.719233399304485,21.778080176756852,65.82837834261574,45.81941651068061
50.7610378684455,0.992382112783563,34.40916178494421,67.70378148820102,26.380607494635754,221.27070231399176
24.240973241508023,46.409515945350385,52.054383730485846,80.32121232440932,1.206993530061795,59.344022445214975
11.483682473920354,96.34992408875883,44.06648834242935,56.18769562415131,51.89373642647569,-93.10907485945113
61.06200424416326,51.90322801295487,87.99146267270145,74.08832067219855,60.57594893589721,209.38615308344313
28.863055324025577,67.75422674589532,50.55207917234903,66.18603122150056,96.28704940018096,22.546200917009337
58.123822142261226,31.18638579168832,50.77578381885688,35.55297971520076,58.94708030932468,198.6435381643839
15.436271527420232,77.39913781527625,13.83715947205566,80.88585390335653,47.117255937814186,-98.41892938103271
48.114010185481746,77.2921481876115,98.27395409103859,29.4701369885528,57.34016258977038,140.62280713421865
53.258943255158584,52.129604765413895,24.99728908688297,57.12129177515172,92.7900629862027,89.17173720790265
5.182353682242691,97.60138232792136,7.336406745960266,74.53977391415395,82.83781456016463,-176.27242797531522
33.660427819392055,12.555021476265338,66.31462489752089,37.89559098125076,32.2978733363808,201.20292960876577
13.441467693897424,1.6947664889580993,59.53663701568727,30.276760761742505,23.725436365713726,130.43033297484158
6.337497047276774,77.0158211757096,41.514565399274574,45.934601017282276,26.263361236607363,-66.61464766406557
98.99602323899452,80.71555373648826,42.2192233880678,81.79634943491536,50.4421039715213,210.26356513279535
32.235384497472296,12.020722912057625,78.50639210464311,92.99217631456648,74.40494512285778,176.21079637208084
80.98744458546349,26.55828329586061,19.571264009964906,54.50834128598901,50.32192071829621,236.72558227083692
25.464065476376383,1.755236336662891,82.02533189448897,66.14662053236519,6.779639582811258,170.83014981258606
68.15027222239293,29.33086107805647,64.87471138950181,90.32736222389141,72.3580700439981,235.41349749493335
76.02278598896865,77.31418739186715,41.89697737795244,9.85468514129424,80.59701286709539,131.69513251831128
59.56387406078443,51.79605277125789,45.80286165838686,23.207857786616504,28.949786511971965,149.62104277712285
47.15761885501584,34.80955931682881,25.66472071860958,70.89000062515825,66.41257392833504,112.53800167071915
41.18409141472685,37.17392949063303,75.21143326969748,82.37444619122996,42.659190105439336,160.3534177604768
34.88682665429953,0.1353625715468154,51.287474230526776,85.70290283305779,88.91193557274428,181.20099271931787
92.95291442478259,29.98005275652359,32.08545427498436,41.51071768549326,84.52255581607399,257.24658893855144
83.06194077877291,64.64587416379305,59.60501157609502,8.933990229186684,52.54319983096423,194.3292674280334
96.50269106665125,97.41944438163571,99.5734452051323,43.778147729961994,69.15055458135944,251.29446846774135
12.429722348554472,84.70608269838995,43.52622796565539,23.07345902070538,88.33497010221039,-59.896595277271544
73.08674752036443,2.3594964645529126,92.06914007786196,29.11964549966242,49.57170100782755,368.489903500351
93.83404568210378,89.85606046748393,34.50168399245661,77.22675568375058,31.325074048882197,145.64237113187627
18.123306616566015,78.3198413298626,5.4732706924985886,7.552708602588687,75.36661379095813,-87.13170466827003
6.6496267366777495,78.03761235709804,20.424210636842886,82.75812174807021,22.00662547846918,-108.32709583254581
74.11206492900591,45.79957590035715,41.86951433276842,42.76690858241691,38.8531148006042,205.44606433739088
57.44731131799119,39.80052929545028,21.963492859456903,59.60639311005951,86.57272371067937,135.9057424190398
84.1828776758272,30.29157288331926,0.02270382182555375,8.9652231235679,72.4422340269315,194.11163698582595
13.97723766262895,6.569485895436578,91.50015377475272,33.735907835727964,40.381100524749925,162.6476702924829
79.52673118598902,22.82353634936991,84.3879411230929,8.970091901484578,21.47445024083574,329.1243543299492
20.162732004774455,24.66036349780246,74.22922314869471,96.15437228811096,35.59683908322365,128.98034897432618
16.36559428657045,48.40770697102016,16.781459564602862,80.72616493262504,28.4104149227433,-29.39084575628651
16.426579793099293,74.7444406596694,12.036357620998606,45.963275435646025,17.608928794385392,-95.43259224333731
81.45747202313821,47.38098283979466,6.760474947238315,22.36025483236711,74.33329135656567,156.86583380386483
66.51972206962002,5.784444944716061,72.40291887729212,93.34551052498522,25.20698868501715,311.7487927888483
52.30654247691193,95.77898009882038,92.88079606878853,34.45965957269718,45.416747016776384,116.14773292360817
35.88304841235025,94.27243190941122,43.053582091303696,16.098443168737475,38.585944683610904,-27.438620141521966
87.72005408131082,78.51895431484084,11.914067199604816,56.31643884539549,98.20773786356308,112.3157802546588
39.244510742263536,99.13279015642206,51.23928207321066,94.37741203448161,39.10922441482205,9.073713520557332
81.65994394715771,54.448233280026294,34.88319074586301,0.3830290500322575,7.9982482796754795,177.05179235263677
43.91349085702184,96.27683502532061,37.48249243499977,23.812484325399875,8.982575257208403,0.5034944093440572
37.69444294249076,7.560504061675077,62.13306241557073,93.84476404104076,59.07537213530648,185.00120217411498
46.26797856696064,36.568074826137135,71.87181132622024,17.108596685716204,59.93635517382656,189.64595228315486
30.13778741641421,22.538126800676583,11.060359887316086,11.324345163981986,41.875899048265495,54.2234004874848
74.76093801762511,19.583308413427,3.5590230806476386,57.01872157998045,43.184369231202965,201.88834714905107
50.27203900924791,14.08029488926761,99.43303026857149,86.18438232948299,5.393258284087121,273.6536591926694
23.22126951468173,62.241364156599666,23.272834891555185,47.71098176939261,51.654651038926225,-17.387718889478496
89.95745732745685,78.1321855747305,5.383052490845907,99.45642566845248,50.47394753803517,101.97949375566442
38.38912213732114,57.82983994203607,18.987532909591998,67.91716995379929,14.954931855694454,5.95985236022209
54.35528611139886,14.696270958820968,3.895784634846422,7.407490721044773,10.383938611092757,137.31133396615115
90.6472110964547,81.11237699334708,39.181089461717164,99.28321316819753,12.35724905994905,170.95757412941174
62.42379959139921,63.59547071637285,80.24017844513243,40.78942367801904,10.102824649125852,169.18874673177334
11.689804070836407,38.81657061269955,34.124444975772064,28.740253384548254,60.97081955367598,-2.263995653995204
93.98321236134751,67.4130295536063,44.418340687836654,55.787918357788556,19.648265240291863,219.36581530684626
62.770805307141785,25.990497924283286,67.55867735674389,30.43075918208643,25.143015218746346,243.2979809125459
33.49056146570861,34.51922084942105,50.889407006988016,8.645750712015232,17.35721441514397,106.38994260488647
13.927207266338726,91.74858431319902,86.14456860213242,0.14283430791767193,95.7835304448503,-4.696676712322464
79.4025189270296,29.05045056714204,86.60356750457565,44.95833529202623,85.46174631518355,298.2699839464667
62.00727559285135,46.99882681579366,0.9910695491153643,83.68634222265922,23.049483735152087,89.95142829977006
53.34610919763215,89.01411373960147,77.80463064831991,57.231518563007654,32.7566293922126,115.19582214401012
89.38925830509577,70.77213502675275,46.073360024167386,99.92072989434408,20.989284230499717,196.41676619743103
78.85972112245308,6.220322616470275,98.88405413036631,28.68466456472,49.187595946082375,373.72772447583816
15.167487973275119,14.730304427897034,48.323207587543514,28.04550647600553,1.9610532474253595,111.58613230502397
31.172206779554823,0.7841590771916818,98.68959453882975,15.97494602339442,67.13680088967958,225.98927233403805
24.848913981446575,63.09217902291634,75.45693612057366,16.40635882653352,52.31581498176416,69.51209174578864
74.3946292572677,44.767342541041835,24.860488461330633,28.51865960100478,89.86389283011033,187.57979817979634
3.353243473577938,13.427485090227552,53.83949792869577,79.28400452735272,16.439268432841413,60.7154278683369
56.98896848713165,95.79341210567705,99.21356394785828,90.57567906364478,80.41092460611317,136.79673504037672
76.24586857406905,52.96597239456199,85.75306077519237,97.50871697076813,79.19610144667158,241.61505712376268
87.67656367617495,24.189329411288917,9.73668937912211,23.228965409645262,12.718118921688692,222.38874231895662
34.20817487159075,50.06035711547076,70.6371996809996,88.12975456140917,39.85592241441276,112.30927406580646
82.12573046720128,67.96203327351078,34.5579585870813,32.82550892773371,17.01526411445169,170.27572946631014
11.063173695520723,7.623921797356448,0.6982261880348117,11.28405445168844,25.47205004575489,30.198381897963944
84.64522917345182,27.4703815047892,40.34809690269996,87.00249255201656,26.324617483054435,275.213355734222
12.748866233198243,80.69654908839937,23.47544217249713,63.61056346436186,55.623639402577275,-88.60780180401012
39.72872905603673,45.966487040266124,81.88692705204716,16.47308960810617,41.14109317604655,162.01972121737455
79.72953657795536,54.65771420322949,33.733060884576545,42.98312575130026,94.77328040063054,177.04972421978044
14.991742734877377,43.28160022094693,82.7523693953817,28.725769487706764,12.637014194700512,91.5614949716935
22.92513952326415,4.389994264300512,0.05979388347953085,73.6794568710197,97.36921348501988,62.160008844932534
72.22525683930662,16.574977982015593,30.781915002611914,45.341623062426805,23.063864021426394,234.15546612862582
72.00365365460743,44.554163874189086,24.116521430776196,98.9279945106385,77.2873936381853,167.3124941018288
64.11476328852973,20.918546540792782,23.3567361068611,5.474498225959512,33.89699261728214,169.49525084631716
69.39484444671,4.997902865967873,6.81866197654627,35.50152661362467,14.308139541731391,197.1755019844059
54.27244433475962,84.36496640518237,18.712427041050173,48.19001671099774,85.788918524624,23.18145515366459
25.179905890695274,98.11925291641158,55.55495698856199,50.31335547483198,30.88608992364632,-54.23914347430604
34.56959935039195,79.31428739967394,29.13610728377445,31.593582238563677,65.88554042268422,-2.903504790512807
18.159771680142565,85.3784921704667,41.73947823291479,72.9240249097568,56.64436850866266,-44.9528922882521
90.84505613336283,24.197713031704538,37.68668803471885,87.47470734889747,47.17563093908743,283.94147991753556
58.339179476612046,96.06269755131997,87.59049249998945,93.8719301977863,49.58194726485391,103.06654194960113
40.08514167636399,19.692570445342838,90.52989990105155,80.50933767995262,73.22379140922875,230.4665233786688
46.20058036441327,95.14298103618323,49.295697165586006,85.05801973065994,8.777291412344058,42.63143116643594
94.72833396118153,99.4819293965951,33.01559503156044,55.05453006199955,66.81806619579052,136.21530391215478
15.33514031160802,71.17228057460487,10.680070400236364,82.58882264268146,89.58121013985787,-75.21368082951876
58.62298320167972,98.1143731791822,95.3402879382095,30.350390914795224,5.778819701986415,124.66802170194948
50.5888678884466,56.95397795671037,6.022694490029745,39.84787621092144,14.065333923366675,52.19638137695168
61.14542354346478,25.954178317609035,29.765027756828044,31.69130138185443,71.66319367020314,174.9798680641544
1.8110183820840509,43.699588566562085,29.806620117000413,46.738733544792545,43.72816482446176,-37.601834209809425
87.21239089441515,59.35609353787859,32.04012861402149,28.557961623863637,40.354862081368836,200.04235453349418
93.21182824836124,7.308156202701499,16.428684327240926,96.16114422544469,13.696663454423586,313.1184404495065
56.51331835892089,62.234326461724606,78.31614309236971,31.284462800566814,50.67700407177881,148.54480444785065
69.66508238768922,98.11778367622945,12.249786196598922,9.804453811093982,12.654531119637724,30.096234261477505
92.24993811772957,19.010764978372762,63.49066591531628,52.68171660504134,47.66204563105404,322.15967841709676
70.72386343133986,79.25951162883833,12.384602670581746,5.7099078445176366,76.36152989616566,88.14972002797641
15.253904291426135,90.78987937796194,7.053563759295656,11.054316630858052,25.826435788716353,-131.11507993590098
57.62883601668132,94.37015928202209,90.94295036858765,21.93893891962463,48.07861681797273,106.12860710102333
60.67150463828559,96.01356044054472,19.01287663187057,46.43502498821417,99.20159693968357,24.888577970058904
42.4130671302386,52.14596387214719,82.12501545597043,43.32509323090279,68.66504233540373,163.5779079778082
73.64442356247228,97.73079079915037,54.46308711071358,79.96918620027913,84.13567713051987,113.80229844079409
93.43670147690149,75.73102071344388,7.78565196087696,73.94746538841133,41.484760656054576,142.57451971795132
92.55685129067763,16.16714362369619,95.54481914380675,42.63182939907013,76.78609231258552,392.74490456811054
45.08393714041321,47.690010646797,24.696116699189254,33.37042075756299,4.050917294132184,91.06437180468507
11.323804584075525,71.8331175372004,85.96453453526065,31.64687840614986,12.291118254224498,10.509987780575255
98.48411989623345,24.734031581908333,16.88100057845642,77.3995087294009,20.307059292006212,270.18732635170517
83.88980864459342,64.06151835488873,85.39428821418528,5.2072406221269745,40.195192461521955,247.11092006018538
12.466268120326685,66.66004790466192,1.3228812905293985,1.2821649510605826,84.57448783257632,-105.6156225854668
92.08418826173724,16.26997438085659,51.178045656948065,79.5544391926648,34.62660507879305,317.1959319147526
86.98963620621282,56.50853124527563,76.94425794215569,47.71463759890493,65.46211935154629,274.44544400114523
51.88380571260721,77.16269109786077,93.47955174927833,13.088113855357598,70.93142948034834,147.21138404994483
59.127543574492925,49.88956645359419,90.92021362064871,23.556593459450127,58.61823540883414,220.42692324834547
39.90027038701302,1.2103116776107425,81.96248695476449,93.25039530973825,35.72419681701362,241.6886743544975
5.476163882203133,0.9038469079292177,88.8191349661304,85.9502975624898,57.70533417135443,153.08273810723247
33.519724164590095,35.702934397001215,19.92196858370765,70.97850502239726,34.22655927897462,51.030353151848274
80.28534485980114,92.6194068431782,28.418429571172876,48.22252303373266,8.387373855201208,95.14976639053404
0.4632023004602859,22.867677960360876,28.89685249210585,52.032362619138574,99.28039781860144,0.9195720885046499
33.34991716911442,63.43636888716871,37.70539310016988,97.52445352839587,12.718245363251091,32.510261972079554
39.81686935909433,22.207587069332057,39.33206703851887,96.57704438842872,7.2348383836057355,137.2354130456159
53.73956029379229,32.16699896595486,54.45553246546755,21.526904578583427,87.85307492071558,177.1846288275047
91.98556164127605,84.8042089601484,15.987976336644138,81.11045663053181,30.183466089289514,126.55599749719428
34.634599436596126,72.88614422699469,69.12466637859893,19.72426661670168,65.02969740735077,93.39622225414038
34.69532018962277,9.539927731321063,16.75665393045065,21.35374778839514,32.90057296622329,119.20895873122615
73.75012481097484,42.87020209864336,31.030848210454753,67.60930341645768,39.14542707944712,186.18771731084612
45.221794088980715,2.916976364526447,50.33451306061541,40.50010985875484,26.21129720167965,203.00111414674842
22.460482293998197,48.0890146603009,79.64405615234773,93.15444071065203,34.30440057930102,86.15731352047563
45.24395161326934,66.24340117010681,73.94692332387272,8.900973489600883,41.070040058654314,112.85743154813393
14.085702037979985,11.850262359815156,64.55343564105223,51.152564080949304,72.04160690923429,118.31502329175483
17.63869865062233,28.888493890916568,15.577326058017016,91.85215304431212,51.15361942347918,-0.29925818357143186
49.83677727394797,39.783662550215695,54.70453456155777,90.41136604795051,94.3565217156977,136.30591261000234
41.89254495045479,91.95310246560497,8.744650179988545,15.652921341574121,4.188039383877551,-51.480418699252326
91.48459010681,99.32550154229641,37.73631767966508,36.663770009645646,50.306832263202814,134.47863812312048
36.23938991166331,4.491129899561585,41.35165302899592,61.912140004669624,58.42247888317181,159.3706580078421
58.05883502780434,76.1007923495392,3.9811439445753827,15.939488477140218,92.01969860742739,42.72784856219253
63.22642879195304,37.17240664023432,27.398809946997183,96.80221720457386,4.915852362142759,141.60872014592857
1.3094456588333636,39.245818622948,95.56494672664894,91.47493287276603,57.349958493521605,61.2706651245438
66.35373720167107,75.42649733470228,95.36326078296895,16.695017903446917,85.3629928527957,206.45402551997307
17.803596686975144,91.84264321454087,35.23270542525393,12.115546126098542,24.192772811923657,-76.11424498352392
96.10703174694551,95.09285945025483,4.310010894832406,8.54084828082653,87.62923485239375,113.44881851058706
14.866272775311295,57.712258603832076,17.909493932818155,90.94436640366311,1.9043409274291823,-23.448988549808394
41.462412372702374,35.71211593005028,39.221779343354015,19.362380979546078,73.24546291337298,104.85763009401936
8.534966807864386,78.75490858587793,94.77796979692297,41.62849285443547,93.3113221168653,9.268894569301436
99.68742518459473,25.100138326230027,14.119906353718491,44.8851365652003,65.71976616400622,267.31758942259313
50.21950103312426,56.40740288335178,76.35158436682123,59.901104421356756,43.902924398044796,132.82514383806833
59.53850173200438,35.85784615248732,10.868253937469207,7.173534374742497,4.488101647271803,120.09822575968262
6.7076477388427485,65.66310737078761,98.12575773912768,22.675861740051594,92.01138133226287,44.79598695745119
74.99604703991778,24.03989128935069,38.161649910913496,93.1490386918926,47.02962226915748,239.55672882554464
20.990559309558577,19.159294573482576,77.5234538899056,90.84101072685695,2.899674433594801,147.12910131044907
89.80542894407138,91.8239086675437,34.259108281113186,78.12906474056922,68.9821071328762,133.40204211240152
20.513964048200716,10.18036829495369,62.76688771588087,1.9401245618215435,48.18372535762582,128.77051476845966
19.068772066366655,50.595790773493164,19.201608474003674,32.70067684961021,12.434531744241074,-2.490295917894647
3.654966784809488,22.085278296300892,14.602101929696254,62.79587353429078,21.42718093102596,-16.275674807205633
47.206694510999924,3.892996332566745,93.80641395681313,27.519021177347568,6.449068045584627,277.48453219101816
56.48411332626164,3.601881829142639,91.76472779044335,90.95866950537773,57.429353970857356,301.52901481294003
6.570863942835237,17.522177210582733,88.74689402128824,63.38894618324419,62.202947925200924,132.40574860184378
77.55276166950105,86.67703545060003,62.543345016659345,7.19067173164456,50.574229835544436,162.8333552090157
45.32888347480276,28.247874397702667,80.82682112162783,90.9005588835703,81.71021330026149,187.77854710477348
52.439026932758004,95.04591705752958,6.903693691137491,95.77666581762226,86.10088213080135,-34.2947444478293
44.07627469382282,58.16222929891936,33.47890418906792,7.771241839172549,61.56243966831266,71.91181994792295
40.0763060875326,43.66141897687661,31.37031247571562,53.23602348613149,1.2756479707430546,79.31817254862635
55.96403313082179,58.00888346694546,63.56453219526132,30.336428221417044,69.52296557477356,142.66941291192876
15.52402459307125,51.669838522626776,35.59577734706405,39.283907648140236,41.799921692035156,6.782341594500981
18.19281304952711,75.87762537573252,14.85067816436808,17.965121795534188,56.5557483226387,-73.02620053544247
86.17856210135173,28.249606597285226,59.646707541354374,57.807210201241254,64.90806020188845,292.0311082904107
94.61154621336327,35.30503916003024,81.43839206690815,95.79793532488907,35.02366143270768,343.18043482794207
37.330931627975296,89.40943025332507,38.21234944599732,50.30726002716091,91.70985051717942,-13.258631403163925
27.074467314355378,94.64565131504055,13.22687150984817,8.291458139448116,13.39748667497812,-72.54240356751717
64.39995432390158,89.25582274864745,19.668819731282305,62.000133347740835,67.15118072810374,36.31097083900325
40.87341710980964,41.94479939573136,23.7483305169384,34.022299445125704,0.43595799565804283,80.92243897679468
2.538635566034486,78.03655030068816,29.989759299453624,85.59251895912978,92.46511054051808,-89.13422656749398
15.615259736619036,47.63357333010988,64.27950705063091,43.467814831647026,11.25041332380915,34.22493823286271
71.59722288473975,49.75398521461022,60.0945484537719,19.28396089422456,9.488423014757464,201.9921691471322
65.89239419101514,20.468010905728395,69.60798615670392,19.110562269114496,33.30076330522442,272.5752139255001
2.709599250348349,59.113030325851646,36.25019845315131,76.87641807211604,37.35662860390806,-44.14951974362103
22.197216193294945,18.613589775334795,82.39976518799783,26.55875983073599,21.430007232287863,151.24916080732956
23.10747965880714,33.15646990671938,20.40876611557603,76.7233394159223,58.51216609271247,26.275937399578112
67.18927435987284,85.50302016199352,46.90407475181539,20.58873107665994,44.291409804196356,110.47725310666219
1.9710537754364155,20.707580921085523,80.09387215414303,32.16863687013094,3.4175589041087417,96.47429874116881
10.410858198457385,7.115828517343282,18.015864773261924,46.54869724396994,31.965206225530064,32.37808123545453
79.99160853731894,6.90075926128163,10.986311374078294,94.31958496934507,81.04329135731705,230.6136376608472
17.85446620543336,94.07845205031079,88.36839676879897,93.17314247538246,68.97015348618686,0.21165648871296572
65.27461078518748,50.69204379618346,34.29296627591959,20.68718754222878,72.48708535798805,152.17280051136382
23.81827810467265,40.941207181701834,68.3870124909032,35.82190412430728,69.81169240835236,89.16224783466853
9.944139275934516,81.08785810079185,2.534860426393848,14.939938845377231,31.097302138303327,-121.74806953436588
24.317219099945408,83.5825927910516,69.00468884094497,50.998507931349714,9.966392207677588,2.192138910776663
72.22669318556592,33.21910331156046,31.61013115469705,46.05825506946666,27.2467184033096,176.51013367488508
85.56964681062857,69.36180574737952,5.574085358744174,90.07601624507325,83.17853001851593,122.10744625191697
83.02198645669915,77.11228158518865,60.9812761548117,93.00053777910726,98.04707977830711,186.94563189706872
39.71835296184548,65.46506868659546,24.080381607317324,38.35673910072921,49.38470147415613,21.587094324356954
66.80851365706462,15.159507480009937,38.680724205188,49.173794301898944,0.970035492304222,216.54157968236115
20.498429541582098,87.5883083517057,8.058081228651359,89.62362491461332,14.004481213422903,-119.75069599447625
29.314773026101328,53.90945527360087,14.716325109494532,80.67078077450614,32.20805753162658,-2.940991848334943
89.63358185211197,28.24724263700037,29.797723549584376,0.3656311344649277,57.85853485929498,266.07940332320914
1.3001923510736035,42.52281854376939,8.975950056015714,32.00595641835825,7.509364580531397,-55.11916055615757
8.550853085446807,3.757109039890738,91.08262646863152,42.17742419361259,94.33572987098816,166.63941472089078
20.78862551460273,12.786680122241755,0.6047043183978418,22.97162836832317,36.50836732844007,29.54047742543592
2.6532203873819715,76.55467505158609,48.38602188643114,19.957161589593873,91.25842179248231,-84.10771934768319
18.143543508979732,0.0011634755366141114,12.324745813255145,3.7784506595679668,78.05218027570217,77.88176844554764
58.304156096969216,41.65658284822922,30.767908947794854,64.33697250697605,75.54372725155811,144.10216613212074
42.1424550592498,52.251018108558846,92.60595598182655,26.251029048316564,60.671957978223205,164.8359589853765
89.26717110769748,5.4634420000972295,16.169455327398687,5.234717843131309,62.678381705184464,260.9881795716184
81.7443561738441,97.30781629723329,96.58323197183326,23.097931052806363,63.80032352162481,186.82343803598093
34.1817351697876,22.612533124967193,20.579437698942172,80.19139528361265,62.87213870255821,87.8924079049819
25.94234334312925,30.419871963628086,74.15661084668295,85.14891816465466,55.37282313983612,133.09438431846027
37.96924081672669,30.39425122550273,54.66772648973117,48.30662451933026,98.6414018482889,142.79388335979624
59.02949425148078,23.04166621173499,88.44787275967592,41.607067040868614,73.22905674256961,265.11949469330665
26.806364082287626,0.1473822086311416,55.399325550313094,97.78536935017817,77.69463883925212,166.53115422045258
62.4148907849134,72.93447940879963,53.45592191563087,20.05646595880699,87.24628150836742,122.40825099419827
40.941165219124045,96.68454997992853,19.54580003683999,21.535928285460848,21.563976272584917,-34.37071050504012
55.204718085198024,22.429348328504506,16.62293620516587,29.186717703639975,8.380415909506079,148.81851842124297
43.61265291353167,66.30471918034225,91.64891511155142,17.275731828108732,48.28944365985986,136.3592696477105
29.44657595419177,74.18963269587151,32.78381988500341,37.93655982041866,51.40806956192732,-13.54749569303641
94.84533069621567,84.84253790905247,37.20822549628959,91.08342269897538,82.91817799499177,171.47616876540127
76.36057941597608,42.262919701360914,75.98236584283885,61.534784062857426,44.37835792823357,263.37536139785743
14.011317576645254,30.293090564042924,33.882348242280734,41.19465486122637,57.08530255443127,34.94604785425163
86.84679758979128,32.52951340230311,95.20624466390028,93.44107945712148,52.70709385134583,342.09899714407055
48.743119824951364,71.26213330985128,73.79277689988002,4.846423247582232,3.8202783757391057,127.82147681848343
89.45522268940914,81.6779466505636,59.742924257342,21.027617790186138,61.5214896596914,197.27580038057908
79.98552559473153,18.161396775660265,88.08951605447525,56.5888605101759,82.80432857742522,329.2780721098554
42.52135044692334,37.09410081577652,4.960590834948276,61.55526231931792,15.750054807580383,69.65280382158109
2.24693083201174,90.19401967491501,25.706269218920873,3.9557506562613143,59.433173392659576,-148.74982640210266
26.867735938494608,80.66935196947392,46.50363342209099,40.30387579071322,59.36105444464144,-21.794179797720396
54.16342146608669,98.48584027624759,22.6978539471521,64.91539648308728,16.418496405635874,2.923837413693753
63.347821982614725,75.42482596820807,74.39051873021519,69.80705464034016,12.346357373073602,155.9435587846166
25.788768543320227,39.319520102792225,91.92080310537251,63.813990251626926,98.00519429764847,124.15795784739507
13.935607407282413,59.06378339946377,42.37701199309234,32.05632243609246,39.371916965303754,-16.583401397309295
83.4930236799299,66.10142542473203,34.2132600111895,9.352012359790951,22.742172872352928,163.53527188491333
98.44021807035521,7.845581631712395,96.15507321375662,42.71124464193341,17.132454445437496,418.9953375394598
52.56901823026858,54.44969591038651,44.485243282754084,12.875443736805547,66.7601713583235,124.97150555689333
17.16792858483035,70.93208284726096,48.90484004492832,94.76236585206671,60.94452973272788,-9.938065237165866
27.230732651936897,16.732130400106037,35.164987234190534,47.51708660226283,64.35521229874175,100.78419620834734
1.8390676547466733,78.06317174255571,90.95484730121383,31.725917435686757,8.800602751145226,-19.636488840199917
91.4298806560499,58.37727805141116,56.89554832818507,76.63040711189001,89.35345834984369,229.38191165540354
11.775108289014113,95.22217856975946,76.21745871816447,49.79485925822639,38.92663968090483,-26.590994807410418
57.651647551425356,4.24222982068917,81.18067183508863,31.003402401245005,31.336940643035792,292.1626297683799
27.4055220687206,26.5326137555467,34.18490419172582,81.19677423908017,46.23614472477392,73.36200394192574
55.417800251579344,60.15538792998241,43.369433132038004,86.7152151001122,39.00660657476283,118.19276956907913
65.14203883518643,29.65599122059307,84.84717744062647,67.3008166288677,86.35770031391459,262.6826640195666
82.97418037072016,71.44241640712423,36.32553516758102,4.6964422407667294,92.92609751978921,157.65491600066014
20.64212717606032,75.9005282521931,79.39351334518513,56.632288016653206,30.34532164496062,33.56771032446849
1.0995828658480478,10.251596406647446,94.09923225744372,76.32949119972817,86.39358074599548,116.52942167128758
13.688563006880727,51.38544642067677,62.3210373068007,13.650301208358218,78.15231295330672,28.338786944388588
90.00186418481051,50.889055559105586,74.16272874518889,22.867075138460336,93.08076723447618,280.6861851959992
87.38900775625153,36.92807702155411,80.50973120411349,88.24951050681365,24.575031218588784,304.0809541029644
59.74131021703083,93.29248625696721,84.50396488966425,2.0121721853074037,57.695915012097906,126.08575757432966
60.051686043365336,82.75063198732212,39.505333785679596,75.2727137825976,27.454458474044465,92.60245987075375
66.50366745462554,69.72093819096368,5.126345917599817,47.37732925144229,82.40944904843742,60.215663532277574
17.53712786234496,71.43266357349975,40.187627123673956,44.677215883960685,0.5324190571064258,-46.623755837494144
91.44119459249598,46.17161438131191,67.37562297840898,0.7096532494887176,56.48191628863961,263.02638780771497
41.87705248920731,92.09945210965759,45.03503857807928,81.93982309664928,33.9203431271918,7.48012970047585
38.31385282494975,69.45954272532853,74.89631508603985,35.98249006365665,32.268370707782026,81.73529975199011
51.89177052828376,72.89810616558164,35.69824294686639,54.07656313005429,64.4906323864917,65.50506868465838
4.696596677505505,86.16909037873452,63.474414110402954,67.73006863356595,85.1484449313994,-61.710792839087105
16.628336875607943,27.4071589342191,18.641980485397458,70.26295764379158,60.91953913933262,7.001495020340851
73.80336164263704,80.7070903866703,74.93694366449569,95.59800588260723,85.31729786467224,154.2524813565
8.279866792512646,19.524060295649203,54.56959688130259,53.13399532366091,26.459711188102997,70.60520751165437
60.31521094663882,34.53419522448878,20.40643885466006,39.97195509744276,51.95018547649811,143.84118902012855
24.534910968132095,33.56104542698427,29.191117349780725,95.37036264917079,45.0536539067076,46.01113809143332
38.929561404197656,97.85254683891405,74.86087085818323,64.21102350255211,1.1644899503096218,16.80346097071667
28.869373677069987,85.65372237479268,48.26012356615207,29.81503562765556,55.68121431407401,-7.595225741497384
35.567271646494916,70.11698615902597,21.60314403930722,12.646424540357115,66.1524324146175,11.591554134633073
71.90459051842456,72.70567616153902,96.72711903702977,84.25545014651813,59.191440441907005,218.17292218992952
29.7121715623175,56.20727944025711,71.51250198168879,36.21816027941516,73.62798987834215,75.51596987332081
56.64046402968972,94.70906671085191,95.71348325397962,66.04697213644312,57.13395284530771,124.51900520404625
47.60504021990997,49.62587528823615,42.71050453603432,47.08164193658981,6.675025485075691,93.96798607797223
66.36711653626482,38.05177098698945,47.51003406917205,19.892977979503833,11.644552408471142,204.84246587696157
93.6829739324758,16.3035336931591,89.79552161850192,60.16866086204651,59.64745775439524,383.9535801841575
73.25720972102503,78.6205652261058,52.504934024538464,6.068306895068232,27.49791919736402,123.60633063013887
21.494037859075675,73.44439320755914,70.72789119056672,41.334245987119225,7.964512903476583,20.678420343522
3.1183135061284672,38.43550385241349,25.217287749552998,54.661493966367104,42.960274344854675,-25.057120459769767
26.22640442998251,2.519341395922936,44.67264687026405,43.604697411857906,55.43225980836554,137.3190245937425
59.507793070025485,83.89973277180107,12.34498658103551,74.86721752509908,32.87459883496066,26.48243632362584
5.1425813484250344,1.1417983454073632,20.59800358769617,82.79249545453125,72.04337022257779,31.797130665531917
49.636624720123635,70.3699779629051,0.0943415267631087,77.1243074033178,64.37706081012446,13.97684039552195
59.68428489168892,97.02571097260571,3.926505164866023,3.881294781180211,33.281836109167195,-15.593501523037002
33.424389081696084,43.766132814820345,97.72838231769293,19.41287704459722,75.48725289085606,137.7690213219366
77.09122037458219,23.497340499595275,24.23536951367623,53.66075092637743,64.86950425330355,216.91946068836643
10.65982531337718,70.48710100433817,66.33107095040019,93.48220404438013,63.74453787179021,0.3133775127590006
7.513778173580876,81.71281420155852,83.90996987996115,83.49567750521169,55.342770078706806,-18.888633528432152
72.81887562036033,54.64303160778473,55.066045923656425,84.25345083518016,1.1389668088552796,209.14948238223138
49.549131620619846,96.70352752561462,15.31445000839562,30.32081937596749,69.65071834768891,-17.498305691291097
68.84023964277361,5.166872165796111,72.81164373361663,42.94478970787026,37.604179110915645,308.79202181995726
43.48273386037462,50.479559830452814,60.025141009958304,47.070594731593744,94.26097101586556,118.2428107759796
24.640203323910683,71.845394732255,73.12505893473751,15.737158334991042,81.79847710772053,39.23454683168539
81.91023176741997,86.2640471149179,76.97466228570872,3.1068130244456316,58.76944695313122,186.03035814979214
79.94158789689793,17.925561190779003,97.54103676847451,94.69028994605169,25.218198181926944,347.2625025410223
69.46964708544267,80.00034817636814,57.356328002671,24.07125856635067,20.371739327766658,139.75140852826974
27.21451372299627,55.27070757185453,34.164111269060186,23.99489037236313,34.03848376775491,12.989980630964368
59.023066686908706,39.65536819899632,64.8464556900237,8.337905376875954,47.656794358001854,184.26920891052646
36.09738969400268,13.171502857909356,6.844070924262613,92.85077519437786,29.606551003894708,80.98331924382944
9.158207332663416,86.52957589089124,89.73973183215863,57.9737114939772,51.49294953924828,9.481613441217267
91.73135754622427,15.727320817971535,11.938101133819679,66.70368571253539,16.537042551318592,266.9500117201651
13.68186309189614,30.978785920909925,32.784283788581824,91.15768872630525,97.77128128254999,31.30936513354275
95.02373538208025,29.004553196243688,81.57453806261209,34.56201689007895,10.792455496499386,338.8487601447372
44.600577295795574,87.14140341908544,59.731237833071184,62.15073111380841,93.1944139654372,55.349204805570906
18.513292883861965,67.2702994208898,39.363552027744205,3.879945472888746,91.35780114026949,-21.121105613110682
54.190094737835814,79.66813971913723,47.34356593750214,18.677252823112934,52.5360481819498,76.3910430928037
87.29458358764083,25.046789879249896,85.45473932021804,83.12458050899426,72.49102718360844,330.2060768261142
73.22248864095612,62.48740996069989,34.00043860598922,76.67683563383358,43.60482979725878,147.2959924846282
80.65611478614497,57.17459831437487,86.96496848121713,35.06426914571469,63.00345775424382,253.82826506944602
65.87833667107174,83.28303767882711,8.813443097669149,37.681062777421246,34.05759374211187,36.632987731762825
69.22765645178525,90.60870604812605,77.67984372086308,53.35544335535795,30.115901978544535,150.32638619847074
84.91956515653193,1.2156771477386807,84.75476330547363,0.02410046851345493,57.82297861695137,364.0824080470289
24.966800885918595,67.40199190587927,18.181765283733874,24.124433603802785,49.81296741839804,-26.98317058526044
48.942496364314046,5.1835799119729025,43.03465323722004,20.823180860821445,57.95363691499811,207.85717046035637
22.120944181960223,54.88586650773559,16.54997746636556,25.048294674976347,28.6660581287023,-27.380371025554584
98.7668007996647,28.76327290436782,70.66041289942177,80.59058425334413,36.695783181699525,336.56119132806646
94.40593396866133,30.67765995221412,53.534776806165674,27.967385654644318,8.38979606289093,299.93439039814024
3.94268113685059,35.29585034523566,63.5323346708321,19.152132205014816,5.227637227220572,39.35520683095082
70.55751725156884,62.12924490496101,19.648696695621116,50.42634607930315,25.345712967301626,115.35855707007391
92.52483174156659,33.40499656687692,21.17458620524195,86.56450363727319,7.424685933054576,246.86200600072766
18.057534512733355,73.26990505902803,4.149732550990636,24.134970383749987,10.37747086347407,-68.51281122799605
56.79452305526295,40.45273855738697,32.20675351957297,7.853624279279869,81.29284053939371,132.71105463887721
91.54882975880419,6.835320030995861,55.97446613336749,35.64047358496647,3.88736970166893,327.78574870743785
3.394597858579884,78.37598424841073,85.79349139973289,74.76518245649778,65.89427939347428,-9.618701991175945
69.742026724684,28.5758324592706,66.69274474586807,55.06905446947946,27.255774881540052,268.9466781335882
29.734900737255078,43.276687959926264,43.53963233997514,81.67933695743474,87.15456807081264,71.88845843238667
92.43961953765304,68.54438832219016,95.31201143941378,95.9592147609234,48.49922845774996,272.3206123741628
97.10582451653677,33.2456157148712,71.92452005758318,79.26624767516171,30.557645932782574,331.47409857389067
94.42664891134339,5.658565614671563,93.016520286255,60.38030788437534,51.76389356894345,400.30236109195323
47.42142166574638,37.39210470128136,52.75879732721657,49.33415880523805,38.19580190452688,153.04680652513073
86.20426509893134,94.44485826943034,25.89042747931396,4.006908634826667,56.43010646698302,95.04581594991997
84.45493985350704,64.17343972985582,5.282668636472199,98.43219788140412,11.453286832634824,129.94065518723582
31.910047324325564,67.1479148667207,72.60848514838504,38.348112257504255,99.69905028125511,60.303661699173794
82.89154741506773,63.22821536376399,12.130299800553413,15.222821391686681,42.55558776967175,141.68190806985496
3.700763471549262,19.899213895943678,30.277512827196716,66.67088553964568,34.82306397073687,13.056715092177928
59.6269878482053,41.833386410228016,53.24709078838974,28.428828909545935,71.02098483162649,176.8524479392471
23.000883728770305,75.09397983633183,56.441658777974766,58.57782709310476,36.389940649533244,3.700685230273067
12.056688577727881,10.137289755315916,60.0583196987136,58.67679078445912,83.32743050287577,96.11637549338111
7.695320162920916,27.785277608971228,16.625533034970065,44.572982090286914,45.42707243604253,-1.2775245414343868
69.62887758781397,27.631910846585363,37.97374048216488,83.61186155450426,71.95584132654349,210.0957652750874
33.98749637680661,43.2018927594506,61.71942271169667,26.496706155544302,10.745321644188655,98.25254760040465
72.47667715287615,98.0368740942185,96.98188646337847,44.86325916177341,84.61191855551118,189.23837852731705
6.535634079894237,6.750254668382194,72.76311376996887,53.76921285909715,73.57179867781099,120.01536522504287
31.529033783061035,51.870099438059505,92.26037570939579,66.36247207672996,21.17167784619657,127.70486050316471
53.949129237533725,17.936468201221047,76.2212058314177,78.39718505055895,14.528600974578666,254.45830532430386
79.07231648389636,97.06765454097442,59.171696889240046,39.480728287825606,31.62923487256244,150.25734179746635
31.875250293206992,11.33035047274642,19.202336913634454,64.6046944096596,97.60705860319044,100.31506108144097
62.58913764370091,40.36010023615913,66.66856518925131,15.061095306851913,25.683157456705864,210.52403510700907
88.5977748236187,73.78849848346061,62.337956595990704,93.26481005424786,45.612720894663326,201.84323421789156
61.58631881823046,70.45544280274453,60.24691704572665,38.305880642100355,3.0020225717336313,132.74651891011217
23.295947475363377,42.272863689393226,48.978586798824075,72.95214219764384,39.72275295662325,56.8193697079411
2.440078155653802,34.652416795271826,52.86566039892756,2.0341081882177647,57.132001543310274,19.162161811025637
87.00988739009298,39.76123785528706,33.44425271181041,20.5187142904807,95.3124612507965,235.00117031379054
2.126941085038714,26.42762631586393,51.931269264230316,48.7082544323578,51.67360449400644,37.02075900801436
87.47016726841994,20.53329387067998,19.755590567847825,87.82524677323465,81.91073261776877,253.35372647867123
52.8937134027212,48.303969755889,80.51743973603767,52.72551499506771,54.712764256890054,170.74193403415046
93.90676985128962,26.853375606760732,18.577695469870783,92.98704822938791,4.07850134355181,246.49543048774274
79.87832357736654,28.746166489725013,8.496628988946641,48.37968965827963,31.500827518977403,189.42350504143286
99.79341105333374,65.67560634745571,43.62460263571574,49.044909673594994,57.55495078311033,230.6435184994311
35.071181545171015,96.85373316998923,65.83074395060619,11.974678850053188,95.05939659311244,20.75993712616502
76.71882889311269,60.363720055937506,43.771682493354135,80.26562441522198,85.91303597512334,163.4571804389651
40.193091360924214,7.697946706496628,27.67541319513086,24.69654124670625,22.835561417884765,143.1223499807687
47.98756203039088,7.558361385406698,55.817118389044076,89.9612489372315,22.01098300191635,222.10173588606585
62.75054632183701,95.1423220845566,34.700233541219994,91.0824220330396,20.117296711390075,47.01857036326168
87.36771141863387,29.729079030733363,93.28676901266331,94.33101118741497,92.24988963025031,347.17928621185814
98.40834691992951,9.206698608247542,92.2645139603572,52.023048910309,85.26661531017207,413.81299405455024
76.82734138645182,59.90445871503815,50.23718199720955,67.70937847836443,77.48834322529487,188.5967122983407
41.77667821673337,62.36487782902661,32.78839940182585,77.85158800616635,39.27351142242276,47.49815265679027
42.13570022770702,64.85048201186882,73.71324139566391,13.10146186504656,50.43807042987668,113.94665348016284
73.75823015888915,26.74020278575413,3.671294348306664,60.09571949974972,46.43317447951528,157.85066235355487
23.877714576830233,1.5110684214475034,47.47690060436513,3.4297901303311673,25.339810755937265,136.19323771025793
11.047411313139467,96.50153694544719,33.63233942703335,49.75660833887259,50.502804614876695,-106.44660404398284
35.462215764077655,25.089304569110247,92.05358851025547,15.48426816202274,3.0496547852754463,199.6253733994576
28.723899165408174,67.60262880525475,1.2003027272682543,18.29229259620847,13.181037349745917,-32.30357979584432
29.630812045599008,70.66298698787095,55.28148757183491,36.50475666926015,88.65895961689463,26.578446850151717
23.360775104990992,61.00074170794857,74.0663581066626,43.243716671650304,75.16797670314233,73.97519667767847
4.209318963636188,31.290739421364822,48.50179875240413,62.317242453218725,42.286840905908704,16.20893791018841
1.787393473341381,27.109625376406576,8.540303016272166,7.442841843851566,51.715036228387724,-22.760151692934322
98.77223897360315,59.76682827027031,97.24613900279022,50.36917612374447,36.999888595997746,330.8269401514379
42.77731337358623,86.60956336116915,51.801043137609796,18.262513025310113,74.07798671606724,23.679792308512873
38.432664715968166,94.67337289233956,61.41862443190114,57.397517503174186,78.41871792320796,21.14957738359529
67.96472826930699,10.590580440375764,23.660978270750732,63.74046122611835,76.32851902031591,217.69213297797364
21.825388786506416,15.482861259771985,48.34980851068038,55.67092565528539,72.26117248344495,113.29100254274586
94.99611839502253,94.47362587830797,42.914949195832186,73.82955104783076,20.450433869279582,158.18081133786683
78.6345014415552,73.65352283347926,7.489584200198374,33.56092442409013,33.79699792404788,96.75837270138734
8.94110023122595,88.29938248297731,10.616035354746723,76.5106591633131,46.98454349836749,-120.16046541252815
41.75807757849284,20.263263413534315,83.74725196187745,43.27670817081937,33.079299142765564,209.38137490666932
87.91183075621647,58.758587110940184,23.981995220659023,48.41844983225968,75.4940200158329,190.45553411967524
94.47320222914102,70.11395944174737,19.495827149863054,64.81021272610714,32.935352424995465,170.18191367828092
46.74015112498697,68.01118854469726,50.49114512501392,1.835838399922396,13.823208678533716,96.60142656536252
61.34113892107077,40.81516908666981,76.87471313625129,65.39942214202483,39.90404520483041,210.9218020008947
16.70339460920752,1.5394891691308477,6.194651857898792,61.858514907211536,97.99144327823804,50.181747963737216
99.11686261369765,58.29260568042631,57.680791963825584,30.984711675327993,22.588141293357587,282.5317362371377
23.16717013834434,25.310153917960875,11.921044284057336,8.579428489948949,61.21586589432291,32.31330509624473
94.27317741351257,45.02542461428904,3.6461050825618457,9.093544991304114,43.29730498397063,214.2485836974463
64.96466489923685,95.75810150838173,5.274395216221739,92.32237469852286,7.102456764932663,20.207790301227835
60.773679487885914,39.903531764243475,83.41641082084413,68.92793212258371,48.787660599805946,226.09209410082866
51.26885110165086,83.98016066644267,11.797248362806156,12.710261377074039,70.21643286483125,-14.590830203895106
23.06698117177587,18.854060574925114,4.515136441229195,35.67231693089064,51.321997582781876,38.07234398460281
17.652803200550828,67.24604980250288,43.789988714291226,59.248299390159644,87.21060637465811,-14.832406396582192
22.048620907017536,97.70069544389435,84.39934719420248,83.55717050906487,28.893701665758265,9.015669957611346
18.643826214425452,10.189310087293679,26.240837648930192,4.366092871300853,8.624917130396492,90.7985867044854
77.95844735667534,0.8319942227192012,42.17126175259164,23.663313147000885,93.65656116580061,288.6183744620376
35.01252591667301,43.35827926326144,3.9922532563751223,88.97489902953801,37.8196349528219,32.321216747940674
5.784267656339637,9.26254830513672,44.907851413487585,0.9165550183816484,57.64055514536334,73.84350503911035
96.91026301408114,74.83843496762313,57.761308063713365,20.13991027938874,79.20031261301959,238.43000822667167
88.37858849634257,91.45486638485589,57.090705375214476,95.90241759729659,32.43136638755806,172.8489899034931
92.77522831952129,43.402097270875885,33.242669217436514,61.34018465221711,71.61645381776111,221.9605173333492
99.49078226464353,25.871164215544095,31.55331806631355,26.167136663750647,13.541884981782804,292.50577113703514
17.38952492194873,43.44033190066098,10.662361893659789,6.699109439584761,29.129374720550526,-30.27562194415524
39.62420189026587,72.3447817850001,36.67983206462684,2.8191340447222157,14.47106361365199,27.17673246855694
75.82384757040913,0.9054161580370979,9.949466887296465,24.474507963692727,81.12305584013578,250.38495308743683
69.60206180537922,58.945398948469716,76.65959447120517,88.14858195889104,22.264923522678536,208.9562875847557
15.389590633985506,61.329168488737906,96.62742977481858,41.59136542975095,71.74035554052102,79.93248825068292
81.58331249906178,63.76882468959355,97.00744566667069,72.0333369165993,94.32983972456526,266.14099582513967
22.444057183666068,24.202207998087722,86.50710993753938,91.82850353799577,52.7772209068877,135.70516106444282
22.38176148226231,71.40527233781268,60.07921493396191,40.80404616028166,54.00291922606877,-10.754907893622907
53.69744228934136,9.13914863317764,70.086569724388,19.127737103739705,46.103356809781204,249.43197180504671
59.293993484170315,19.92703364668008,28.520580268041407,51.71179308569195,32.589014339364276,178.66951889770124
58.00862078378112,87.74700466544819,63.077042017262066,90.80836870598544,47.56550309249171,83.37795865252126
9.148683739775487,73.87231507265663,45.56495494398774,80.43744141377006,60.28075322667594,-68.95741900651896
87.74608626303804,1.3745554011345251,48.20173397769325,6.582984336315379,98.59915721706594,325.44431681865785
26.560004258870606,24.83762603698002,75.7776560375158,69.25728000775818,93.77645593182243,141.7263299102777
12.951492128280417,21.440648299316457,28.191835559725163,57.18975224589538,86.21529582931218,44.91971136285998
88.87480798689772,27.080632803697256,31.803961169451988,90.74631763464255,88.91305357048583,262.05541092315644
95.56514982297534,24.755977027988642,92.46417911286366,12.248141685029722,46.784918329204295,391.9604365539715
86.21276172654507,6.252629574284574,5.622429485097225,53.40361132046566,65.74443271774648,244.21062969825795
80.95160747248781,45.894051659682034,48.56342984133404,87.94626935118923,89.50667229362142,232.72245278067476
65.52419806390218,73.27334747861651,91.28008004078617,41.0023786741743,39.295076499135305,187.41900672694
55.08573706091393,60.67317247174364,61.0363007818157,48.19949177328671,96.17624783454688,142.4120086531639
8.698675991141014,67.28716685980798,54.64070742121321,7.046067766695829,41.5786062069183,-30.882393247028546
40.845321307069874,8.114917853623915,24.974417922935523,27.814364044891082,60.10826653932156,154.48455883727098
37.2688517012314,95.14907101767872,34.327548906444825,32.45066491689473,70.9804713272372,-24.04801598854359
25.97537837603262,83.84918338430248,85.20484158046929,94.51224487448869,95.05920130759384,31.240580881019344
72.3420113688585,80.50903184956627,55.921813176845816,28.266736054115903,24.461627405226604,139.77044988357977
49.58757350787708,82.29838050417675,51.47421937567799,46.0868735269652,74.61309782386422,58.98172998942373
8.104621590764793,93.27105081327613,9.957971354002893,67.13044235642798,52.081558614408216,-142.3994963168756
22.018320194981133,54.42539661136977,1.6028156455123121,16.21833724078774,26.855714062064106,-52.18937666327275
68.32587636595959,20.02820178676259,96.36851886870491,48.64423871418745,77.66068397963906,309.180486806254
7.613085949030019,61.678360785254114,37.698616728684165,73.85390394759077,55.22222801738466,-40.016466103898615
85.12069140487687,74.2881493667939,60.32130620995043,86.6855213027066,66.09738206496758,197.59796786789875
49.51465270139743,73.79173933540254,7.971507318728499,62.62592746624267,32.2901068577901,26.387152855369912
48.0586577326648,52.14490241668801,68.31142857230465,66.90535153169479,48.1273951827605,150.09353896378587
59.24077846595176,6.845871933357806,93.2566708705961,12.628347258456895,61.73542509880671,303.84078986962635
82.46809659251491,37.11129384301278,57.56652529974197,94.57764972463471,40.4910814269844,261.6983810161089
34.780920790219305,92.07666084633573,12.611532237541056,13.257407748448236,19.837253984770133,-57.93660545088197
67.80161525590636,58.4448909757426,58.172152747347674,77.46729371817983,96.1640492315304,177.8062889789236
56.5731963995791,53.83319432557134,76.63472131046524,26.481632177831884,51.14675400426174,158.7487025566464
26.70282701694213,26.885351438219352,40.64165365740187,93.35931437012516,73.39203702877005,84.28499570279702
87.8629986355158,36.84489199165789,87.98377479414678,71.99595393694796,41.10471935560581,307.03048343251754
79.74260216069281,89.53460891531692,64.86829533573645,75.38137129783689,35.51317640257163,170.24384112964415
65.84518346584255,66.64630475268358,89.92489182892025,21.905917305988332,40.7164298467125,198.52178343551162
85.05817290942419,78.73870267523328,62.35053112473372,44.30399766351608,40.91966437856498,189.28950056811036
86.72942009598023,45.434542306765515,13.128797200482422,61.78131945892864,54.418011594195356,197.98034479546567
70.83629767150347,63.024721945615795,30.96917111051891,76.99736182066009,54.346986998136316,137.13645376355595
83.7013328363672,24.838360874320752,20.17949482524569,10.395937591238958,49.715381588287165,220.41017385453654
69.74714616692836,70.54608302834863,90.88264977168623,96.23653164545284,13.478578491743809,203.76419347634345
68.01407717603004,42.76013337033373,76.04000672874827,89.0220670554556,49.607547850053116,229.23030514828122
61.86113782151843,44.25455148147456,67.6398368910006,27.034859049558435,16.91039004206515,181.08873695204656
75.27166395576413,64.93223245768817,30.096631963162167,82.2760243032332,12.613578629576516,134.19271256428723
15.86051052930737,93.62806214689266,18.40447720502135,51.832392303982346,93.26457173411677,-113.90328011849583
88.08707591989284,6.400634660862092,75.64510879889119,46.18064815620186,60.49500131477043,363.77811232137265
87.1843527745232,82.47432373470076,47.41579458790797,31.44341058114054,65.94900581245842,152.905788499257
2.9247283034559146,29.238311041219312,22.578955215062912,58.096858663159246,40.179367033336376,-4.317348519001753
82.58167505647627,44.391945450637785,61.66219781652751,72.98891177035978,90.89808919148642,250.4334004040301
12.886986747344519,2.1913328775008956,4.0333852138451975,41.09329049627583,63.79304895796655,40.70390307440519
33.51188542591419,30.1046077834313,32.61702541282535,62.92191930082921,76.91698695235874,93.25839521351637
74.35082562916078,50.26312426301305,46.85569945911347,69.93129211553037,36.85624690277138,184.92901501108975
16.07598960483082,5.617607734743901,14.795833410940585,71.11218170152858,96.00118808191255,63.750063192742495
81.79670241190622,49.10957293831652,98.46544775908396,5.196609813118025,82.0461290158315,291.19838653752976
83.21341779577419,92.71106288584274,20.909736458961426,85.97478056850669,85.39484630145436,86.61687689760731
50.746773376083624,10.539321810780521,13.035313004326554,45.82533147650479,17.21942674257543,156.44912094673364
0.638587171683358,76.44407280755044,20.35348738868964,26.241608169621443,27.096320787121954,-105.52541442899827
28.703813317491278,40.967105337599264,76.90611331597242,24.176450747968158,28.562659968357707,126.78469298609225
61.69269183757422,65.5173714524338,42.55056592718428,48.301411284395044,27.090922324687117,127.0989571500358
98.11861780274235,26.023659798522935,56.541593975253804,88.68315394689591,85.5408162104288,321.9146187084389
63.18135270166684,15.949226254135828,2.1009156986360744,37.83475816826469,3.188479520859211,144.8207818529984
25.98035810641598,16.046261427122644,3.4431308573314556,74.97257467835433,7.60999889807743,65.91462297199826
63.40057030996113,7.049194564314465,44.582554982701616,9.68187309872186,27.39148706299037,263.5223031693545
53.99853797158555,18.564670490124303,81.66552432016235,47.60567021510618,19.987297464944366,262.7926271524484
77.98453951511436,66.42193849889682,88.52388787075652,99.16861403927356,23.185961388284838,230.53771396388674
10.698063882695841,88.16906118435081,8.670656759564022,77.0437802792337,79.79431892533,-142.7842889685565
76.1027902502028,81.41256855911618,53.836310210102276,21.0528488440613,56.31265938920469,135.5808719693338
54.12665786761103,68.51343098744842,91.32296862792705,50.14414736979107,0.5770661292967993,145.50023889368637
96.29920038589947,11.043186341110268,38.797275439788635,23.362476364856654,42.932276570419525,323.9333554510604
34.187216603868606,28.918744629594983,82.95658314283686,40.95609272625092,40.78849268503589,185.2158148474957
63.26218931339481,30.980687532246897,13.36956543994362,78.00840237349648,11.394526944454352,146.46291471688366
93.20281055100175,24.99569463976212,93.53944896677987,77.12248152904037,67.61417886014571,372.94944482713356
10.250972799067926,51.50056597097231,75.14233175313026,22.810037790238514,70.20971883794911,54.22125372799663
93.72284872364511,53.55538148796726,94.13343927869016,92.22233181548602,72.08932190520977,311.21698899471204
68.78857223008133,35.68859751711102,67.66172335525064,59.25681827648268,72.8470945558592,256.83642125609384
6.78370591051719,35.3789158736436,36.3403931999427,37.992429096201455,0.005282693229680113,24.024819859152963
30.096356694681624,82.85555979060814,93.81811725247225,50.19355807808606,95.39208038467221,63.99401299473215
70.81720886452815,78.92928483196856,27.556677630917846,60.50712534377437,81.4208767054663,90.15273073583201
6.73506014687717,30.779583168074566,33.21725220617326,55.98905318457854,90.39816965892852,15.444272877645389
58.217046017627325,91.37884438732593,70.08084180017403,48.64050355361782,1.5643295307434135,93.53946255330258
34.588305695295674,95.2815017002506,76.53162995253862,50.49328040894001,93.38587957857393,16.43380644352039
62.091551776747714,32.67425420300408,92.94034838491538,17.641191042788616,80.97885286881046,273.14905603683786
4.5742033812512854,35.442494879305485,20.48024090562095,81.27329043046794,83.72191429586987,-14.27754438365489
87.15368061523763,50.56341534219588,79.7998035219224,54.176031994101535,9.328738472196852,281.5890324818403
97.3488969177397,94.11208125336735,73.85460533969635,13.107986170470308,73.87780289185977,201.97578871874714
96.88778552856915,87.63194331423115,6.379455625359787,76.61571015827779,95.9916689642091,112.67339088311097
74.96518317429248,10.25679625835898,38.722314121020695,93.24439783773508,67.85473414181607,263.53772107188206
13.008624013063198,39.27307432714162,28.27654570600986,94.7306899236962,57.05614046246065,-2.104168401129182
75.82631959290225,55.33711897497719,30.44904243540304,36.901773241117276,94.5629677748997,159.06735516044085
2.458691645880151,50.313247255154,98.29468795547008,13.551687356075403,44.2937121734436,64.4112439111376
2.2123551528997254,19.38630679368927,64.27774134799279,51.839962663306515,59.92935663104787,71.6128570675354
32.36102191495412,85.88167711681547,71.76761577934995,11.260922934922068,47.63382934943662,46.75256198523248
48.864319040466576,67.69407829968374,97.66176373150091,93.39874185126172,93.28462213602991,147.79121388551104
77.04074178077931,83.79083748518036,37.72017824576387,18.357962735514597,7.608472676550726,116.68890205375591
68.32953766065052,85.87642793494722,80.1840168452806,25.276585995116406,50.11197008253482,161.10159933457913
44.590270637674834,74.83558536657398,43.45309633044954,40.663652688497045,68.69524413854383,53.76006908567975
27.362666628166586,43.92106012497173,86.95336718149798,38.31644685591258,79.1906538422237,139.9997342326795
99.71245001577111,61.054675501542455,18.06575413113032,79.4662892397889,58.301864744413635,208.33199729996463
42.6181302235973,16.036540611974313,94.76861770642796,45.631682055096235,90.8917744121454,256.41532704754076
45.13870243296755,67.36454174749078,21.877170841087967,17.07682600033369,94.19914468838716,38.902958082784465
16.362382119166917,17.925325573928074,32.622050698093155,26.72098954860741,6.4319223193583515,72.79124573267094
79.48095487499293,69.39495905101568,75.61922341067805,50.9113385187522,40.23705395413744,209.84663217111995
69.36822257814886,22.959816075396866,39.37551415654067,14.745391742613489,2.345902172115444,221.39117893730375
22.07696127887604,11.755130015021997,60.82113767664467,61.16556756460141,32.94166573744429,143.06177435994587
8.238104561584269,16.52844901429574,44.45735010694285,56.57473065511459,53.68682179706021,74.47322252250613
68.0499302074713,0.1992135219070268,74.23699370897819,71.47023163822577,91.07949305099488,322.3992236351747
65.45112142811352,71.87396178535302,22.833125236861086,93.77046153793677,84.65543224654029,86.02341084957995
27.32595269982093,73.24010490583791,5.8457987236877,91.22545611011557,12.749972667198573,-41.96030333139805
95.08635622504103,51.493334991325945,29.992939747306625,94.60756180688314,9.303037474089571,205.34202175063234
15.105789178090024,16.13628010553837,47.43086648684303,24.471559702370094,58.926733875666706,69.96876203838914
43.23348010426019,8.355433751068976,16.80200521926786,13.156530663935461,53.211797245878266,145.0089228762283
94.36159201675989,1.912896643728701,35.47972896563887,30.22767004964485,26.637764143002386,332.61965977381175
41.97273169261223,16.57481769652207,39.998301829356855,89.50851727663147,89.94530845538353,158.82114894006946
63.85259476640856,89.08555349831467,5.739184368827354,97.20534746234883,92.73664094615535,22.639529080156777
39.75943979627943,24.153684170168177,58.33072481842046,85.9324951070476,40.261143834016266,164.17649522217135
27.421520234867003,35.42713272172156,88.43434279712875,11.00177211275436,89.03025571135203,135.91778124691908
98.39776479598282,10.534548448133318,15.174291295305242,94.74279980597932,38.39488942629726,302.5904952954366
40.9334006315043,22.236130474817028,59.7808013401514,42.3358027350786,73.68168318297002,177.94328823718178
89.40992036791344,51.922457078020514,66.47392049108463,0.9310290762353679,47.59422175477241,276.3012337236386
22.995460589108617,60.775268309565256,41.93346804192883,44.23937407481936,12.258315650718298,30.471590157575587
21.31047040250833,24.535231416621105,70.109758736427,4.606916967546759,92.79342012370215,122.46657091394712
3.113408288451136,5.773215922511721,41.0731543491012,54.387792116111754,45.40965933775366,62.14263541245356
65.1666825375885,39.10328691273987,50.46372879774349,33.855402743705135,73.44870403224036,177.75734234216253
36.852634372376116,23.420337092633414,0.735304455442698,47.343493359404874,36.71738144312921,59.50607160364132
86.4358249839637,21.955392322980195,69.17201141346888,61.3170360743117,1.888087857623466,317.2238866860679
47.32099066915572,95.98628027134552,66.13426789447244,86.88010958178202,10.05303586918359,59.69500882924834
96.81934279147217,61.63004859257241,3.8400877326344562,66.19015764719286,49.62194794899244,166.84805154732706
18.552551570312115,55.68784431720959,36.82501073951331,43.40488684781807,68.99643571263624,7.4828823832754505
86.86231679556109,41.57751035233219,97.90318407916673,81.9427853670365,33.473532657927905,324.2704886311352
77.65968527917417,42.89443334301443,42.07365625686168,90.55821375731323,69.54884591776504,208.52899238563856
77.0921844644052,54.090500383808084,50.19454051318417,11.975996643219721,69.8635589431956,200.87630308670825
84.47832281168877,69.64298070361072,90.99301581597186,53.19329775527915,70.39359073278308,246.72696702927425
76.10239909429988,70.21460961818295,71.72618758657563,28.451195974244413,49.25218540205084,191.17688694547056
62.62203216314154,17.169390770544958,58.20701311242236,4.706119787694741,91.4886150121504,223.7899755590671
13.124487768238758,50.0112752076627,79.78046813410725,66.85466951139854,48.91965179806156,56.542073017272855
3.2526179491251916,41.195809503410196,86.43662664559733,86.27707774592255,45.026519349663815,52.22149334746389
92.08478478156869,87.05269662693841,45.68880717372669,16.290265447739404,19.9380819010627,165.52236195792844
61.665031452073805,63.14189212183764,47.51083649318354,81.24136576239005,30.765508735633652,134.14629547822184
79.65372909761763,53.25040664159818,38.60509356518358,85.33957335369416,4.233449251830335,196.95433388533698
48.152235151255006,11.539464217891737,96.67061400184606,91.43404426664836,63.35352936161702,268.7056430671739
11.730818896239448,60.56378893234115,69.71662542903503,26.528508908605243,24.853574392709287,28.59396887208333
12.518579220255043,11.720390568023342,8.322306620807229,90.39530651898893,30.41552544854651,32.35403571423294
68.55652872289714,33.720657556575205,86.29596233130185,32.06627547364322,77.08145216643211,264.7216526544373
43.030589489946266,14.284196481433186,48.05599408362681,55.23380134555028,32.72211831614539,167.97880377526883
20.052472670033673,69.20736470243689,6.875390642248746,5.050747083228213,24.219589201314218,-64.81600306373117
49.15945467414369,20.62521138361526,54.971725516331105,4.388108836874361,16.905774913370575,194.4232006287162
6.420893707513409,39.1859373188026,41.716427897570206,72.03732127322029,77.48584021819559,17.443891401605313
58.19714019143988,89.56747776187787,87.7749404862625,44.4479977977791,12.970625799002688,139.0306062293586
26.899340443509768,20.431638339897027,20.399460360938736,25.629237536921757,45.37537602503535,65.01920512707166
79.75591006371882,50.780506395877914,82.6464609492183,19.04134960249102,50.69301160771944,260.6563460219554
31.036195892357377,41.9271661166022,55.768869118545275,66.9953490859218,68.73899126857145,99.61773717086335
45.52201490818012,1.8124041045729733,5.461030321346905,0.04015440253398728,63.32834823329955,151.81275977800448
1.1620539908100636,79.27581135728128,97.18453013254846,80.58911691968542,81.07206729451748,0.10102914373823069
7.244688779455888,6.904590631459973,51.26152441031999,7.924960612992882,4.475143392623815,84.17839336261424
39.24935564066848,47.42550209769536,29.08768542315825,19.148961490811946,29.64407247793972,53.98836433706695
47.99388347171235,56.06782949389499,46.94068419892581,38.62363952990896,28.013411877537976,92.26765396327987
60.00205481193037,62.842645661458704,85.7857783517489,48.48587397161036,14.601690559210823,185.7258757836912
29.166257870930323,68.86316293078755,30.49031243850635,35.49951158139418,28.917825385644313,-1.069827796781154
69.49818861265426,25.327238352271507,19.26763964867003,32.071216498429386,30.976531414290342,175.75475487208098
86.01223971892045,0.9978776658449373,12.907124693088146,96.39160120731884,52.188446192747826,275.8473469735965
77.98509888933498,72.3443662354912,29.785939839021125,64.15796812433942,66.3704478926256,140.25771752527206
3.9618825348357145,53.56565993475786,78.00480870400435,2.343295536738821,38.110051361181405,10.2492742159265
48.0506947257829,83.61177032072487,47.16263651952617,43.01759084443132,71.94702313133811,58.72247033323234
10.493017841817487,82.13883629006943,22.748160369353997,87.50086997439702,33.616533857958,-102.45168998625367
24.204501586252746,84.33261677878832,16.61849996097492,30.145618641066797,29.028367731476035,-58.54784773158951
98.66625932671465,48.50946599795402,33.27294765103791,9.455634477438824,54.11880558570243,243.55474300303376
14.249554290151323,33.362839583686565,93.99243728857088,75.83847715899178,2.3716360305790607,106.74538480709536
49.888815345135605,79.155820259137,34.30267125900244,60.60138319360813,7.9789123634000365,38.227442507219266
61.81557343181191,45.12941130292549,98.81240759546354,57.03125078265039,41.796954358652705,242.45502785200688
70.2464970544104,18.34421964034345,48.523045576535615,5.357655960740793,94.29127113917565,242.9508211796329
55.96486834869141,85.49740195614743,17.916391829015087,14.049900979551733,72.15117798434237,21.61437466157086
0.9770847419183659,88.25598767723473,89.11400917935094,62.25493962131138,8.812656950055775,-36.570055862926026
32.64613082439919,46.63097561401701,46.03553731348269,20.782384145883583,84.63180127808737,72.01795351742358
51.771164338471145,7.569972730978747,70.96713435045244,50.40700797484243,73.2300770608181,245.9631251396145
8.786649914483336,38.782608991693124,98.37115832091517,54.488168602939346,61.09465257026532,79.25920524941056
35.06269312091808,80.35376594626034,5.0175350319974,28.35071902709394,82.02929606091773,-44.07616982166563
3.3203108791366565,90.17740285462287,9.669455978756714,94.84251555414929,40.41098477429571,-156.78172208061739
7.857849715502074,20.347274249759582,72.04567414627562,84.24641068355751,22.150105085385274,107.05044167122918
39.69232762015961,6.697361202527152,28.1825003295472,72.23735076327985,51.20233891087593,138.56035927720575
13.271575404306034,87.73504531328386,18.430139695009906,7.7993866409409085,54.88417555934738,-126.09310815612992
56.75408482615582,38.94049389788753,3.9361879819729495,10.613001930901945,53.83263720099121,104.46623359495226
68.94649691372658,54.176096426756324,2.1846711986201806,49.27813458649557,56.50737914801053,105.22957486872735
80.05866991090829,96.80658120507589,77.4485603119791,16.071334919098568,94.87049182391807,152.6513575852303
20.01502442448101,6.656472791422285,13.443342736955,97.8265463529474,90.22456230962314,51.599652245990036
16.748258225906977,64.83180074520956,46.77206159711509,15.852023402740944,87.57170365589394,6.11323288981734
10.456784033440025,7.410542257486707,60.5896815179483,48.746783546397396,80.14168109086272,121.57489376833693
63.64302495436367,37.54689284665004,42.835180056884624,36.41210568415054,94.34281072652854,155.21349166805658
70.64757264869012,80.38145451934467,2.7106652336233106,63.938642145409794,9.849464167940326,50.66357646525095
3.1586144825642037,43.34722327556344,78.35015025879089,12.90364088894249,26.51232614457395,56.94854283259106
93.62122462436898,99.71823539029504,1.0513224541653488,43.03164280423909,49.50559456545849,78.24356119598619
5.1971283651472415,55.905928494660216,76.1889894377484,27.470503280714365,84.65344931234053,13.156889922477369
54.12963353010704,32.11621526359535,89.33044937881228,88.77515246716881,50.51657115227325,229.32455085505518
70.90605194509165,22.011132590475313,43.28399210571723,4.058571213469508,74.80347393415887,222.41290907521858
87.09691237460856,35.05205342861618,53.554247309779825,91.37274940064593,13.895990524891621,254.4702437889826
71.40869321324278,37.25332737595508,47.698339261765376,83.29941385530005,25.24138129765602,221.79240688781377
80.17280830697918,6.8713677723960975,38.920861862343884,29.757071644081545,73.17760950376724,266.7276131071844
33.94501925428061,36.95741994267732,88.74245353703603,78.92906546771047,16.473400888772403,163.5066127041288
81.48251137465122,46.423851973922496,89.39335106699905,3.121356033874756,35.135593465492676,294.55565170418373
8.011484638467515,72.27377522388046,33.581636464153455,96.68655502933936,26.48662578135714,-84.6529048251398
89.48166560605276,65.6729484721608,61.5069754014698,52.65949425897893,34.98616942224785,220.1168789500907
54.75923761537362,70.87656552291543,92.69075621458641,30.328102606544526,70.83240490779703,173.69250800608552
81.72977699624937,0.8363681876857099,96.20584989413516,36.25832125946771,36.7847181142801,393.1542866568499
45.23182845183001,21.766739958053606,50.895904042204755,6.640535346049736,55.52633226079402,162.33300443390107
64.35776951965249,66.16842883998565,45.28248052843268,98.93495140420391,9.993187705440965,140.68266170524691
52.640266093611324,48.398936817974715,27.869431592852578,3.9291945150692453,80.50176932346278,114.99242926870643
73.15895217553319,0.5313475668345946,95.887187319041,65.49071231478591,36.988862564812486,364.935469301649
8.162998203058958,80.44946424318223,14.281430447286736,44.273592770645834,64.85341590333424,-123.98939048499412
6.03520839905638,77.28095732903374,57.9829576047725,94.89162181887151,72.53896016618326,-53.61634008845755
24.710323401014644,54.841916299356264,28.255026751863888,24.599974030679515,20.96609221117004,9.693545171681139
15.954468011318834,6.646332577627212,27.90082903477966,53.20868239380113,88.467498495335,74.53603413939669
87.17835665922017,76.65150495325847,40.496858737618844,48.2356208582753,61.62242516069529,178.36691995992035
21.92139873580443,58.37135877313639,99.87929358156545,70.28664440501014,42.87251417514815,83.54267823239533
97.58652558191314,78.19599771579591,5.4966306839822066,6.801023195242051,18.233518357821954,129.66989204945853
33.68957917711069,75.17469923958404,57.85418182035315,19.378913002335484,94.23009379012068,39.30932289751802
18.211791568869927,80.30020719578371,8.257215803527718,21.456482009284983,75.50682041316252,-98.49466011773512
78.96985071424791,51.80080664046248,15.452082999051896,73.81507548416897,20.802456273324886,150.21557721341918
65.87077755008761,14.032451819351499,43.95629417728987,18.913869632674007,33.77107747242245,217.80130308575067
49.8195716453139,67.11574733796887,51.04601313464413,57.349176389097664,80.96742580880732,91.991698409952
55.53635509376312,62.04737850519706,25.8792408364524,21.52438205009537,69.5677663215339,80.8056184455662
71.92017782722638,74.22531871990871,31.645713087441617,86.16249500839784,76.57842927157243,121.31325549254154
22.845474133129873,16.98810060507353,8.696702025593305,94.21854544896385,44.12011022129324,48.29433555884224
99.63339160567419,19.497519990028923,30.32197838442505,51.84929749422405,71.6476262642167,304.0620616311973
97.4793162146783,89.04095172193284,96.6558439380544,35.23088842091783,38.64937228639137,271.1098174751542
65.03256863469369,74.99777984520708,94.47073816724817,23.405777501749913,21.126291693819642,173.68358043005367
19.954245092914512,90.82284887003229,33.4878290136985,4.978100152304377,63.26770348413599,-66.18732675229752
68.02282424312914,75.87153211639207,57.08539362787616,26.85000761974954,97.60139255987941,121.242027290464
7.219840897917584,59.71553059903019,90.95953911109443,65.42357799453178,31.06009713953296,30.284151362325932
3.0652502205806065,65.41327370278736,0.6183822640896675,53.36169313092108,46.09695922125396,-132.82979467393156
25.76828885112137,88.91279239400099,81.06835703375918,94.40412782809274,67.40013710698535,28.90124267052009
46.26229567393163,57.88067545119405,94.83695527889189,39.62772624917006,54.15062821224878,164.62686670179068
86.82725054083805,63.239132432838744,9.132573433355706,69.38633423283946,84.34277957090492,147.56731446094045
72.7169069766308,15.647671600360058,16.144768603292103,48.93227474751214,76.1742706469516,200.00520075681592
74.2706521199981,47.39212201161027,96.07463027713554,51.25762159242117,5.829720386235704,269.1427227931482
42.54933344480754,71.6397111958099,53.75401436403463,26.777431460411748,99.8421233923774,57.364946455763665
34.59349925469629,27.09426983163654,1.4196634471723701,45.49507768419997,75.24024537194673,55.5560034201165
37.10387629846027,20.22541805245349,25.763199876352914,47.07849970127073,86.39033162941132,99.59468125168705
98.76495637360578,31.382680822441557,44.99436742688596,70.66425217489339,65.11977120953463,314.31900226831397
4.010919141248248,24.150062799283344,69.29089110247676,94.06399991861139,85.62851280467623,50.913163982652264
86.70314961224486,21.491263703639586,73.31603781367996,32.93212774825043,11.238297492870942,319.0357798254098
57.86754085723934,42.48508428680869,99.54215129254561,4.2200468581298445,34.77378355593156,254.71768603658003
43.86154191895905,90.78385138835341,28.7511199383759,49.62951255006397,87.64209436044928,-11.207784591886183
72.52576604151365,50.705964673871826,53.82201018684752,54.446133214916856,20.165521126689224,183.74959741302447
48.666894142470284,18.792038081532304,53.332354785960504,16.844055113191526,7.824209858002273,190.6058540686637
87.34232380816606,7.697166938087408,40.56452594472375,76.04646062760668,78.8118939945219,302.7255040432636
90.07018640112585,69.61561451379252,16.91618938424202,98.49291084414916,83.54861556432962,147.9949116959725
42.17209268734554,38.279876443638784,97.74565631838425,94.57747170084609,16.26522181899006,185.61630154434826
27.682779723505156,82.18309465853592,85.3317186666586,19.71060388236522,85.43459827827155,74.36346390969096
59.23503285933622,65.95107686407702,49.83330282942372,87.53632399007607,68.67677955971696,118.03738009214882
91.2363345616691,79.62414505413685,60.32454226840298,70.44936364116847,52.00826832165839,185.6918533760093
21.066218900566657,27.194603941844875,22.72610535596623,45.384656380691155,83.0250192781385,57.835704442014915
62.296658356348274,69.2358922461058,54.37870703917469,54.0610994324729,41.92492493189658,136.09696018670095
63.156022009252055,26.406198469371876,69.49701331214759,84.9600174982458,19.39939562233972,233.2365247470359
73.3113022415281,93.90684794502916,51.51670283865888,48.01349396383732,28.485267661061364,100.06407420565287
13.15676851272598,63.63742815333744,99.02851705849413,37.320736910512686,50.51640182933148,67.47295278082657
71.58249646820886,32.451180017534206,61.13416562477262,49.32474930259858,53.13307926731758,239.07719453182256
90.9032520665641,26.951186229227265,37.09737125921691,57.91298040350491,80.55808264412336,255.19366244561206
17.968310887024195,19.09265850716435,77.21520276158381,18.907765377834885,79.13527236523345,149.4148194351663
23.754332492387764,69.46409588937279,17.046251158164203,90.09077302669907,58.13665572045748,-46.435722186495546
97.13950940416396,21.87156129979273,38.451581370626656,67.41869488296139,78.07854833654764,320.3084950336706
18.097695270948975,59.53032659274891,34.69589503775858,63.326891733748894,19.1773458293671,0.06062476364413172
85.4385093369579,26.463502692535734,43.180709510777724,9.949622618063813,5.006452709329434,258.1494914471407
49.227785644803475,66.19689447938686,78.17798259287262,60.41739381725918,87.36338226347002,142.88844050857713
24.723107440317705,81.49397285405392,48.41730321634075,12.096066223849233,7.5554493762769575,-22.707094061280415
87.07499012725114,77.80252431446532,79.40144502659628,7.869767519539906,24.66884297439973,206.05508342467783
44.53052550026655,76.08513309307817,57.64889031398659,52.73108956423933,69.53189496243846,63.64866412540177
51.48173539296902,18.772240569225207,34.206943465755536,40.2785534046495,40.94479376273091,172.18751525685275
35.92333693997657,8.838494698451871,80.99787436834724,58.88102701562232,87.63139699155089,206.96246649558347
59.29508514349274,69.89488284873856,23.828967055309157,8.92221680572386,29.797979466226955,70.76845690671382
16.352387258502276,36.83472137943513,22.43829797997955,43.09830628472584,1.1871346669359295,20.480826435892016
39.10815366517607,43.23462264033473,50.45029240548358,17.4786715045158,30.06556405607441,107.59559412598503
96.94123223352875,3.1149092793391064,26.084924596208893,98.71000859241165,57.80750491848317,315.28828192337187
25.813343270112753,25.95764492750492,0.9087034951216322,56.11502124351744,37.59383754032933,33.908098434684135
65.67366645412922,3.3676403874464023,64.82975272988016,68.74368609408673,53.48727557587553,289.50710335185755
32.51900642246949,87.91857726012476,51.1093821472398,32.541828068260784,87.65981188350187,-26.832110046601787
77.34731256866006,24.339668321853047,44.55178144931612,9.473891477934416,91.24850542303685,254.4738023739627
13.087366071834982,55.73371695730081,96.69685146183153,97.58708627835367,26.59740646541121,76.75822857081162
96.98210450785447,3.897932066113041,57.11991839629137,28.62590353831832,46.21404732699007,369.031538281583
45.37895413836392,66.6847391305658,86.34315777893845,42.38081851735742,54.91440152414512,141.19912663306357
23.605046334646396,32.30273457540939,13.945023620516018,64.9863921702575,94.9112456888247,20.40326944062941
7.349674733001265,89.79191869576658,56.92064631294277,2.4697297686111286,99.86173191643847,-68.78884583490623
16.975790508754073,88.81181889340358,86.7979626730903,81.0259130517287,23.540724884152663,-12.168915962583029
51.977394855601766,32.529061836174776,58.3105757279898,53.65781900286203,72.69798713458154,182.41082832042878
33.70031764312863,90.09608956904678,71.80141781270015,27.821718706882216,37.80310622331952,48.14149746574151
82.88833658826094,99.61576734987788,37.20435678122074,6.160798529246925,0.8108196886213226,95.29144671218278
43.08875236618059,82.5415664123948,9.244951703706661,16.249841547444145,0.9252522435902355,-29.547469490565575
24.871427258762992,84.4871347755229,45.79002951270714,89.50338588534369,46.05660075622558,-32.775097934611644
61.714498660403,24.90087361090899,39.44793908388575,68.60242239358911,48.833491300433465,195.8136396432356
70.67772168854458,57.67023988577563,86.70601823789474,24.990172163688985,2.2569696573442655,216.1213499223874
16.704190790094987,6.725591396736785,24.399530235247223,6.560076494502953,68.69274167743025,77.47315871659202
16.761921628831765,9.491793682166971,96.6734227535108,69.06153123866363,29.400338859495314,184.7807111071192
3.667142693354297,99.88926120332906,95.81381198044961,57.24077259677651,55.98931015359494,-39.71290422138296
73.64020150656405,32.663924942591095,24.76316430714387,40.4519524458235,30.091907316541878,175.05334683884507
66.38045276218051,74.81839120488463,34.80519554773205,36.361144919006385,16.71343148693072,111.6640458499564
47.46308757498139,80.66650530268164,89.55557408738851,21.68142759291083,40.71737385988753,124.76328739320044
84.41704489691972,85.80232710072292,96.66222208961075,66.96112565375176,23.227336479050077,234.9414273471925
80.56701529500532,99.76282974021565,44.3439102836044,97.06680277938705,53.480097691916804,112.4196743165495
58.535436439675216,24.149648525686786,32.099704564089784,17.571524583682585,19.882853028647997,177.6584622558381
86.82712805132586,4.035082685969971,52.6094013251542,59.71166200155034,50.840597664462706,341.6492147510329
20.584121003676824,41.1191517994586,68.77692063657348,42.41850557459762,15.737851486886756,101.91457524300803
11.191961939772789,13.008066982894695,27.34745153749798,44.668872174466486,67.09747094857849,39.05052452612745
26.974961151698963,2.2425889162055124,73.64731746190728,25.41472801278144,75.39376844414241,197.6919357734945
5.708685608931486,36.04268271414861,5.165735711464103,82.5134875661419,11.039423424993377,-48.072876014381144
53.1169528001032,78.37382510752364,4.929449276441645,48.52556041472411,46.78024120373392,8.700651579638764
93.66056922949615,56.61806912250709,38.628770514554525,54.34058521982641,7.087170065487358,210.32341831148565
3.9343540668509647,31.277798921035405,35.34731920607206,30.476091279732575,59.81824455420024,-0.57945092756378
12.21099140100268,65.43420054927196,31.56332153671523,18.180846566694974,26.440429792964537,-56.863094170147185
45.21990282834353,23.20181803088107,49.101976266891,8.591038820282048,52.76244568387079,158.27049252854547
93.38750175279048,1.4381446072085025,32.07335823115712,71.41191409249159,51.746100938429116,314.41438955290863
31.61561049767505,76.43533864364274,19.225791846809194,19.623428168785562,92.43543461938005,-33.6742418971766
50.723480868839246,62.374308486400906,30.946954908860093,69.00753541887977,54.90832225687229,69.781154426772
4.15728590503921,76.23026245009599,97.4904272810235,39.03764460469539,58.29984797183157,7.214522920848919
14.834320096208886,3.893801668766561,41.11134169948486,41.57748009896515,40.165312576438026,82.23487087740753
98.66301229588468,83.71196278306522,44.47127768583358,46.91774960927717,94.90796031828168,180.81684637282072
96.51186964360456,61.95262000363033,57.654498995114004,36.77085081275432,77.71859094396096,255.73126012352927
0.49399809344096157,56.33953507126401,98.33407684142266,10.061997722259008,28.540529030284155,28.329658229227864
95.18117854232389,62.46140481145316,24.160127643576303,30.963181000284578,84.42095857762321,207.60621537172915
63.91199378155004,86.4433246868364,68.12821105324338,66.37343606939385,43.239636018508996,123.29434577099282
86.79182945200222,58.69365065589071,71.59846935417241,66.57844014688709,82.8667143533594,256.45351257754794
45.47398556338591,58.095037988817936,60.73244167930659,28.622430723999436,82.28880682935021,125.43746643569071
51.55960285792502,99.06791570657658,8.857833963664408,46.0102626557688,18.88701867628544,-33.267380011947225
48.88465802569202,75.6730167068568,67.68722758275764,19.344722801193747,70.1141131383577,91.09391498333615
66.68642575461044,44.22938054511353,6.409471103617548,21.037208152983577,29.06429693065311,129.93174868501873
13.96512547563129,70.73970000329277,59.61426495498969,2.3047088406607408,29.749266999266823,-5.067490507910261
2.9973589872677953,38.92304716917885,73.95811772217426,89.67465499077446,29.634807688058075,40.20985610849407
30.79299415911909,22.8875462483499,21.096989061995043,21.07066650749062,72.55682475599482,92.16395324320945
70.46807627366466,59.68518768877594,84.1622007542774,22.75338769364633,22.982604179253606,216.15471147645889
20.185345212294838,92.81820981139515,3.0353805533004263,27.96014326451318,0.09058352460902253,-120.19957678039732
67.34324333249174,92.91395200154628,84.3812863658306,12.7408071695429,71.52368534826331,142.98598205147115
96.99120461072704,34.19052781054903,46.032905064276505,63.92628831813628,17.118474383512527,282.2959768585131
9.39007157894184,52.7677466221695,21.75879399316445,7.514295317758657,10.448239530783464,-43.9512336229029
67.26021182251263,21.16358985698612,13.3778144993968,13.420242632635027,23.751612059406014,193.48777927664574
44.375021930457116,99.56311094988834,95.33071675823726,64.47567265900929,37.9900522322704,81.44460218271232
86.81422543775054,98.11179078679358,7.266558758115671,33.96606204814427,47.59063274732007,75.42956714082725
17.71497894473859,64.95089297074473,19.909341993592566,70.7947826701189,4.457004071263082,-48.51050892854153
69.26259522261645,80.44140596774734,34.7822347433046,55.742474467014205,97.05733326273605,102.38699613137508
83.81152896481102,71.51001612837,62.023484896112045,25.602117306151307,71.60630534195582,208.94744826675299
94.46142194740233,59.31582190394682,54.480108527609836,65.08279504893281,32.31940653243362,252.56517313462567
68.32480282896458,5.3347996988897695,12.564349241231398,11.627368029288066,31.869725728539734,209.8326843327415
49.71747640084273,45.476434255266106,28.972798373821462,53.64103830800304,44.85425493684594,104.90657419382933
61.78472402012139,67.47863021674105,23.875177108602408,43.71481050450347,62.6244822763033,91.00907470126846
86.89049844787182,67.75316138836847,21.354285449034137,26.787358281744076,14.637306658896776,147.12465086515994
57.060974663882966,37.31226184223836,41.1144336479987,60.40049977395001,18.892981376495232,159.91235619100718
3.038705969683686,94.16919866580305,70.40314525916568,87.13335923402825,85.94345828335508,-95.23060039683013
93.09486955069778,16.7357032236781,21.745293221723593,99.89046997630767,25.625492388907254,283.25647913553433
68.95267510315611,50.03594462155606,36.66788797029814,60.77627687434245,38.01949979751775,168.39139856743023
67.65133857772466,69.08839765508228,39.09174268411623,40.470587432917014,87.12718509501171,130.89029570704835
21.567515239771716,69.71358058918092,97.64565294354102,22.52071002162016,66.31478293998225,67.79339543456918
65.88854702326572,64.86389567688155,95.46663568790689,25.709608939511174,34.171187934168834,214.2282715981347
39.386440565415846,27.528821345186017,80.01375827520759,47.94549781497657,68.36995457246208,197.36185487409855
65.12329770414921,15.620656868662197,24.165892081918518,36.72777012807092,1.968321538141371,214.5151139809136
10.659303030799073,63.594032682671084,6.803731409166969,91.38145226249442,73.56426600113653,-85.2962861514601
65.7845304603036,59.930211613943776,31.690413772062477,36.82954676557095,48.701604051623946,126.42198511841258
99.94137257706666,17.935601028924097,26.679454943383085,37.34445911454355,81.31821472844612,315.0812095357707
4.821203886055603,70.51391455705634,50.59258001463939,38.35345124339769,95.46376520064683,-65.68336758660854
97.71741842213173,45.51719917336564,77.7727910067793,83.66202103676581,92.57885494945684,315.54628600306256
40.690796072287064,66.7760591603153,85.8322938878858,65.07883208469019,90.92650434553407,130.62441528342686
87.07534503372591,83.73670797701507,84.48640854105085,61.416885031889265,51.21699559338872,230.2342373755715
78.23854840582734,16.972842857692317,35.967556122306775,33.41430223838622,36.014211413893804,258.4139314620566
56.70162609866678,1.9144867996836679,68.72343434606829,81.79041768324394,46.503532473067274,254.3027321624292
73.84492092513266,77.91025863957867,31.283419752422002,3.8363861355701134,68.98960033133608,112.14027279446199
87.8515561301348,60.96974251526159,6.090554323518271,87.07971723381132,88.39977768711867,144.85186088265928
40.4140321651033,69.96395696221217,70.15652656029422,51.27498997939296,20.698630300011956,89.85936143949905
32.70331615632387,83.81549749886426,0.9827552569787845,39.82502348634128,91.8193158461703,-76.14038049123752
66.75933855635847,80.28109348245005,40.91825874584886,49.71672807176857,81.5180231969889,90.83598287320254
80.78459419412586,96.09201469288247,32.937926930207574,66.7415530533831,97.88560151782346,78.92799081508757
76.22851347766158,53.59350788521182,69.33775385188524,1.276542651789736,88.02517732816871,237.72320229015597
79.78136488586345,48.84956326599054,76.62454727603789,87.15518564582477,27.993732969190667,252.58408392523552
43.5583314812933,40.18871998907301,30.409463597128383,44.673952531139285,10.595591134404769,97.48320769845182
81.78342161750216,15.369104284420454,81.16270144448535,34.296651970007815,11.224107199158862,336.3337272856518
12.020905537060845,57.26072328820224,29.391676050493377,13.82455656340571,29.12233185782761,-45.04555521908688
54.448909796084955,27.70125243259788,44.63263599865612,43.94653743584421,61.418372398453926,162.30252940656135
0.575866049812157,92.13075122129754,72.7018527014134,49.632277128437885,80.43203260971725,-83.53427650101088
32.45858299002703,58.31908042770976,69.29202292247886,40.36466944934778,89.92503069815648,77.44393811008597
36.646153487139784,59.284018050811014,98.73684723122,67.86600938268971,62.37533843692328,143.1417576767654
39.61726916092554,35.492466087701004,22.51610242159319,42.0896528759226,0.563131274805373,73.68385230455829
69.54672066898621,5.198935197770749,66.23179135395823,96.14175778465733,18.63167765185335,315.0548849583007
38.85581012703457,3.174376537298862,60.96819082757774,59.92775178235918,9.972620385336795,211.9424739068041
44.86936226225306,42.33351441531975,91.509845449003,80.74779356519089,36.332447556901,195.2894216262813
23.754413087432745,8.456537809723786,15.636214164487505,10.935590310947884,50.13509936337459,76.60789586485043
37.325179162934006,60.68469555401391,75.1798163586933,39.72912929459057,4.339717857856085,118.51867827601899
22.726962726315147,88.09730056396575,56.826861626876834,33.68477014471527,34.84779757956553,-24.95347681988205
7.319592376844364,88.29148165187222,27.46658697879054,56.94823881365918,17.917967462532257,-113.73691984656799
60.34485933813779,65.90454101322324,47.44349141471741,86.11135200614257,64.70701662588739,122.09047850753569
66.82127985550163,21.1231831472931,33.37765970697978,7.833821776200667,46.427236932434,215.30219323782177
61.94903460096145,86.29968313588721,57.931340278846086,7.257479804471078,49.531764693390876,106.51382873940891
46.34940438005724,88.60934353132082,88.90006108146659,85.03177081575988,42.76917880334611,90.42836491528392
37.978578017922985,19.66535849529587,56.9304984412202,21.285008603835742,95.6019710486567,154.67082753074797
86.33336495718252,73.74260857706773,63.17224183265841,66.87532544498137,21.473512512156322,212.67227003792058
51.908178513621806,28.651954892712293,51.874784711470944,54.28781323608052,51.66642598438743,183.38516866155956
47.9181877629731,80.26403123529296,5.116550644547591,83.28935948872295,73.60173683653359,-13.032184463073978
2.5642065806435688,99.72378999036027,23.285855687609423,12.508890983640352,55.684441313456254,-172.69805740416024
34.12478276261564,3.0026005329392813,49.20017294320827,12.978296572261128,92.90208857168011,168.09624567669832
38.019561878585705,89.73658657909318,31.023528374470477,55.681836027830755,37.796835564128415,-12.643936972464951
39.88227808969005,62.26305335986581,18.176359776119423,94.63786533583709,46.3675805773178,40.439435677715466
58.017236922733225,97.33826191648211,50.41328419184383,41.499775837075425,8.852231521472842,43.015533599594576
53.360254672687844,46.50095175264276,32.28097934478503,32.694210025469495,60.89991110519285,111.2346170016498
60.79050927934446,84.73879305713737,25.810764317341473,60.66893231978858,28.821196844810604,47.716052584517094
76.48832615421283,6.239406859827723,46.39854174403808,93.0448600545031,16.030903951556887,300.1420307533552
81.29857387160935,33.527905007829574,13.328425808217315,83.69278328446237,54.45312929045081,196.48313530690857
71.81230762264944,6.701653775120997,92.77457330754073,99.54836107332198,53.23102633799106,332.12220968529476
95.55236959549347,97.53431334790706,86.7702097919239,2.256858320237709,7.587164122404754,227.33074960777037
1.823258267636163,81.69739072718367,70.76205857405353,11.285814471276224,69.82154534944728,-55.82830399078803
19.57779856835461,85.25474212459704,10.621382758845622,60.946776336662204,62.377219065085285,-108.08788713944136
0.756287497814212,93.79652314338942,77.5877254469693,82.05764393338497,18.90172827464972,-77.87032869564376
64.7474714154603,8.510348611978536,80.7957328109019,28.524434230676654,46.943486215404384,315.7557357830028
89.8030548949987,38.55975925133334,76.77646177143377,23.921108803421877,72.032291647856,311.2964310559747
24.34822965762993,7.103488904400212,11.396588711924116,78.69757993812009,52.94357405412765,77.01019478650097
92.70345447963066,21.07931015500286,64.39079570677647,5.638185385323158,39.54890761835702,330.0389993309305
6.026739028956085,22.936577703767234,83.43247957493986,36.93826475825851,32.233845808094365,100.27726946293156
93.44360268055144,46.91072110475787,57.73534012196677,50.58092225923298,61.039386664405356,275.91473547511373
35.16226872396344,26.856216745364257,64.6407375228089,56.03486743503234,93.91086983102406,151.65716724744843
10.142082844921651,10.09781068177611,45.83634794263062,72.86151567927769,67.17448404774834,80.13359998793618
48.58717591863256,16.749108909410772,52.87073198840526,35.48457234306582,7.474590363631551,200.2573913027395
25.677656772050796,14.727556355209092,3.4376858351725215,61.26843446746072,46.06849734821338,52.9654298185003
28.487290196192284,97.30767979122983,63.89630219732846,58.53754227909563,89.08241315106275,-23.088424053416496
30.728996492628657,75.92925069184736,8.14472128911592,54.76161006537471,9.446242580108688,-53.57865888114354
80.30258978326634,96.7761465269562,43.50145943402234,64.04832931422122,98.88757121375433,92.81747851202302
53.91612766752545,43.974048650790856,29.265509766740784,25.94491710680763,94.90693936454213,137.96672151152976
31.130769915600364,27.83684816626566,54.54279502117131,8.464875358462898,7.827448072987586,128.1603518655536
61.03337833109184,79.82931972091866,13.341633552320708,11.927167203974342,93.3413320449555,35.15324092862688
71.61506742231936,32.62539180411468,69.16434019733182,22.458238265390108,36.31325902594622,250.52248046075545
27.262400073353376,29.93833737053483,79.50115369284704,50.01979355227852,84.47091670758626,134.7934912761967
41.354910152535155,23.25059922078312,16.33544497431565,84.04427505460201,41.83833377132715,117.49217159125388
12.188609333694755,12.967897822423534,10.431308735188216,70.12933420883842,44.08551127025159,12.078223816310228
18.11493495346803,25.646306101676597,14.551548278735915,78.90406042020471,63.42430909775426,26.02427566334256
68.11178539649828,35.53197484738877,87.71275618985017,35.09756239260914,77.44774192759833,263.7552623538441
18.143834769562694,67.39942081457303,52.81892617563562,40.465374164855014,3.3789150948248636,7.129438250086588
52.516338366706016,6.256484221945158,46.72609960075026,39.368188599061284,59.31559955271343,214.08510378010618
70.90462617224327,21.050693966534297,10.671181910235427,19.187318440450152,18.673299409737098,169.03717468245998
10.687692309474384,80.90236402916764,64.95560067569618,6.121665814357202,34.594951786320294,-34.81942846279228
56.73122196289035,14.692192358377076,86.799959189509,59.09160928272268,34.79686661552165,261.2875977767472
25.656278370136377,34.26451465225215,82.8185869323453,98.92166834205861,46.906034022115364,133.4634816699884
96.29268752375798,86.46589218581401,62.60547089808013,16.682970495026282,33.41364118761734,224.19625491196936
48.35456467199247,15.492531114344265,7.527871665167362,4.6684819899273755,10.736111845066777,107.97618684271713
80.59925497751581,8.27368356181899,11.239702717601297,77.9531681823933,14.562873852545144,234.10772453131236
55.022654215626176,48.45379950800108,4.930898710982468,25.25860066847242,3.343798556109767,70.0297821595151
4.341253285481916,30.24195112785364,25.74792164924693,82.96438053529283,47.02490853287543,-12.654570879523249
63.31513755940223,56.34083644838541,13.566146716037775,70.39366670345154,95.44476948529885,105.01421649654499
95.14033422066571,80.38048904834751,26.004804025243388,94.56735370508046,11.567522364811655,161.9317864275533
60.16118201463312,13.714848815274316,38.50580557189617,40.8927235756672,94.6264493003082,214.97058402839946
81.91888594267903,58.0699084554285,94.29827840711357,66.19698394506341,73.33615147320936,264.80652809053265
88.42064633484078,50.550876038986395,61.03760597816921,46.48547808132707,63.74988029341632,258.01583934798276
22.807977194893247,14.407878601319958,83.49737856829623,63.05886973085435,64.52777553235629,172.6322185432613
21.204483990822666,62.39984855289824,71.03515007123322,44.95989060077373,82.67276483962821,38.04348447615047
61.09809888509917,27.364041786077166,11.250313052663174,18.863224642407484,10.691986437982138,153.2552638602031
41.10284698067047,48.78343185440125,73.59204063739489,50.78974160033809,50.47543235655417,136.65346587657692
83.98613028667204,8.227232427706188,27.509888155912442,52.85842014374423,69.70911382607585,287.22336064329494
90.00231233980112,45.958405721362304,63.91078469947063,81.0603848260161,58.682044507356366,271.94210362511495
35.34213793027181,30.646346804282032,34.09619736429885,73.55207057935812,83.27790710232946,99.69046278032064
23.687055897448207,82.23812111853543,99.76722632646592,66.3791623941444,7.22717090113515,55.82970262818734
78.05255152438619,5.697872699736828,26.355147949677782,11.338709555257253,69.0701039499166,261.3325084777958
27.48060355481361,41.860727491832996,27.913047077426967,72.0616290663715,53.40277303847177,43.17923057917218
82.26143185136785,45.8431424131438,93.06722555623983,50.03051563545148,37.91608639799434,300.06692375442475
42.37382536487628,72.50060762991187,2.464440463632267,89.40995361061593,34.027498223403086,-26.67872758898654
66.75498992914704,57.428757509021096,69.66889878731969,91.98709341305428,62.083263277419285,204.24713903855726
9.553531383466819,66.72123371941811,72.53263907358782,5.515659060178546,89.09953746442648,-14.579545083552013
62.3859324676573,77.7049285651756,83.63785774103994,82.06415603544788,49.61759261011153,150.3566057867916
45.17676787372291,86.22029736581888,97.44393106384753,3.769739042267062,82.47231640769202,108.31291477765328
58.66084631754741,31.38754967224705,97.56019191566524,36.716962569502265,40.21563818439675,263.6712871725055
16.801420774486342,53.802270536390296,6.527675756646389,54.22999756210791,10.239446279317654,-31.6470398369382
73.68737449441821,84.01080784391999,82.18393227529025,14.810079862712744,6.1505736458638545,157.73349132609894
86.27970775432286,98.94511309650565,64.63099336573814,74.63138125690769,5.1334371323677574,152.81844583466733
21.673980009077564,88.95193110437631,64.73421343730912,0.8354704172138572,38.015014195766994,-37.048936903548906
9.571455552016172,37.14672626243768,12.83499266146948,16.859904843403683,33.72377508358421,-26.010377137520152
2.3638586046336396,19.516651721865042,65.01871664456533,58.07968298534757,71.79370236225695,68.30318318201913
64.1971500443266,48.93925374065887,98.24825806012478,71.43875620372924,74.28215015848659,257.9932871635618
60.70940360887808,74.16414518360422,91.1818569539447,91.66431026939162,5.085396883373983,171.7790534992774
54.669741271407005,49.25690707532976,43.91306608048505,70.54966519346239,22.112326288901496,141.80526007871285
23.194709611597542,48.31808633136685,3.994797328609434,67.1779270254866,27.42618501588997,-15.221477019636335
39.09059959055147,83.82304210818006,36.229349000020484,39.43411463506643,54.76119841428094,-0.3827439147266736
59.4476335186173,36.14037790671863,82.63903116005552,0.12844255268014138,14.451522390695025,215.93108401457752
49.67668588591694,85.97946748116456,70.1499101465166,12.015925873562194,13.394121940000037,85.04601089811472
98.77855202148874,40.680480095172356,45.93436555939564,53.455454475603915,94.3788889207958,268.9552240417613
13.643975255673313,32.82331056783394,5.510153515883109,67.51298858444197,80.4202907297781,-3.497394368126841
69.51445540475937,45.3989911199699,42.68947278233026,41.74482838964625,18.06549020911703,180.1589721274655
40.431876810429216,76.24469586748684,46.90249397178835,73.06790115283903,40.6567807905491,51.11175376911066
42.819961492561475,12.600202786399429,92.85555328941359,52.186229533217876,35.56219992575655,237.74066449768196
71.75977656581762,19.64192158720174,64.10861035821594,7.4176195594312215,79.10040740654073,274.8469099243832
69.24361513243696,95.1444825663092,31.16529166546489,19.201625096794885,51.021291647812205,66.2833063362367
99.12559937021884,17.54916273813574,52.53182644507214,83.99982232439429,12.784973699346702,340.625771121884
12.839428945412523,56.77273179310546,6.605530782216007,72.49127466244396,73.89920631562438,-69.44547571061526
10.410964938416633,57.931446666193786,97.25682356497369,89.4761987012495,39.68879782249189,65.17979701502807
72.43388171287411,48.96244620502448,36.0059901930726,11.755724912093656,26.292424763214704,164.12410538335018
57.83869170064091,64.47452485768186,47.78673549131358,99.02225346150739,37.54986220207201,104.15277533393879
27.416066655980586,22.982672579761843,35.52839742369226,20.94067139499336,49.77565636068964,102.00371987722474
7.9419368988986605,55.266226777674824,68.25117301162001,1.177987628664201,34.311551641700945,22.941796547697358
8.565824959643054,37.21732552468971,66.2232158329593,99.74229390535541,24.190577259175782,51.25656366501109
89.41908746641182,66.1667259629189,71.53223105291356,28.107388544511313,39.85020288039804,259.8735808782058
19.18673247187429,14.122354337314945,26.814322961192083,66.80194525125599,1.9172910749898242,66.85931799553265
32.33715621155208,57.08774168394763,31.566848116406597,17.66823141763052,77.24978460963139,43.413289641260675
22.6656402226988,18.52703553833237,12.525123109620795,58.022853219914175,17.09448935675858,51.48627510512108
35.49963058319373,27.86430631150364,65.55099718461126,90.40349864545593,4.390461363063725,138.8492674027269
6.942384274609337,21.87098003235832,3.979712733565255,32.01811674284386,65.36986929050792,1.535163777167746
51.90597909082704,18.28377798688171,59.768233552345905,67.02539760443592,77.39361288236722,218.7098400934774
6.76125635922149,82.5710951560667,86.96958848516338,18.79035887984165,81.38291315928431,-15.614248816819522
80.03565078223616,28.570756766089033,89.08321482896335,62.479539871872525,49.35091826605999,323.8619736533149
23.3712081910433,92.71237818644494,44.90377603699617,33.64503518175101,20.53681846899853,-51.992502084244784
54.00119146045106,96.99265253451908,45.930368821307376,21.12082585879517,73.72276772498267,45.205312894871504
88.00790875614582,57.126046993709735,7.696918300801736,31.318205070363515,69.97130771543371,137.40622407938102
65.08773690471942,14.30011226657264,67.07650254430358,17.884106850779936,24.627073410317323,257.0797266605224
53.29577865513353,37.45482433795813,82.12594203728455,90.19161078378828,90.34077558627929,217.9591977882808
32.43337531153756,79.7732263348214,24.465505460471306,39.71868863171289,10.4371458082829,-28.044623926512358
33.300191305819794,36.739072869707044,42.13008816333647,24.527930497436735,98.26882395913256,91.69298337193742
66.94869551981901,8.701721830278874,83.88393367652704,44.840784101593286,86.02478109774646,295.8006867925355
99.41393612211675,55.678491092818795,87.7120467662288,32.053616680649554,68.78986454790751,336.9315662870769
66.18391898493786,84.51208514960348,24.317998026422593,74.4419253813326,93.87498882798329,77.90988013241727
55.77834173700249,79.59263871435024,55.057063454136426,97.12199118854944,72.23111683237077,88.72849077975832
73.06505102392461,17.512314013035322,19.249315063582706,43.80336566976468,19.045699703004594,208.99753907244397
46.52056122837182,67.27646144124667,10.187876413955655,86.10333999722404,44.21561381128117,30.58661903775252
6.0142342600785215,22.05042634356471,91.11205013919576,56.58630735596195,7.150302433163535,130.43462980358908
56.22968158779098,21.820753455217222,82.05075042321091,15.723566509423348,38.96574222881154,257.6612660458684
95.76252845053801,87.40717733051852,76.00349018031739,69.06227420813416,74.16030197372086,248.1964926350191
17.530294235765965,24.966895274023017,4.876631881314042,51.343449712582014,38.644335093081736,0.7485266906037449
69.00048908206658,26.32473465180112,84.37287927102575,65.06065232521034,33.02941754681341,272.7174485441482
20.093368865905646,0.06533907612995549,43.804407590538375,88.9687412571665,59.53557225103119,113.9666286507311
53.582768447308126,87.06690341255177,34.23951232958596,44.043457065604606,87.2204528998895,42.39137350769458
9.667644964671961,79.25948132091347,54.647636102537646,90.11776232173557,4.7583192546112425,-45.78853809596089
45.037093625818514,62.7328935090678,9.135324272355582,75.0669014281655,38.54704346997354,21.828969033133472
75.61633288952461,75.02657639388423,75.66465493523988,48.860492587798475,15.82407418152627,198.3854145648982
34.757152423898205,15.20485674244918,58.24350768882959,60.32221356579637,69.53542507318696,173.55029137218727
66.4911724487218,45.832359458757544,18.659009687316754,32.55811325190115,10.572456043113487,120.54068886675704
79.54499607897291,35.121938734878086,18.82321997690456,98.35972997387742,66.48077585802446,190.65622045350827
92.71778194794527,9.37765262570165,18.424865157267423,66.7351163050396,28.618087079790733,295.2367742695643
23.464208185545353,48.61304852149241,5.700238755193398,4.38468524966299,19.89168137372247,-22.960501192144477
39.931591580930814,92.07396503426354,58.77984493716848,32.662190574800874,93.63525578249853,15.834551316436535
15.241601333041743,4.005911905069448,84.0348177588508,62.33144337590575,1.8524576745955867,173.9505811037665
99.24835021583752,29.14609134937939,1.74982139873886,5.63332777992398,43.777727188956895,229.1825993496223
92.70009679242953,20.754093620570345,4.900464497127355,2.3884191319142767,2.162699246179378,240.9270018039279
53.99571302805596,23.81466536656963,57.27702766869458,45.002423952780255,48.3593048104329,203.55979011211858
84.20332943764213,90.84345518793752,81.94956853860523,33.269017969267,50.10473777944182,188.10923160585799
52.09579772720422,46.806905423429015,32.67388905686336,43.82986080331659,32.1662471394747,119.51597248018142
62.35856880027597,46.62994129398188,34.96143988077222,26.269330988000515,13.216177752502368,140.56921388204879
8.912443211601662,76.05756424552823,59.63464974967759,16.47177469429809,37.63875377344753,-21.839629297275884
75.52704204968079,15.44922040049258,27.4212889124147,68.91433569803377,67.2262939932566,235.55715574172152
12.771348363523483,48.72653541000508,2.660836607768413,51.45711162678005,78.23958086444591,-48.43506945073356
82.60676302525283,42.99852141210597,73.52285181015961,20.015421124936683,53.07506023881423,279.56776349661413
78.20280876703859,59.69106905466561,62.56499129414531,31.958942625999832,58.98343944397556,202.7983751055618
70.87446977429764,99.95577032504386,58.07559990556591,59.18079076633259,20.06163711246527,79.29040304459517
3.6160380524762115,76.9448894082047,74.16841289918231,7.2229348272477845,28.733033322764946,-28.181487763568967
30.31283559453286,39.78657030174272,67.52308375620375,14.745300926617954,16.18956100523584,113.37287528566746
26.311256991084285,82.75530522740469,20.588198817832115,7.324560410739012,24.929535000461133,-50.136280979057084
36.01364074715191,17.070836331248017,35.24810469433511,81.23173327141188,22.488678022553177,124.50613189663397
8.764274676383854,3.0463686308960125,12.6110141678625,75.24092332120092,51.94487863912376,34.81233103114613
93.69578230310628,20.444837246427305,12.985701341788102,75.33129318792571,56.26887557907294,279.76095453896335
55.38022407123763,34.041155611425964,67.61957463565392,71.6325343476028,94.49474208215045,184.76418232923407
30.552431065802356,51.05807574595599,85.86001069824982,66.93854236698692,19.557064710152304,125.67066253651221
39.698151707428345,61.51291405411998,96.27325838611391,47.6991915378175,64.1675710161496,134.73249601138204
44.72025405048357,91.06057172144217,62.834711754944436,64.22781635071149,81.72592689875229,42.9339001635788
60.05943333606173,50.98540095504577,18.410132336095696,3.836155478797465,56.024146378305254,102.65166827649756
51.567942769649775,50.127564462572934,10.56503454489307,62.14644226567846,25.50036525010757,62.26190845943048
91.93919732144174,5.024300982298213,81.28509715367578,77.78777055368772,26.255023002000023,393.4088778326049
49.696348290583025,3.491155265622381,57.875647635999925,50.035836038439015,3.925305307099991,242.82664175400376
99.21580148233127,55.11599619163721,61.82850210137198,35.75133284272369,30.54442265484817,284.858301828244
85.14249577450957,43.81786132483445,78.14620887547092,27.742673480097913,74.46036790033801,286.04489794918715
20.85105143573358,83.91803949802986,70.32772277324516,64.28020501620824,4.751775720711038,-9.655745519983707
93.05952146439162,16.067958471184518,83.44582528560966,69.28011986299087,21.929528250483067,377.3796380374648
11.636639788547608,2.49716621170496,5.621390545987848,87.09675998625426,70.6232498531782,59.91116907850766
81.74497084911916,44.903876793012586,74.75206367465049,34.233408246099074,78.26515628228766,263.7483082353571
38.06232934765801,23.74785567522575,85.08527573220954,76.97723073855856,45.53184100619284,190.55935449731817
87.79743204450695,4.961437333883745,28.613504245831432,56.135582418933794,69.80743384786489,290.77878652469053
86.80566901074504,72.4598286847629,64.04472739932528,88.28364906780791,38.7952168654892,206.67029841675304
80.59254001176211,11.159299995724748,31.416206383697208,52.78121082956208,15.991324502412752,239.1303340826588
79.00304363070614,60.83195000077717,95.7971066482454,51.76298283979672,39.814949352290654,263.0912447214893
30.46791390980408,28.104975016688915,3.3423572435503757,57.787708144090914,57.996782020314285,31.75180579781383
8.091928305125219,17.3496050355022,57.97928438329551,74.93153551424344,94.80532818528903,60.442870231396505
40.29801787651615,37.97515229193175,16.65035470495151,96.4690478828461,6.875095208867732,77.4511806004377
17.35245149865087,80.14457762229537,71.22202051771586,7.356335421576565,50.73940938449606,-12.218947822483704
69.49510889024617,39.20935769045727,17.589028341866207,5.3434602391017165,32.89197782107244,153.0634632637857
34.609972653778556,75.07696492110557,23.538326189835757,93.75503374073385,50.83116942766945,3.6479013157639617
97.56102008599149,12.548629679915068,49.43708110457581,52.98756255182061,2.397544737653168,327.6492645747629
64.0972077345332,77.27714196650791,91.4834949996878,61.49030145669361,31.302535470158134,159.63659942413787
82.24805636343609,23.693332490664865,21.171437214797084,48.24236015947289,81.9868147527005,233.80772182679755
13.252467274184843,67.73931298888728,14.424002111810353,9.365745260747449,55.39417338546375,-62.590347347400815
86.20144822726226,56.57815548409963,75.89768318540307,76.80893784186665,45.05824928161174,243.55114131437247
92.27571905133944,92.91447172116874,50.0619532333931,74.72246450885869,28.552507171533957,170.16804093014224
48.70619188189359,38.732251797531404,91.17851123817714,31.1703321492812,29.80425227913559,211.2318343075006
60.625293775097745,6.616518883444044,14.661455715984228,30.623924522840042,38.31014335905844,170.04342229545827
76.48098009029954,1.9155485551252904,64.59278930230393,83.78413809055185,83.55707099645603,330.4860404931762
17.483862726041256,82.6858560972753,23.287914615181503,7.235725774132662,96.72132068082684,-69.22219329523278
50.25660764634424,52.473563766143215,15.67604286516393,88.11051483565659,43.865538135037454,66.21890397193197
39.86630277723131,77.52440518349492,68.34294151572705,25.66616898959144,39.33528387477618,79.58797386127475
14.63739921622491,23.44256000115147,59.36846199087332,59.298474775549394,84.65507758198628,97.44432637593022
36.753442229153144,34.50837455132337,75.48274583623312,93.59941790017777,42.69053206363036,155.49887559633444
6.817230938549357,3.010387221131894,30.946257644618235,67.81225015366465,55.20181722956512,56.33585093706229
2.5811906949486985,96.14923245741122,44.79716563821899,41.44298124670366,23.094166459874444,-127.0874232984774
13.516628915482276,66.78679067008134,40.547167633041845,68.95342089054152,74.35025357790752,-32.57857823781501
96.31151115891738,93.32050877593062,98.40894639665142,34.39796363163702,53.19883182707819,255.60452471690985
54.952953589501696,26.549640742907233,29.22489567393879,27.725841634918613,80.90345502403416,152.3551541831924
96.582216115322,61.146361122566084,29.481723834676686,99.66832779346797,78.07327300286697,189.70150180022856
43.2497878330132,67.84999682926379,35.45482088286074,75.07902311797878,21.500476827002856,59.91874011056883
31.181613308525957,31.754970025758844,56.45940812903215,64.47199773818177,71.56355505577623,116.62624428605736
50.61418628402441,84.81092350156301,25.232274426374524,35.52896432193188,80.00544079513713,16.27287852174067
43.95116886329101,94.71614629002478,91.52899403792739,4.916082915504816,34.61072407823951,88.28628895094742
10.566468426174392,88.48551176960044,26.56855648662635,3.105687603515561,17.260911290227455,-90.17239756591059
64.08263146902063,73.90669759393725,89.58157315601947,55.418125544879885,0.263215557958818,150.78774325833768
21.60381825095996,27.746467972495402,10.347506364658464,76.2032721039051,45.09036530931482,29.182414854097487
61.95879548978296,28.161604210563173,65.65627023996524,53.73791904438551,35.24327315388416,213.7710913000669
65.02010923981534,96.3360320446038,90.69855184382438,84.07850719391146,55.49098338254089,143.42719646396444
15.20248531286481,1.0284495935692028,16.874943839822954,3.3426533093221633,18.804109258878576,70.14224453493625
6.134962711066816,71.60499732421445,96.8326960099255,36.67520764259401,85.96655476664752,26.801202764065295
78.07615860684398,70.62461625552622,45.28833604155117,23.707039117417807,25.775521562810965,155.91927122685968
45.98004237693202,62.26895409497975,94.57151084410245,44.7272968157122,22.642960508764997,136.5270840887987
5.816379550547579,99.01088460868658,67.6820043630047,7.2376393194122475,48.071405648435594,-83.55330593379007
99.48663171697672,31.187943576372522,30.158686987355154,95.41316415710726,49.885102374427426,285.39051483061564
5.778056099636664,33.997186379324816,18.83025249171064,22.325540106936092,21.508522878509282,-12.260902435421448
69.50352288585532,7.893940294655555,30.37350462250994,92.23077754835847,27.18607267259158,226.56463199729453
98.36789252634136,44.27981365437375,9.301740926267499,42.58931550366818,16.970523915524495,230.767265928408
23.918010421592562,26.10485262348481,14.386796634332978,98.5524133255218,71.84601783231668,34.645798072842325
14.224936868719617,34.338670217764424,10.466044034648114,55.40583834602108,77.0089031254082,-6.678964961452562
12.138493942242889,83.45717902556277,42.29435437415577,93.08328641758075,46.23284974592826,-72.15628419181954
30.327514756759555,93.54845135274957,79.55783762575864,0.5348988694222845,71.40870226850174,25.044104280538512
10.10458110106467,18.573307200518563,14.138355421634019,74.82388061809002,73.59353919374455,23.293438380310658
69.2161341694132,37.25089315534659,13.032043317233589,90.30506531025154,13.82755276778086,140.42454040051146
6.229179813006269,92.8630562115394,64.34289495173307,13.972056697895407,96.61780248345367,-77.32328952392871
50.94221281497897,6.180846068922263,19.71829819680663,9.612585173215148,82.1031947096431,171.8920194757232
99.66968538529768,9.236052811137851,9.76100381089916,42.457260718595556,20.44834611958235,319.19429286026957
81.39702695060188,16.279098920622936,16.684857820557763,93.36789061329351,18.616503574607023,228.02827261972814
61.52194382310109,59.521283412687474,92.37313958767761,54.23865601904387,12.566114557958274,224.48431288541394
30.625362078661166,15.047227100599747,82.14712527761908,52.74564637217322,13.837856254191838,205.04655298796433
62.389583629163845,96.80763814507335,35.40645623550941,14.112611829932186,74.81617990286962,45.69004744359303
52.70414639116516,44.671452725852035,65.58207673273928,0.07895110932187865,46.96542569516235,164.16112355890135
42.60833838903715,50.15179603501664,53.72756736680381,81.01400907454612,78.29341727398672,101.19212216063697
13.071037674019948,24.66586158054065,67.7124263482564,8.757456298623822,74.62548943502054,90.76800408003645
88.66042152404667,47.09602524347335,68.26711524627594,63.384981873532396,60.46127135052216,260.1226926290117
44.97846488213225,66.19136326370115,62.8734015059993,91.46164545151915,68.63666065786795,96.10038020478743
19.462251182076507,75.11771369540428,26.610136853730857,20.865191315843102,1.8355724379141791,-36.964665825474185
36.77593508772896,75.3868082709913,3.900642076281813,66.52728362369108,31.177764680502197,-40.70569878914016
41.4129752528927,57.789111269408835,45.55667819901088,7.869857670750946,63.78221792594102,74.58847747848625
82.75378955668742,90.43597749938573,89.09738846907038,60.3755143837613,0.9344953486244201,184.02409163222396
73.3614380561402,81.74078473061094,56.94972585185759,16.393172095320274,3.2976943682593407,145.76795436629556
76.93048936413398,75.70481146986255,83.23910417019079,73.5953560515178,85.18879824703832,206.88531825747677
1.1031264428647214,5.560552168046062,99.16243429612281,30.12312947939082,68.40248616920718,141.56895003434397
41.615399817976154,0.6877962219649314,16.361620413827627,46.33910088046462,26.536973312034394,145.84476712851858
48.13441516353236,21.244727719547296,69.17776391419824,59.94305420276217,68.7962840118709,202.75285673507528
1.9192276823056686,66.35235939134523,67.42935737000246,17.12734106662396,79.24566691392633,-20.78399734376304
25.98132087450342,41.119748888254584,97.99554473582785,74.16378186176209,30.679428311010128,142.40961593485665
76.0289823122135,40.24062592993117,98.56007339528003,30.264034063681457,3.603737749918745,298.59552388525157
13.710970572899905,88.45868882296138,68.66786117241294,66.23718599127535,93.27791246877345,-30.63284599405814
53.531013145259166,89.55628481318388,24.361479198219428,15.828305069937365,34.51798382956305,29.256961477696485
21.52018720172375,90.91752640535857,79.85558381305991,68.81176592063503,10.648176328470637,9.2788254877945
1.2120774643893273,31.38780765150273,10.70291342110381,12.818807281046174,49.18568713931474,-41.15639434667986
24.12014575995415,69.10558127392618,78.06993041716287,42.535649626998364,76.84677956641337,66.43839066427618
97.58737549100537,27.163318127436963,91.01961241446965,24.72060737388768,22.164731461755917,379.1675941304123
80.15371118829896,19.060983307444978,38.28333947684352,74.83752494281826,26.949005013336336,272.8138030531764
95.95766443210334,18.463245734736923,63.06352949830804,26.203500450687457,24.27149867985832,351.61122215816465
48.785404392636245,34.2107620863594,43.01427320968263,88.17173063953962,99.16730528316782,124.03690803039845
10.973619867750351,42.99576197798217,43.776505498812845,89.18202114066128,19.740373373054254,25.64244152869928
54.79594889736929,83.09491710550684,31.037088910812006,19.644131522278585,57.5520216966124,46.1054082607389
45.43773345599609,11.98910934727121,76.21296204503246,61.38459450077243,92.52646416569644,226.13487703198675
84.4357082739616,73.49258473948942,93.61765641665052,8.771764171996432,14.689656887777925,249.5619234427775
9.808258078424458,53.14549141893053,94.07508592344611,39.15370996016292,97.08541978677002,60.796588663010795
48.82411370217782,28.794534267599246,17.478128487493382,71.33217295012723,94.74772343956246,117.3707539064645
15.004866469398426,49.281958453282456,87.4743649656566,65.94232468499163,88.45719870582626,71.74346928668434
32.467592689006,29.994206977702266,73.74314414271221,62.47006694066079,21.455652133000225,160.77180291302548
73.73570773877996,59.608195523830595,25.283740069028926,28.25408636624436,63.405505601098334,138.78046113601158
47.601812936876655,43.38439228552442,6.728461292151455,37.8024949434402,76.08914729612401,62.30350775058398
37.58882851457693,16.440552907887874,26.799726688437797,10.294614470028618,98.60279281964297,110.83571160341899
39.44762785700353,11.658307455569672,91.22082367815256,71.9022820433601,18.04238220813704,234.5452620685865
45.94467684059866,54.66956820721302,63.31786748957723,50.38887967912735,76.60258995192964,125.3427663429867
78.50165438370568,90.24130332861034,72.10546608978719,70.87656323456545,33.880116992711294,167.06480176535223
89.20846889402344,34.395768655768556,25.715235110909585,24.894352479687278,17.56264655680023,227.1342031618463
95.53346865039283,73.30001072226231,71.93881555748203,32.443822863506625,42.13769412138549,231.8967958547612
78.6903386255295,65.8661354939767,2.812150627792376,33.42153372601147,79.38359121486164,114.81288385538927
31.540689574801274,93.1554914309481,37.53213457730138,2.57424097472162,46.48498037040522,-20.544293652775245
68.81347060865421,82.09810172991409,62.67533485423312,34.10478728306236,53.75231002030485,125.99367442358519
43.760312405539196,56.660525890546296,14.609656554132023,80.33045735180335,99.51594102001212,55.76878310234002
25.467062204605117,65.70304982341074,82.30035744469347,89.72984957497385,39.9109299557426,71.2847337213979
84.08715794259226,89.83864665840349,23.503129881191864,51.821831563592745,61.54007547092398,107.76824628724928
3.8426348962324997,39.95187845869348,65.22811128184462,45.55016952192202,36.524420161537186,25.49082772861969
90.17619921354235,32.679470585777736,40.51971425753297,3.0824618699370254,39.27856463287049,252.10404766112106
46.147746462473414,1.081108363519634,59.604359547764716,87.92043375853827,69.56407534454081,235.56484714127404
63.72014768082804,82.65510741914642,10.745055262890812,1.3010213425872719,93.78869760948835,34.21174748415148
65.93539222057827,80.0980700403365,1.6912799921607324,94.47500802102118,54.23589504923214,32.34888981192691
89.51177407065364,10.445451810015138,90.95644273803012,48.92162486880907,76.83999289487798,393.9983457978454
63.66696821672073,57.68573811327003,26.96300087671828,34.19344935747266,8.920655881696382,97.2440952719823
61.39335847600618,46.398169816688736,81.96770027804591,92.421843484266,21.115803743192696,199.09930810502826
6.665204056068996,11.870909550911147,99.93503004722002,2.4390993110096737,50.213164091953246,145.97499570213392
51.84080219452041,98.05682270607235,21.143125799891116,58.14248948690871,2.001172362877479,-5.943705838698276
15.016900081704165,21.469588746335543,26.51707411833556,54.89325244993376,25.28549787625588,46.73448040963399
73.74337687214856,6.723418009056115,66.28597876346657,21.932040121138208,51.740128982496614,304.1942778095708
51.22219208126745,59.48473795019096,96.54486346006212,42.88874313502106,1.4961198256300712,204.8180922199305
68.02277792083532,73.88666771330327,91.58143481907439,65.22640059437703,26.45462862260417,191.38822497685268
4.167290060238427,3.2443446047186963,50.28755200655849,72.71311968819275,51.40308194758695,79.13664746008841
8.479201604580322,65.87176387270222,79.51102825267246,0.07168587065797816,57.314924798124565,4.990752759206434
71.63233880626822,53.22918759514545,13.574585309990105,93.68534300910153,92.57516930553055,130.03958735870964
7.208433599867337,10.326500887504842,97.74381842040123,16.45253723928124,64.53456232506079,153.73763897566192
7.12567277652586,17.252387694636205,96.43532340359864,23.35804342223592,41.473580252999376,143.56100859103773
1.210847523488745,56.79742973160805,16.372895787917095,26.347344569384823,93.03511771330678,-100.2958158552764
95.65013982994802,29.63576135132884,29.94231248031066,3.782013655203531,78.48829833877943,270.13241212409537
73.75083594590069,93.8315728651316,10.015499750676693,12.305212359032492,20.00089211127476,53.07964784154534
35.32514085020642,81.87402294840508,27.17175988981797,98.63499229441621,13.084236134881976,-11.144408165518612
29.65355812876552,98.3567206513663,81.59557894152066,31.521673737728605,67.58116357427329,14.706088073890326
34.97032297458495,25.967083895041398,37.83156071652595,11.530109033904933,55.98831655769838,115.14838190378201
77.46535311811819,96.9723632797977,8.839696714675839,10.699126117462331,78.96736137927557,43.62123893751492
66.13706110704143,43.12338697915579,34.22255247789045,71.94599676699718,73.88050500786865,179.07729240283194
18.519556786746794,34.751879531375465,98.138333424128,85.45686640326409,62.521153385751504,143.18869246347575
17.410933533408436,5.034952696935324,62.96835952592029,25.695229950846986,98.63821716288922,123.16615662458337
9.839564971339732,5.276525785960262,41.61609464061578,2.090951233523497,53.35897301104087,70.63875482185477
66.03027197013381,69.20112559466547,16.653851349727,22.30900184453558,11.310575650171984,74.20012424459193
76.43726622217359,45.79289944340279,98.61767972836948,5.651569079675733,82.82735648159884,292.4322190812347
26.5046428325004,22.65216260361057,82.08490092631287,10.339493663004152,25.185336234570897,144.48967701557473
2.094496103091281,61.39703063252326,28.14773024509194,43.15081198476424,77.73021481439183,-77.59922093021558
8.217166747642734,25.285811825011116,7.006869572118946,22.991837086163258,95.71070960000515,-10.862775084747867
96.78600348450304,57.76317543444226,5.662555737755803,51.59458785254234,69.67955139643412,182.66383384579393
29.544477747742025,35.92087469826903,12.037814950553383,25.349375325719038,59.60301609498011,37.43728142964515
76.92231478381336,82.3552226611819,58.07685836144216,94.05373011029477,46.03861756750406,142.51375945775195
62.46635688542638,82.06961607667793,92.87634212054924,90.59439679262645,36.440986599540324,168.5228954177196
38.19396396528959,47.73503981224013,49.674342800598446,56.6806105010466,35.30047509718363,87.49120754752622
20.56872621955551,35.08191093350156,84.29454824561972,35.44239919873861,63.63727057095906,114.73798241611358
12.138641815940643,36.25597965590946,44.588661985980785,38.114688203473555,75.12731169377459,33.16427639403405
61.50129680388666,80.57145256682179,70.85835457678252,41.185228314449695,67.85170694844143,130.67929935849867
77.4633780637788,32.8179482797612,73.18727372865008,72.7579322134944,19.841010119356273,276.7749484149451
64.39042535411306,20.9059373706846,17.396370590333866,45.16389955188379,49.39871801434912,169.94768898670324
53.030213324915835,8.468834187530682,36.121605897581176,85.67299465058974,79.1640072183063,193.33988633406597
4.195122343163627,46.66931208844084,63.73021565380239,94.40947859303645,47.57040781890562,14.863902241683146
96.84887775943838,48.213209891984185,7.069660818436619,33.59461533789339,53.66232797354938,190.97385239033088
79.87141916545745,84.09087104029072,36.15401877629566,56.06944813756801,77.11360481708222,121.03821391710063
29.282203670096475,22.123869644606398,53.479946628119244,9.505653683256444,66.12653062650915,127.69559045358396
97.99703293588506,38.099127366839994,99.62244930446387,20.0469047766359,40.93449208823926,354.4521519922176
60.18815896363221,80.8405738893691,47.45335626224407,41.34657667101601,89.54127111942189,101.62918002146694
58.24226582072465,82.36236107489735,81.60567571143235,20.620271590177886,16.25670686634786,145.1067215055262
74.8073179429532,38.46110759787682,43.206728506661776,87.65604907887176,99.55164485903248,199.8583256334978
81.17697880901376,45.91240232866809,79.6390722619709,15.828625605909806,11.88525784762372,284.74093649316285
65.64786073315027,30.328589084928293,59.54148016201084,45.566082155309196,1.4949971104238902,224.16280838548914
12.809574636620003,93.2554878419312,88.65954415023984,60.56992404598757,89.00189011487647,-10.90778995707208
33.82675059944984,11.864376574158031,41.09425523501099,69.18639081608444,24.49535083659561,134.42637098126747
92.80836403260497,93.374942300147,60.43044198214788,38.306936972650675,72.96996274467209,191.55131874301034
22.461561184385193,68.38664518353433,63.00186806188274,86.90990687247286,81.10153749320693,29.175135467397713
37.21670238375133,53.15721526867312,41.73829418004733,56.831915107792554,85.89863910321168,59.80158531800271
43.2076882944196,3.2659060784495875,14.431204368748151,43.95077804475518,99.15942356641668,133.08603927982895
43.940498969445215,47.55961918220083,9.355940691233556,6.724063405203662,29.403971003999906,36.13314522869209
61.29395824945255,40.774810500273226,1.66715505996331,46.4689468445165,71.02433419272592,106.71240410208374
94.30758377447076,16.121881197512256,87.35342642452146,82.07358408157303,11.539985828082822,387.43384268296734
24.069271183250496,65.6409603500657,23.647491223869455,61.45410182213155,40.68092913568494,-17.093213526781305
12.150137630091805,97.11509073682858,21.150674928176805,83.21624537291183,84.79716933125904,-127.23356713719029
19.747048985993732,56.218881106452514,73.60354004260655,49.401167059930565,36.76580460591084,45.63873025234237
88.69249002092695,71.47532764439458,32.00161130873917,11.846170509448184,59.10953805356141,164.30848375686267
64.5810812655206,6.845045256601678,50.60446924118366,1.363984583588107,50.377344372463405,267.4833435347532
28.590678923916013,41.76669958169947,16.25110652974563,30.321954671859118,64.59515311120451,21.769011756966727
81.59469389686173,11.635848516449588,95.97457214619692,69.79904714977924,97.28943893876949,366.9084191837962
86.1369996363436,61.27958355365104,85.15814000172374,79.02599039416938,5.573552650140212,252.83253696856545
84.6514338690278,93.84821582141547,86.37896229650033,29.575283462032942,57.39615175016297,199.1921438635933
91.89265336395545,66.17777324716386,40.67737485720052,49.565392088324714,86.30287792502848,199.76163026654862
25.224102017336158,7.680304831442153,76.23612137071729,42.111890443408164,48.13827117484275,185.13300558295774
75.50419287462783,35.466620498508284,14.387615538978016,41.05227843514279,7.852718594157282,184.89633799740207
46.053949727414,55.066337944085156,0.8619002591780278,23.134871320015048,56.05393524167709,24.364964217089742
84.19985528900615,40.320775613325225,1.9972932578028124,13.637110502945838,33.20738908238204,173.68731425359556
72.84906771616131,83.36440104751723,58.660173740456045,19.668855823121312,15.49417853379359,134.29749926372727
77.64474464997247,81.46710047099891,45.53949052479408,5.53323871633461,84.9034513283473,124.11493682966062
65.61618376810715,61.183102010322145,51.801534890851975,19.813074182357703,52.15995129911216,143.61022532448297
17.742876946970686,37.345794513270526,0.7463140417219405,0.9200897625379456,93.32764123790666,-18.36131384583788
54.502691889693835,25.533637376324414,42.268661965742574,62.72584006359783,80.6016504603069,179.09638884734235
98.46697395245081,10.587431821312931,71.80681612008608,31.637540738768287,69.29717937736673,383.42176143078217
93.73880664971189,35.4897683486554,44.26937019674359,97.31447114269086,0.5025503365311934,273.62360800735394
4.317373579701167,41.31725172077195,73.22192063122223,19.371705077629787,42.782345663825,49.4811643016028
16.481481572943714,67.58229251040736,23.30189643968348,34.58285703095939,19.74862816520323,-50.13187659684898
13.172877345456191,65.81598242975734,81.31420044817254,35.78411586415332,91.07979110488678,36.89050613007218
72.59799099852955,7.0108139641256955,58.84312404534523,0.845149606246054,17.458398467636027,274.2992798133299
81.77853298569451,39.525931543115775,21.076309942990623,83.9207953039459,28.60600516592855,158.6741982691545
21.35113663106719,18.177886721736193,23.672047585383293,3.199446014432472,51.68367677344992,66.04358810618493
50.5852692951829,15.68127053168057,62.8030464569537,94.01798347292414,26.336361899807926,200.3501799704032
84.07030280112,82.73021497372459,82.99395932124433,89.20743510936207,20.986467727912117,209.11690041064674
73.28015447662506,4.191521671625753,41.56277820291552,53.55219160859635,59.90993251027524,270.7806169807509
54.223720549184826,41.91828759021213,25.83004291275922,54.35955749112921,8.892952275502386,133.45365686042442
59.03476904587729,16.82036557665182,86.70116069106004,65.37779229561563,5.816775872092473,277.5152825503543
50.83605469162799,87.9330215678474,66.9268291750835,38.7050011934887,37.22452951860714,78.69095496980114
29.754845131882057,55.704051327503514,44.80854872830765,64.72222833978554,72.06644545078623,53.43916737943735
56.50219928590161,23.1380636376848,48.790019527930184,4.476838868848687,55.4806758273948,200.1004757426209
68.88853020500906,50.24272871663764,20.42564679363964,5.404762734972657,42.28764684667789,132.24183344232702
87.33229158608077,73.14863597031159,62.680263006484395,45.723041961954436,56.57515642245824,220.43475662989133
63.629135397924806,95.81180089194338,35.87425105428886,54.96223011060349,36.54514846532736,41.9776797124382
76.1121537043158,22.044600424541894,99.56451766743493,88.7817640335819,93.61463354321128,336.8265086403516
16.0071634954573,88.61817721293451,48.01835152618879,10.466063390789627,5.490489091077433,-72.66303459157704
46.15574744197899,93.43041141674902,48.58856061896132,82.26479271938894,67.33914790298353,26.52869899604086
0.9331619827093296,91.64205445320663,56.58517874106719,21.004733729206958,89.12826648277505,-93.67695842895517
24.667886452162303,63.54143568619099,91.67560031187467,39.408364851003185,80.38847087352534,101.19873807106356
72.64617151130048,62.982065443470766,80.08180998597503,31.66024348274129,18.404103482144674,196.44735969150466
99.18099513493634,40.32106331838228,45.113006979784146,40.0155272865399,29.592634898028834,278.56149747918255
9.917809958721591,75.23978823037879,71.8699265972796,15.049549807258556,71.70479387071047,-4.694432422931971
40.14943158612883,53.12940183509319,58.62354987807616,50.357007440355495,8.427055918076555,105.47798846928741
80.00709686991596,67.74380712282945,49.23670487012489,80.16425898313673,81.18616998325841,180.19178418265133
20.403563462889885,42.84579038487954,19.231577278435054,44.153401037889694,71.89069446047903,-5.194881493022242
55.50849493022862,73.14964640431391,46.39362634548909,49.061357589819906,72.96066492353425,83.9084480193774
73.30712960296748,82.4471517604549,24.581858702257463,84.87675852813142,10.024137026759139,104.35028342361139
61.5985450260179,14.64362566028161,91.48421498516547,70.60581146380308,71.77605448162309,292.21961429769937
18.802473461541613,83.2929715574228,33.540681349634696,49.04544085197847,67.981812521997,-56.113903744323984
35.538456868573945,54.029653179030724,95.22640145333723,25.769564818917967,83.09224908218505,140.24378313990144
78.37917844853972,84.46659090902243,53.30552900947112,88.49267468449666,4.159595625646951,134.33179188928332
55.42265141320166,43.13017063410146,63.15443786761603,57.702040169055834,2.3110668467792195,184.07737403357606
0.5229613542912737,37.904048538303506,54.29404444893278,22.11476101106934,37.300709987856074,12.23417750499095
76.09907600280938,91.50607325172224,12.93806169667009,26.911975263801036,14.878828384915288,87.74854242366067
3.531135494023907,25.11692675484013,37.5821219007941,80.3133088936246,55.838447757022195,6.576922027077158
74.57337827312321,84.42123252861431,9.914611227762393,4.414556208745546,91.73489015067489,77.9753158157894
20.24805601652374,48.40205725094041,62.29540441833817,99.20921870288201,39.14797303340157,44.26772051482766
95.80734801193802,51.40954425512597,44.68741952004389,13.035167971479177,84.49503772726041,253.2075504823587
36.79407513020845,30.8468281489484,77.79849715709368,79.60685253969373,0.024087451786647396,175.1513807190007
32.69316163380791,57.30422006190157,22.047048099936983,39.47753167716829,16.851464345918423,-4.17973423343879
14.888805033244468,32.52111962762113,16.45660584293349,49.221618328746686,3.042353965408562,2.2597598664753
30.560421549021488,3.926941424165231,40.63322309637678,88.06505774645778,32.814718051506865,139.14511910287297
87.66507618282006,27.199860534435604,92.65853832183811,41.291118958921324,90.81895956965027,340.56374197939493
99.63343376272474,0.6379043406590679,71.04218150124117,53.74937536732345,9.695212359898775,408.03989138131135
36.83095305068483,97.83547870568566,41.89236247929187,4.929966240916994,60.64097767438004,-11.13269747615306
44.861063095454256,96.57472098197475,51.727216975431055,0.23474738674531537,45.14959391194442,17.6917856332683
72.2070938202737,39.5155297472305,8.421301117709834,24.47998730017259,93.84682123658125,152.27703791852502
88.61957804650746,72.8370854339646,98.4575896376113,68.05830929187672,12.251914253709383,269.01403525860263
59.304433418678414,34.580609841042495,66.6407304694919,12.126489335913671,21.202785050222893,208.73121134175227
39.15256981778293,67.1093157085976,28.540406846342247,11.376195880454942,2.9541968611493274,15.156261928545891
41.262184084862376,80.54300430459791,58.58083942152443,41.096060803590326,43.393524963137374,61.65624879490686
69.56181464968068,94.67562446922408,10.948236606899398,64.78370386082265,27.783289956465428,38.70850360253136
0.32182636042786816,40.0212275849672,96.58366688075836,71.20719922479304,86.99059338903209,69.74733913251252
61.95893374598407,78.32979829560477,17.478498788336594,17.84506740983748,60.4940813197755,47.369856538991726
35.54930104413574,26.59284506321188,64.80303180552141,7.958814737204245,61.409073797570166,146.07455673437315
79.41973312770843,99.03323037936484,24.545446253893044,94.03970339455442,53.19106968813024,75.24956602812739
9.299063982313216,2.5769598764351143,71.75613826485358,26.066638256210172,9.1850337229201,115.03623265686127
58.82022669483905,60.3528806501121,77.68213672402811,85.33464976087238,44.501868372535526,155.39778061835835
48.09728898861238,65.95059816513272,67.34197289114327,86.34914504628183,99.95051897085165,107.39615066590093
64.23255259052274,68.80455570741289,61.44994602551925,77.25225917625444,83.52292908460149,152.48867305944523
6.485359448296835,12.038757878908902,89.24690939520117,16.88336066525701,89.34590541671159,122.71755278057506
57.99837874281313,93.85297834731304,7.862671098975804,82.18014592542004,82.32263592464994,-12.104865793630132
56.14845879595237,18.11832790500828,33.09147657801952,76.92505592415867,10.304169343098268,173.69907891249312
56.06600944161709,62.27534032398411,24.828747963084595,59.67229901062171,22.74482540647996,76.33704539005682
60.34876665964548,22.267607912308495,98.80139620654217,33.720203516895275,0.3121651356409627,281.1745888359317
67.64679372263622,30.72164170212709,38.93897796668735,26.25086042665441,30.351012487811147,221.56077923575106
80.49889996807697,54.645854172812435,73.26126992403988,12.188921208035897,10.860740234649258,252.64310272953907
26.982072012821433,41.719341856457646,68.47251638810046,50.975706690087144,47.2793345301583,110.46404803051696
82.5049410180062,16.02256009765063,21.208123747737773,58.52608755098465,67.7127488573902,258.9676921230578
49.82556822634536,17.093640242084827,23.899768021155133,35.93389905157872,87.4505295038077,141.15086753325863
7.705827913433117,41.814478816279966,28.12845635530341,47.53590676808685,74.92171650908982,-30.54243550917786
5.85509292439792,75.72829782755008,41.112727825937924,36.35144573692667,93.85855957785051,-83.29092805834007
33.42383186960608,89.79646468477885,23.43250656505268,64.10060573207012,5.3898290393788795,-30.827612579782066
78.48969771114676,8.412766225938284,1.9651482746847804,90.12592077965633,1.217983541654144,216.11936520476596
70.76809347409157,39.310390755940105,87.93930568071954,16.39202620469449,66.13381138362126,253.07889560908094
78.86149646724064,10.024556372287662,96.5609831380884,38.14088099031234,28.935241022224623,357.0668893620811
51.72690564416094,1.6592480632597884,34.15703870315679,14.08686039508613,25.350101610577312,200.71172354355215
44.01989979554906,66.17186826439566,33.85068794254729,62.4943770407832,33.08870876937943,53.17612750862241
14.745252670628394,60.24494419665878,0.7091812774370987,72.88705094885958,26.979605789236416,-72.6808482581563
32.81927536093116,16.301911381488623,68.02506883303741,93.19127325974559,51.14364063015873,159.60980093063728
43.40193661738753,23.38128330930641,82.54398957486288,27.887192626096493,44.01484472241325,214.1157915209812
8.860042967961723,2.370775364451838,14.660830036000316,95.02112058654302,51.242855137665636,37.437887891480386
22.061195271121125,83.49472056944037,15.966634936715074,6.32626718206748,67.27136115004362,-78.4186662874952
59.82252940637388,97.46905960485515,79.00832499714377,60.30138633645882,38.71305089711483,109.90969721016056
73.56631142391899,13.545953679469081,61.629074835414464,5.713271934332997,25.13076871421568,279.63242512649714
99.83475113929497,23.147521376529813,4.486055762771701,89.37741877619449,16.62005368087455,254.24478007317148
93.31133313435576,86.8409523946934,62.25469904622817,52.98090570700541,34.94741195326255,205.55082367995405
64.25651995351916,92.64637979561849,30.891772284376607,66.93483507627961,74.1806475246172,45.23712692983523
42.1248053294072,41.96273828068103,36.872515547084596,83.15739259104525,75.67049101114695,93.90979251144574
63.617736470823274,5.062247226907413,76.97314182968802,15.031062248396875,66.69053866842103,301.7458494836159
78.56516180802319,3.93918336928194,81.09351926726106,3.8591561938133845,23.402817530687457,369.99832200075707
11.833619092338733,57.39498660690104,40.03566268398306,87.88811459128522,58.80862458546977,-13.18157686318383
40.99048896962883,39.2895108893179,94.71529360063548,31.49332274589325,57.0689661576848,191.19178316110398
83.98022856356172,2.8652427577654516,40.64627179520722,12.897890792716527,48.42661981097255,312.4876237046924
38.3832951933044,58.32523923125568,77.18360352301099,46.84612370870865,54.997898638386424,103.54290966124782
57.18722712271865,1.1302536589022472,48.38772645642591,59.83060756960188,49.17906326236681,243.03873112178943
58.77693608621982,78.73719581492729,89.7532326522084,3.0970603422510123,56.54563660741082,153.18860072375347
18.447625313363936,30.643282270337156,90.77612436501786,27.489565825708773,71.55059546211288,133.43634335067188
36.22354416522884,4.02580030092321,8.741680787108386,3.2799874276896013,10.962819440343974,114.89663359926138
33.451128874193216,58.835222098315334,93.64933313102257,42.0335389195499,74.96257521490237,126.95393889665397
2.6196708532064794,39.76844144330547,82.55348415204156,89.51000290662444,13.58861501275942,49.03768395207883
2.4191763891355245,97.38004133571495,79.13107143126669,98.26524114935692,6.6627998410374705,-68.21985718340537
83.16970436757735,54.41986625037022,20.091133968552242,63.70475535036275,97.60796862214676,158.52779589425006
27.30708099728124,27.52391810370083,80.51192087546649,16.16376937845918,95.69917688704415,144.44221531761266
51.80787662388154,70.94388646339748,85.01327346850368,90.58493899993057,6.043654494056405,154.96410262937164
29.872557358877305,27.149200254271133,28.915033445415094,51.62478232000605,44.32534414749622,81.87990513249486
94.06792451153404,90.42432914075651,95.22600783623237,15.374931210291809,18.624493829977474,243.9849166336069
25.929675886577375,37.47219705073764,4.986014639916425,92.17266694516614,48.53448971344181,29.28488828067495
42.96568127389351,54.98685627762052,14.990925324713967,75.7469050723103,83.01772429995874,27.80136947049966
87.27302504846018,5.0573103824228856,53.75811380515143,73.17052727231516,95.06117747428902,321.24706953379973
84.19335667918087,42.61212379522308,57.579247112230966,70.91807037944046,63.42526534515373,270.85180722820564
18.610141784627732,83.2363539660995,64.51500833009034,20.03398210964423,35.390566721181706,-13.410160722690946
80.26433097957104,80.56488053633419,1.6969129315466458,21.100669170752607,60.332556564459836,79.78277090046679
45.81868867378927,22.431855885352626,96.03667746221302,68.8292998427255,31.200130610845033,224.65532719302564
48.29688720853552,22.60790710105627,4.458809273414399,21.972275011039688,90.98236408320604,110.84002399756577
13.347997241594378,81.73053122132367,14.306195272340238,43.86716968030488,87.04004631058369,-96.51317911407925
8.060151375712465,93.03984201693255,1.401451752605698,78.20018255939414,55.8231750279661,-170.74199588616813
72.79393069737652,9.536092127300355,56.685843329409465,78.3952518097841,32.47989153803606,282.93561697613876
49.646115235529976,45.005863942622526,93.22668839209723,45.326177252585964,29.338967558297835,195.41149208916005
43.68507026151796,33.745427896422896,66.59471660804643,79.21899382752451,3.341799470505946,166.01620136796544
72.95082286523967,87.06884554574394,82.26574684804274,83.86217961980567,81.58208510252952,156.9208953540888
76.55128989911097,8.352491468001876,1.3281203458580082,65.47757512842603,45.038321303900794,227.46054182524776
15.890816766935355,21.112594255803742,54.20152984797261,22.842585230842015,32.513292840026445,95.90779437713353
61.02251494776413,75.24683375864943,45.95629775055219,27.401178038554754,47.11103549977539,97.87656836449365
13.535408227768553,5.129384898121558,49.8967944220793,31.484115540873535,81.8737990454652,103.02845940379778
75.13750860290457,49.25353807142893,7.221318533518795,11.6804107733952,12.461420770752119,136.3732059633579
65.69551562671396,44.210703467972,68.44353610693075,27.315962036994513,85.76559882418273,203.54735857452897
95.6614621083458,33.44011789887487,50.322041485863444,20.951922431253212,89.7508835108354,291.1529185737325
6.895801635642118,39.457231531892376,76.51488498612639,45.532874980860214,94.67079150338881,53.8425656455851
5.705472115125431,52.99405869302329,48.52906340617154,90.84375478722649,39.74879924226278,0.05057777565830435
28.218707469320016,16.136735838838312,14.938163622643208,10.448031675395807,21.714040403767186,84.2560792475526
